:020000040000FA
:1000000000A0002081D801001BEB03006DD8010087
:100010006DD801006DD801006DD80100000000000E
:1000200000000000000000000000000059DA01009C
:100030006DD801000000000025DA01006DD8010034
:1000400031DC01003D2E040031DC010031DC010017
:1000500031DC010031DC010031DC010031DC010068
:100060000D2E040031DC010031DC0100272E0400DC
:1000700031DC010031DC010031DC010031DC010048
:1000800031DC010031DC010031DC010031DC010038
:1000900031DC010031DC010031DC010031DC010028
:1000A00031DC010031DC010031DC010031DC010018
:1000B00031DC010031DC010031DC010031DC010008
:1000C00031DC010031DC010031DC010031DC0100F8
:1000D00031DC010031DC010031DC010031DC0100E8
:1000E00031DC010031DC010031DC010031DC0100D8
:1000F00031DC010031DC010031DC010031DC0100C8
:100100002DE9F00791E8F807B2E802105B1854EB0C
:100110000C04B2E802104D4156EB0C06B2E8021096
:100120004F4158EB0C08B2E8021059EB01095AEBA9
:100130000C0A80E8F80780410130BDE8F0077047FD
:100140002DE9F00791E8F807B2E802105B1A74EBAA
:100150000C04B2E802108D4176EB0C06B2E80210F6
:100160008F4178EB0C08B2E8021079EB01097AEBC9
:100170000C0A80E8F80780414042BDE8F00770476C
:100180002DE9F007524290E87800B1E88007174067
:10019000DB1918EA020854EB080419EA020955EBC6
:1001A00009051AEA020A56EB0A0678C090E87800B8
:1001B000B1E8800717407B4118EA020854EB0804B5
:1001C00019EA020955EB09051AEA020A56EB0A0672
:1001D00078C080410130BDE8F00770472DE9F00795
:1001E000524290E87800B1E880071740DB1B18EA1C
:1001F000020874EB080419EA020975EB09051AEA0A
:10020000020A76EB0A0678C090E87800B1E8800729
:100210001740BB4118EA020874EB080419EA020906
:1002200075EB09051AEA020A76EB0A0678C08041E6
:100230004042BDE8F00770472DE9F00152424FF00F
:10024000040890E8300091E8C000A31B1340E41AB2
:10025000F618EB1B1340ED1AFF1830C0C0C1B8F1FF
:100260000108EED1BDE8F001704700BF00B592E88B
:10027000DC072DE9DC07B1E8805702B4A7FB025187
:100280000A95A8FB020BE7FB6310E9FB62B00B9138
:10029000A8FB0351EAFB6201E7FB64B5E7FB6605D7
:1002A000E8FB6615CDF830B0A9FB03B6EAFB631690
:1002B000ECFB6356E8FB640BE9FB641BEAFB645B45
:1002C000ECFB646B0D90ACFB0230059CEEFB6250C6
:1002D000E9FB6460EAFB64B0E7FB6431E8FB64516E
:1002E000069CE8FB6461E9FB64B1EAFB64010E93E0
:1002F000A7FB0432079CE7FB6462E8FB64B2E9FBFE
:100300006402EAFB6412049CE9FB6453EAFB646345
:10031000089CE7FB64B3E8FB6403E9FB6413EAFBB6
:1003200064230F955DF8049B99E80006DDF80080D2
:10033000A9FB0854EAFB68B4DDF81080ECFB680404
:10034000EEFB6814E9FB6824EAFB6834DDF80480FE
:10035000EEFB6865E9FB68B5EAFB6805DDF814802B
:10036000ECFB6815EEFB6825E9FB6835EAFB6845A0
:100370000F96DDF80880AEFB0876E9FB6806EAFB1D
:100380006816DDF81880ECFB6826EEFB6836E9FBA2
:100390006846EAFB6856DDF80C80ECFB68B7EEFBBC
:1003A0006807E9FB6817EAFB6827DDF81C80ECFBAF
:1003B0006837EEFB6847E9FB6857EAFB686708B0F7
:1003C00000BD00BF2DE9F14F87B0FFF74FFFDDF80B
:1003D0001C8008F1200888E8FF00FFBC87E87F0840
:1003E000BDE8F08F00B591E89857A3FB0352019543
:1003F000A3FB0401E3FB6420E3FB67100292A3FB71
:100400000752E3FB6802E4FB6415E3FB6805E3FBCA
:1004100069250391A4FB07B6E3FB6926E3FB6A5653
:10042000E4FB670BE4FB682BE3FB6A5BE3FB6C6BB1
:100430000490A4FB0810E4FB6950E3FB6C60E3FB51
:100440006EB0E7FB6721E4FB6951E4FB6A61E3FB03
:100450006EB1E4FB6E010592A7FB0832E4FB6A6211
:10046000E4FB6CB2E4FB6E02E7FB6E12E7FB685341
:10047000E7FB6963E4FB6CB3E7FB6C03E7FB6E131C
:10048000E8FB6E230695A7FB0954E7FB6AB4E7FB7C
:100490006C04E8FB6C14E8FB6E24E9FB6E34E8FBAB
:1004A0006865E7FB6AB5E8FB6A05E8FB6C15E9FBE4
:1004B0006C25E9FB6E35EAFB6E450796A8FB0976CD
:1004C000E8FB6A06E9FB6A16E9FB6C26EAFB6C3678
:1004D000EAFB6E46ECFB6E56E8FB69B7E9FB690781
:1004E000E9FB6A17EAFB6A27EAFB6C37ECFB6C470F
:1004F000ECFB6E57EEFB6E6700BD00BF2DE9F14FC0
:1005000087B0FFF76FFFDDF81C8008F1200888E84E
:10051000FF00FFBC87E87F08BDE8F08F30B44FF0E4
:10052000000310F8014B11F8015B013A84EA05045D
:1005300043EA0403F5D1A3F101034FEAD37030BCC1
:10054000704700BF4FF0000310F8012B013943EA58
:100550000203F9D1A3F101034FEAD370704700BF42
:1005600030B411F8014B12F8015B6C4000F8014BFC
:10057000013BF6D130BC70472DE9F00791E8F80750
:10058000B2E802105B1854EB0C04B2E802104D41C3
:1005900056EB0C06B2E802104F4158EB0C08B2E8DB
:1005A000021059EB01095AEB0C0A8941B3F1FF33F0
:1005B00074F1FF3475F1FF3576F1000677F100072D
:1005C00078F1000879F101097AF1FF3A51F100015F
:1005D0005B184C414D4156F1000657F1000758F1A8
:1005E000000859EBD1795AEB010A80E8F807BDE819
:1005F000F00770472DE9F00791E8F807B2E802101C
:100600005B1A74EB0C04B2E802108D4176EB0C0619
:10061000B2E802108F4178EB0C08B2E8021079EBD7
:1006200001097AEB0C0A89415B184C414D4156F1A6
:10063000000657F1000758F1000859EBD1795AEB41
:10064000010A80E8F807BDE8F007704718EB0408D6
:1006500059EB05095AEB060A5BEB070B5FF0000C40
:100660004CF1000C18EB050859EB06095AEB070A88
:100670005BEB070B50EB0C005FF0000C51EB0C0137
:1006800052EB0C0263414CF1000CB8EB070879F116
:1006900000097AF1000A7BEB040BA841B141A241A9
:1006A000B3416CF1000CBBEB050BB041B941AA4161
:1006B000BB416CF1000C4CF001068CF0020718EB0A
:1006C000060859EB6C095AEB6C0A7BEB6C0B70EB70
:1006D0006C0471EB6C0572EB670653EB6C076CEB0B
:1006E0006C0C18EB0C0059EB0C015AEB0C025BF193
:1006F000000354F1000455F1000556EBDC7657EB8E
:100700000C0770472DE9F14F87B0FFF7AFFDDDF81B
:100710001080DDF81490DDF818A0FFF797FFBDE812
:10072000000FFFF793FF03B05DF8048B88E8FF002C
:10073000BDE8F08F2DE9F14F87B0FFF753FEDDF8EC
:100740001080DDF81490DDF818A0FFF77FFFBDE8FA
:10075000000FFFF77BFF03B05DF8048B88E8FF0014
:10076000BDE8F08F074B1B78002B4FF00003836030
:100770000360054B436014BF02220122FF23C271B4
:1007800003727047801C002048010800064B074A8E
:10079000DB7802604FF442728280C371082200232A
:1007A00082710372704700BF801C002079930100A2
:1007B000064B074A1B7902604FF4B8728280C371FE
:1007C0000822FF2382710372704700BF801C002043
:1007D000CB8E01002DE9F341C41D002824F007044D
:1007E000064614BF2046002000F0F6FC071E04DA7F
:1007F0006FF00B0002B0BDE8F0810EB9FC42F7D4F7
:10080000354D297AE879AB7A6A7A0331033015F0ED
:1008100044FA0028ECDBA978EB783C440334002E42
:10082000194424F0030400FB01F114BF204600200A
:1008300000F068FE20440EB90028D9DB2B7904466D
:10084000B3B1697C19446B791944FF29D0DC0330BA
:10085000002E20F0030414BF20460020AA89C9B24C
:1008600000F0C0FE0028C3DB04440EB9002CBFDB3F
:10087000012000F0A7FCC8B1E97AB9B195F8283099
:100880000734002B15BF402325234FF48172282203
:1008900024F00704002E14BF2046002006F02CF898
:1008A0000028A5DB04440EB9002CA1DBAB7BE3B12F
:1008B0002B799BB10734002E24F0070414BF204687
:1008C0000020A97B0BF0E0F9002891DB044466B915
:1008D000002C0ADA8CE700BF801C0020012000F009
:1008E00071FC10B1EB7A002BE4D1714B1B6893B112
:1008F000A97981B10334002E24F0030414BF2046EB
:100900000020EA7B98470028FFF672AF044416B92E
:10091000002CFFF66DAF674B1B688BB1297C79B15A
:100920000334002E24F0030414BF2046002098470F
:100930000028FFF65DAF044416B9002CFFF658AF4F
:100940005D4B1F68AFB1697C99B10334002E2B7DDC
:10095000009324F0030414BF20460020EB7CAA7C03
:10096000B8470028FFF644AF044416B9002CFFF640
:100970003FAF072000F026FC98B1A97989B1033474
:10098000002E24F0030414BF20460020AA7D00F0AE
:1009900017FF0028FFF62CAF044416B9002CFFF611
:1009A00027AF95F82100B6FA86F77F09A0B1EB7E54
:1009B000297E033424F00704194444F004043B4620
:1009C0002246C9B200F03EFF0028FFF611AF0444F2
:1009D00016B9002CFFF60CAF95F82210002957D05D
:1009E0000734002E24F0070814BF40460020AA8CCC
:1009F00015F068F9041EFFF6FBAE444416B9002C4E
:100A0000FFF6F6AE1EB1A98C404610F02BFB297FF5
:100A100000293FD095F82030002B3BD0EA8B0734DB
:100A2000002E24F0070802F1240214BF40460020E3
:100A300092B215F047F9041EFFF6DAAE444416B937
:100A4000002CFFF6D5AEAB7E297E95F8200003344E
:100A500024F00704194444F004043B462246C9B27A
:100A600000F0E2FE0028FFF6C3AE044416B9002CE5
:100A7000FFF6BEAE36B1EA8B297F083292B240460D
:100A800010F0F6FAEB6A5BB176B1EC620020B1E6E9
:100A90008846B7E7002EF5D0002211461046EFE752
:100AA000002EF3D12046A5E62834FBD5A0E600BFF2
:100AB0001C05002024050020200500201FB572B66B
:100AC000184B1D6BE5B9BFF34F8F1749174BCA6819
:100AD00002F4E0621343CB60BFF34F8F00BFFDE72A
:100AE000B2FBF6F2DCB20133002AF9D104F11003B3
:100AF0006B4403F80C2C0A2234B901A8A847E2E79A
:100B0000024600230A26EDE7631E04AEDCB256FA65
:100B100083F3B0FBF2F602FB1600303003F80C0C46
:100B20003046E9E7801C002000ED00E00400FA05F3
:100B300013B5114CA37A8DF80130637A8DF800302B
:100B4000237AADF804306846E379ADF8023009F055
:100B50005BF918B1D9210320FFF7B0FF207D09F020
:100B6000AFF908B1DC21F6E7E07C09F0A3F908B1A0
:100B7000DD21F0E702B010BD801C002038B505462D
:100B800000283ED013F01CFD10B94FF0FF3038BDE7
:100B900018F03DFDB0F5FA7FF7D81C4C1C482563D2
:100BA000002500F089FA26222946A01C84F834503A
:100BB000257084F82850E56214F01AF91B22E271BE
:100BC00040F21B3240F20113228140F20232638074
:100BD000628101231F222371A281A3754FF4027247
:100BE000F723E281E38344F60112FB236282A384AC
:100BF000EFF3108472B600F035FE2CB962B62046D1
:100C0000C5E76FF01500C2E72846C0E7801C00204A
:100C1000310B000038B51446002840F0B3805B4D1E
:100C200095F83430032B00F0AA80B1B112B96FF0FF
:100C3000150038BD0139142900F2A480DFE801F065
:100C40000B1C1F2F59627F356568793B414F5485D6
:100C50008896999C8E001378AB700020FFF7BAFD40
:100C60000028B7BF0123022385F834306FF00B0052
:100C7000A8BF85F83430DCE71378EB70EDE79378A4
:100C8000002BD4D0D378002BD1D013781A2BCED907
:100C900053781A2BCBD91368C5F80730DDE71378E2
:100CA0006A799342C3D32B71D7E713782A79934299
:100CB000BDD86B71D1E713782A799342B7D86B749A
:100CC000CBE71378002BB2D05378013BDBB2F82B83
:100CD000ADD813886B822E4B92789A70BDE710784E
:100CE00068750EF01FFAB8E71378002B9FD0AB752C
:100CF000B3E7012000F066FA237808B1012B96D9FA
:100D0000EB72AAE71388AB81A7E71378AB71A4E76E
:100D1000072000F057FA10B92378012B87D9072054
:100D200000F050FA10B12378002B80D02378EB73B9
:100D300093E71378082B3FF67AAF2B748DE713886F
:100D4000FF2B3FF674AFAB7387E71378EB7584E73F
:100D500013780E2B3FF66BAF2B767EE723680D4A98
:100D6000EB61636853602389138176E713786B76B0
:100D700073E71378EB7670E71378AB766DE74FF097
:100D8000FF3056E76FF02C0053E700BF801C0020B7
:100D9000921C00209C1C0020F8B50D46064630B37E
:100DA00029B311F0070422D1124F97F83430012BE8
:100DB00002D16FF00B00F8BD032B02D14FF0FF30D2
:100DC000F9E700F0B5F80028F8D02846FFF702FD53
:100DD0000028EEDB18F08AFB3046F96A09F016F9B4
:100DE000FFF7A6FE032387F834302046E3E76FF0D1
:100DF0001500E0E7801C002010B5074C94F8343053
:100E0000032B03D109F01EF90AF070F815F0A2F8CF
:100E1000002084F8340010BD801C002050B1074B26
:100E200003F1140253F8041B40F8041B9342F9D158
:100E3000002070476FF01500704700BF51B80400E4
:100E400010B5074B93F834403CB909F095F80320EE
:100E5000044900F0AFF9204610BD4FF0FF30FBE72A
:100E6000801C0020B107000010B5074B93F83440F8
:100E70003CB909F095F80220044900F09BF920469E
:100E800010BD4FF0FF30FBE7801C00208D070000F5
:100E900038B5094D95F8344054B909F0A3F801204C
:100EA000064900F087F9012385F82830204638BD2F
:100EB0004FF0FF30FBE700BF801C002065070000FB
:100EC00010B5054B93F834401CB909F007F82046DB
:100ED00010BD4FF0FF30FBE7801C002010B5054B24
:100EE00093F834401CB916F011F8204610BD4FF0AD
:100EF000FF30FBE7801C002010B5054B93F8344011
:100F00001CB916F006F8204610BD4FF0FF30FBE785
:100F1000801C0020024B02681A600020704700BF4E
:100F2000B81C0020014B1B68184700BFB81C0020EC
:100F3000024B1868003818BF01207047B81C002009
:100F4000F7B52E4E0446071D2C48376009F0E6FF22
:100F50000228054606D12949204614F014F82846EF
:100F600003B0F0BD042842D13378092B0AD0252BD9
:100F70001ED03146204614F06BF8B0F5817F2DD39A
:100F8000722112E005213E2013F0D0FF0028F0D19D
:100F9000F378327901A943EA02236846ADF80030BC
:100FA00014F04BFC0028CFD053210820FFF786FD1A
:100FB0001A213E2013F0BAFF0028DAD17368C3F378
:100FC0000F23ADF804306946112301A88DF80630CF
:100FD00014F05BFC0028B7D06521E6E70028B3D009
:100FE000A178207813F0A2FF0028B8D1ACE7082838
:100FF000B5D10249204613F0F5FFB0E7BC1C002034
:10100000074B4FF0FF3141F6FF72C3E9001205496B
:101010000022C1E900221F21C3E90212704700BF6C
:10102000C0040020C01D00203F280CD801380B4B05
:10103000C0F3421200F01F0053F8223023FA00F0F0
:1010400000F001007047FF2806D04038C0F342127C
:10105000034B00F01F00EFE701207047C0040020A1
:10106000C01D00200146074B006849681A4603C2AC
:1010700040F48C221A6041F0107242F4FF625A6010
:10108000704700BFC00400200246024B0068516850
:1010900003C37047C80400200138064BC0F3421256
:1010A00003EB820300F01F009B6823FA00F000F0BE
:1010B00001007047C0040020014B1860704700BF5A
:1010C000C81D002010B5FFF79BFF15F0CEF9034BAC
:1010D0001B68044603B19847204610BDC81D002078
:1010E0000B880288F0B5C3F30E049EB204F114031A
:1010F000C57CC35A02352A442B4497B213FA82F3B3
:10110000013B4288B3FBF7F313FB07439BB29A42C0
:10111000044A93BF22EA0603324013439BB20B807A
:10112000F0BD00BF0080FFFF4A1E062A08B5034637
:10113000084604D84FF4D1711520FFF7BFFC094AC7
:10114000914202D940F2A311F6E711B903B1196037
:1011500008BD2BB11B680022C3E901211A1D1A60CA
:101160000430F5E7FAFFFF7F10B5114B00EB4104A7
:101170001A786389B3FBF2F303FB0223013A1A44A2
:10118000B2F5706F027928BF00231A448378B2FB4E
:10119000F3F0194403FB1020091AB1FBF3F003FB31
:1011A000101313446FEA43436FEA5343638110BD46
:1011B000CC1D0020024B03EB80035960704700BF39
:1011C000CC1D0020034B03EB80035868003818BF88
:1011D00001207047CC1D00202DE9F04F10F0070AC8
:1011E00085B0054604D040F261111720FFF766FC78
:1011F000554F07F14006B1460446B0464FF0010B8B
:1012000057F8043B8DF80BA03BB101A898479DF817
:101210000A30082B01D9E821E7E79DF80B1081BBC4
:1012200005B13160B94506F10406E9D12DB3DFF807
:101230001CE100238EF800301E460F2258F82200D1
:10124000013A60B190F804A08178BAF1FF0F66D13D
:101250004FF000078E4207713CBFCEB20123511CF4
:10126000ECD10BB18EF800600F2640F6FF6A58F8FB
:101270002670002F65D1013EF9D2601B05B0BDE894
:10128000F08F9DF80AC0BCF1020FE64601F105029D
:1012900038BF4FF0020E0EF1FF3004EB420404445D
:1012A000CEF100002040BDF808406444013CCCF180
:1012B000000C04EA0C04B4F5803F4FEA420301D36A
:1012C000F82192E775B1C31A336099701C8083F8D6
:1012D00003B09DF80C201A71019A1A814FEA124C42
:1012E000A3F806C004FB01049CE758F82C90B9F160
:1012F000000F06D099F804B0D34504BF99F80290C6
:101300004F440CF1FF3CBCF1000FEEDA3944FF29E9
:10131000A0D90BB18EF8006040F2271165E7944622
:101320000027F0E707EB41033846A3F80AA0FFF7D0
:101330001BFF09F10109BB785FFA89F18B42F1D8F3
:1013400099E74FF00009F6E7D01D0020CC1D0020E2
:10135000034B03EB8003586C00B18078704700BFEB
:10136000CC1D0020F8B54FF6FF730380184B03EB3C
:1013700081030546586CB8B186780379B3FBF6F261
:1013800006FB1233DBB219460A1D00EB4202B2F92A
:1013900002705488002F09DB0131B1FBF6F206FB25
:1013A0001211C9B28B42EFD10020F8BDFF29FBD04A
:1013B000C4F30E03C4782B8024B94FF4D5711720E1
:1013C000FFF77CFB5380BDE8F84014F045BC00BF3C
:1013D000CC1D00201D4B03EB810370B55C6C0546F2
:1013E00044B3030404D54FF4DC711720FFF766FB08
:1013F0000146204614F012FCFF28014604D0204686
:10140000BDE8704014F028BCA078B5FBF0F300FBF9
:101410001353DBB219460A1D04EB4206B6F902600B
:10142000002E09DB0131B1FBF0F200FB1211C9B251
:101430008B42F0D1002070BDFF29FBD08B4204EB22
:1014400042021CBF0023E3705580D8E7CC1D00206A
:10145000094B03EB810310B55C6C0146204614F088
:10146000DDFBFF28014604D02046BDE8104014F003
:10147000F3BB002010BD00BFCC1D0020F8B5104B01
:1014800003EB810307465C6C0146204614F0C6FB63
:10149000FF28054611D0E688238953EA064606D080
:1014A0000146204614F0D8FB01463846B047204696
:1014B0002946FFF759FE0020F8BD0520FCE700BFD4
:1014C000CC1D002038B50E4B827903EB8203044615
:1014D000586C08B9052038BD8278E1799142F9D27B
:1014E0004B1CE37100EB41035D89B3F90A30002B1B
:1014F000F3DBA58014F0B0FB20600020EBE700BF19
:10150000CC1D002070B5044610F003000E4603D039
:101510004F211820FFF7D2FAFFF706FE054624B147
:10152000034831460460FFF7FFFD284670BD00BF49
:10153000501E00202DE9F14FDFF870B09DF828A073
:101540009DF82C901E46DBF8003007460D4690466D
:101550001BB961211820FFF7B1FA52460921404614
:1015600014F0E2F94A4684B20921304614F0DCF95D
:1015700014FA80F1DBF8000014F025FB386018B98C
:10158000286001B0BDE8F08F04442C6038685346F1
:101590004146092214F081F928684B460922314658
:1015A00001B0BDE8F04F14F078B900BF501E002024
:1015B00070B50E46044614F0CAF90546304614F0DC
:1015C000C6F9044B2A1821461868BDE8704014F08B
:1015D0001EBB00BF501E0020014B186814F0E7BA74
:1015E000501E00201F2AF8B5044613460ED892005C
:1015F000033222F00303B3F5803F2DD2184DACB176
:10160000A00710D05F210920FFF758FAFF2B4FEAFF
:10161000420204D9FF339A42A8BF1A46E8E77C2A5F
:10162000B8BF7C22E4E729706C602B8122F00302B2
:1016300001EB81031204D80001276B68120C00250E
:10164000EEB28E4200D3F8BD14B126181F705E6052
:10165000104401352833F3E74FF0FF30F3E700BFC4
:10166000541E002038B5144A147853680021C8B2BB
:10167000844203D8AB210920FFF720FA1846013134
:1016800005782833002DF2D00021817001241289C1
:10169000447044688161C161920800F12001051D18
:1016A00021F8022B994245F8044B1444F8D1002349
:1016B0004361037038BD00BF541E00200A4B1B89D4
:1016C000B3F5FF7F4FEA930006D25A089B1A9BB2EC
:1016D000984238BF18467047B3F5EE6F01D8FF2225
:1016E000F4E740F27263F3E7541E00202DE9F8435B
:1016F0004B7880460C4602F0040602F0FB07D3B19B
:10170000DFB12E4BD4F804901D89B7BB0123637061
:10171000AD08A761E76104F120034A46211D04F1E9
:10172000280023F8025B984241F8042B2A44F8D1A0
:101730000023636101E0002FE3D0FF23A370002E9C
:1017400018BF0226A3191B7D032B03D1022F1CBF38
:101750000136F6B2A31901221A7506F10C0204EB48
:101760008606002324F812307268A370C8F800209F
:10177000A8F804304046BDE8F883002114226170C7
:10178000A01813F035FBB5F5FF7F0FD26B08ED1AEB
:10179000ADB209EB0502C4F804902584A26063840D
:1017A000C4F80C90A5842261E384C6E7B5F5EE6F1A
:1017B0004FF0FF03EBD940F27265EAE7541E0020B8
:1017C0002DE9F84305460C46F7200521914614F013
:1017D000ABF8061E22DB1DB914FB06F0BDE8F8834A
:1017E00015F0030703D098211920FFF767F9DFF8F8
:1017F0003480C8F81050A8F81460A5B2BBB29D425E
:10180000EAD9B8F814C0D8F810004B4607FB0C0012
:101810000522F72114F041F80137EFE74FF0FF30D0
:10182000DCE700BF681E002007B5CDE900230B46AA
:1018300003490246081D14F067FB03B05DF804FB82
:10184000801E002013B5064CCDE900230B4602464E
:1018500004F1080104F10C0014F056FB02B010BDB5
:10186000801E0020134B012200214FF0FF309A60B0
:10187000C3F80012C3F80803C3F80015C3F8042521
:101880009A60C3F80803C3F80015C3F804250A4991
:101890000A4A03F580334FF40040C3F80825C1F825
:1018A0008000BFF34F8FBFF36F8FC1F88001C3F883
:1018B0000825704700F0004000E100E00000F63F1E
:1018C0008C46302300B50CF8033B054B8E4607CB06
:1018D000CEF80300CCF80410CCF808205DF804FB27
:1018E0009C1E002010B5154C0EF016FD0DF0BEFD2F
:1018F000636A608C00219847237E9BB9104B628CF1
:1019000093E803000AF04AFAE36A18880AF070F9CB
:10191000636B94F8301094F831009847002384F8F2
:10192000383010BD94E8070004F10C0383E8070089
:10193000044904F1190016F0A3FBDFE7901E002014
:10194000B81E0020C1180000034B93F8383003B9CB
:101950007047FFF7C7BF00BF901E002008B540F2D8
:101960002B410620FFF7AAF808B5094B93F8382059
:10197000022A07D1DA7A42F00102DA72BDE80840A1
:10198000FFF7B0BF40F253212720FFF797F800BFC1
:10199000901E002070B5364E96F8283005460BB1E3
:1019A000012825D001292AD8336C284698470446B7
:1019B00028B396F8303013BB96F8283013B31DBB0C
:1019C00096F84420D106C2F300152DD4F26C316D87
:1019D0001278C2F3001201B382F00104BBB1738F1D
:1019E0009A0715D5F36BDC78023C18BF012407E099
:1019F000738F1807D6D5F36BDB78022BD2D1012475
:101A0000204670BD012DDBD00024204670BD738FB1
:101A1000002BF4D1002DF3D0F6E7B6F854100029CE
:101A2000DAD0002BF3D0DAE7F16B0A7802F0030288
:101A3000032A02D1CA78022A18D0B06C14F01AF81E
:101A400048B9F36B1B7803F00303032B06D196F818
:101A500028300546BAE796F82830B7E708F02EFC9C
:101A600080F0010596F82830EDB2AFE70025ADE72C
:101A7000901E002070B5254CE56AE26C95F8A43004
:101A8000A265064694F85C000BB10430C0B295F82C
:101A90007D100EB9FF282FD00EF0E4F895F8A43091
:101AA00023B3206E0EF054FD94F82830216EA06D03
:101AB000003B18BF012384F88030D5E94223C4E9F4
:101AC0001E230DF077FC46B995F87D30033B012BC2
:101AD00094BF282000200EF0A9FD95F87C1000206E
:101AE0000EF00CFE022384F8383070BDA06D0EF0AD
:101AF0002FFD0DF0BBFCE6E795F87C208A42CFD0A5
:101B00000EF0B0F895F8A430CAE700BF901E002090
:101B10002DE9F0413B4C94F83830E56A012B82B056
:101B200069D15FFA83F895F8943006460F4673B191
:101B3000638F002143F00403638785F89410636A80
:101B40000420984794F828300BB185F89680E16B13
:101B50000B7803F00303032B2ED04B7843B30223FF
:101B600085F89A3095F8A430DBB1E36A93F87D10DC
:101B7000D5E94223C4E91E2394F8283094F85C2068
:101B80000139003BC9B218BF0123032984F8803012
:101B900036D81D4B00205B5C00901C4901200DF0E5
:101BA00091FB06B9E7B902B0BDE8F041FFF79ABE74
:101BB000012385F89A30D5E795F89A3063B9638F99
:101BC00043F0020363870220636A9847E16B0B7856
:101BD00003F00303032BC0D1032385F89A30C1E738
:101BE00031463046FFF7D6FE0028DCD102B0BDE812
:101BF000F041FFF73FBF40F2A4412720FEF75EFF10
:101C0000FFF7ACFE901E0020D03D0400F81E00201F
:101C100070B5814CE56A94F85C3095F8A42082B0E8
:101C200000218DF805100AB10433DBB295F87C1061
:101C300010B9FF2B00F0AF80FF200EF013F895F8DD
:101C40009A30032B00F2E380DFE803F0021C80707F
:101C500094F8C230ADF806307048A5F86C3008F042
:101C600007FB002840F09D80A06C0DF105020DF1EE
:101C7000060113F094FEE06320B195F8E130002BEB
:101C800000F0A7806648E06395F89B200378D200B7
:101C900002F0080203F0F303134395F89C2092002E
:101CA00002F00402134303F0EF0203F00303032BDB
:101CB000027002D1C378022B11D0A06C13F0DAFEAF
:101CC00048B9E06B027802F00303032B07D008F059
:101CD000F5FA002876D1E06B027842F0100202702B
:101CE00095F8A33013B14378002B41D10EF030FCAE
:101CF0000DF0BCFBE66B09F019FA20B1337803F064
:101D00000303032B61D095F87D1001200EF0F6FC43
:101D1000E36B444A18889978A4F84400012384F8B6
:101D2000C430917084F8383002B070BD3B4808F080
:101D30009FFA002861D0E06BC3781B2B14D10121DE
:101D400005F110000DF0C0FFE06B0DE0B5F86C3050
:101D5000A06CADF806300DF105020DF1060113F08F
:101D60001EFEE06300284DD0012384F8C3308BE7CA
:101D7000206E0EF0EDFB94F82860E16B206ED5E943
:101D80004023B6FA86F67609C4E91E2384F88060FB
:101D90000DF010FBAEE795F87D308B427FF44CAF31
:101DA0004DE7638FE16B626A43F480734FF4807098
:101DB00063879047E06B012185F89510C3781B2B52
:101DC000D2D1BDE7E06B027889E701200FF0EEFF8A
:101DD00099E79DF8053043B1BDF8061016F0F7F805
:101DE0000123E06B84F8C3304EE703808370E06B1F
:101DF000012115F0E1FFE06BEEE740F2FD21272025
:101E0000FEF75CFE40F2F3212720FEF757FE40F27A
:101E10000B312720FEF752FE901E0020CC1E002022
:101E2000201F0020D41E00202DE9F04FB84C94F85C
:101E30003830E66A87B00022022B049240F012820A
:101E4000638C884613F04001074606D1636A402040
:101E50009847638C43F040036384002F5CD096F86E
:101E6000A430002B40F05C81D4F858A09AF80130DF
:101E700099B2A4F85410002940F06A810023236528
:101E80009AF80050638C96F89B10C5F3800243F4D7
:101E900000739142638400F0F080D4F82C9099F89C
:101EA0009A20FAB1022A00F0B78194F82830002174
:101EB00089F89A1023B199F89630002B40F0A2814E
:101EC00099F89530002B40F07F8199F89B30D4F839
:101ED00058A0012B0CBF0023012389F89B309AF8EE
:101EE0000050638C96F89C10C5F3C00243F4006365
:101EF000914263844FF0000900F0C780002509F08B
:101F000015F9F0B19AF8003003F00303032B18D150
:101F100001200FF04BFF14E096F8A420002A40F0B7
:101F2000F38043F48063638496F87D3094F8CE2088
:101F3000033B0132012B84F8CE2040F2D4800025EF
:101F4000A94696F8A33003B394F8283096F87C108D
:101F5000F069B3FA83F35B0984F8803041F64B53A0
:101F6000984294BF042000200139D6E94023C9B229
:101F70000329C4E91E2300F27A81664B00225B5CD0
:101F800000926549FB220DF09DF9B8F1000F08D1D0
:101F900094F8CE100120FFF7FDFC8046002800F0E9
:101FA000DF800EF0E7FB4FF00108002D3BD1B9F1C7
:101FB000000F09D094F82830002B40F09A80B4F834
:101FC00009300133A4F80930002F4BD0B4F80530A4
:101FD00000220133A4F8053084F8CE204F4809F0E0
:101FE000F5FD049830B113F0C2FDE16A00220272DF
:101FF00008F0E4FF35B1E16A00232B720C22284679
:1020000008F0AAFFB8F1000F32D1638C1B0607D489
:10201000636A414680209847638C43F08003638461
:1020200007B0BDE8F08FA16D236D4D78002B00F057
:102030002081B4F854201846033212F061FE0DF1ED
:102040000E0205A9A065D4F8C80013F0A6FD0598F6
:1020500013F08DFD294601220546D4F8C80013F07F
:1020600053FDA4E7B4F807300133A4F80730B5E70F
:10207000FFF738FC07B0BDE8F08F96F89C10C5F369
:10208000C0029142B9467FF439AF05F00305032D34
:10209000D4F82CB06AD143F480536384638F012059
:1020A00043F00103514663878BF89400636A9847B5
:1020B000D4F858A000259BF89C30013B18BF0123A1
:1020C0008BF89C309AF80130002B3FF418AFDBF806
:1020D00008310133CBF80831DBF80C3143F1000350
:1020E000CBF80C310BE7012000250FF05FFEA9466D
:1020F00027E7B4F80530B4F80710B6F898200B437A
:1021000013433FF461AF5AE70DF022FA638C08E7FE
:10211000901E0020D03D0400F81E0020B81E0020B4
:102120000DF0DCF90DF0BEF9D4F858A09AF80130A2
:1021300000287FF49DAE002B61D09AF8002096F81D
:102140009C10C2F3C002914277D099B2A4F8541007
:10215000D4F8C80013F0AFFCD4F858A020658FE67F
:10216000FFF756FD002D3FF422AF5CE7002DA2D013
:102170009AF80150002D9ED043F4805363849BF85D
:10218000A4500DF003FD042894F8CC3006D1002DA6
:1021900014BF1B221F22934228BF1346D4F858A015
:1021A0009AF801209A424ED8256D002D3FF4A7AE33
:1021B00094F8CD30002B53D0636A0021202098473B
:1021C0000025D4F858A09AE6002589F8955008F023
:1021D0005FF8002852D0638F43F0080363872946D5
:1021E000636A08209847D9F800310133C9F80031F3
:1021F000D9F8043143F10003C9F8043165E6A4F8C5
:1022000054303BE6638F89F8961043F010036387E0
:102210001020636A984753E6A06C04A913F0E2FB10
:1022200088B3D9F800310133C9F80031D9F8043145
:1022300043F10003C9F8043137E6012384F8313053
:10224000FFF750FBECE694F83030012043F0100328
:1022500084F8303000250FF0A9FDD4F858A04EE6E0
:102260003D4628E74FF4A3612720FEF727FCFFF740
:1022700075FB40F295412720FEF720FC40F22541F6
:102280002720FEF71BFC40F20E412720FEF716FC2C
:1022900070B50D4B0D4C0E4A1A6094F838301BB1D6
:1022A000E1212720FEF70AFC03F0FF0206460D4657
:1022B000227609F06BFD012104F1900015F07CFD00
:1022C000E664256670BD00BF28050020901E002032
:1022D000C827000010B5074A92F8383013B10C2413
:1022E000204610BD03F0FF04147609F04FFD204690
:1022F00010BD00BF901E0020024B012283F8CD20AC
:10230000704700BF901E0020F0B5BF4C85B002ADF5
:1023100085E8030094F838000A9E002840F0BD814B
:10232000002A00F0BA81002B00F0B781002E00F0E7
:10233000B48100F0FF0184F8CD1084F8301084F8E7
:10234000CE1084F8311084F8C41084F8C31061876B
:10235000618495E80300236404F1280383E8030003
:10236000E56A626266630DF00FFD0DF07FF895F986
:1023700080000DF011FEA86B0EF0CEF8286A0DF06B
:1023800011FE95F8B4000DF017FE94F82860EA6984
:1023900041F64B53002E00F0C2809A4200F20D81AC
:1023A0004D200DF0D9FB01200DF036FFE36A93F8C4
:1023B00000327426002B40F00A8195F87D203146CA
:1023C00001200DF051FF914B18680EF0ABF8D5E9E4
:1023D0000523A264C4F8C83095F88B304BB9D5F802
:1023E000843033B1B5F8CE10B5F898208A4200F0A9
:1023F0000281D5F81411D5F81821D5F81C31844E76
:10240000D5F810010FC6D5F82031C4F88130E36A41
:10241000D5F82421C6F80D2093F89E20A2F12601BC
:10242000012940F28B8093F89F10262900F08680C6
:10243000213A012A40F20F81242900F0EF8093F81D
:102440007C60032E08BF042605F144073146384658
:1024500015F0D7FE314615F006F9B5F8503095F86D
:102460007D100246934228BF1346384684F8C23096
:1024700015F08DFE95F87D1095F8A470B5F85860AC
:10248000042908BF032115F0EEF80FB9043080B21B
:10249000B04228BF3046C6B284F8CC6008F046FE91
:1024A00010B12B2E38BF2B2694F8280084F85C60DE
:1024B00000285ED195F8A330DBB1012384F8803089
:1024C000D5E94023C4E91E23EA6941F64B539A42F9
:1024D00098BF042095F87C30013BDBB2032B00F25F
:1024E000E1804C4A0021D35C0091FB2248490CF06A
:1024F000E9FE0120FFF78CFB0023C4E90033A36051
:10250000D5F88C302988B5F8980095F8B42060800B
:10251000218022710BB101221A6005B0F0BD9A42F0
:1025200058D84D200DF018FB30460DF075FE95F88B
:102530007C206E2100200DF097FE44E794F82820BF
:10254000002A33D193F8422293F87C60002A3FF4AA
:102550007BAFF31E012B40F28B80D31E012B40F288
:102560008780012E3FF470AF012A14BF0226012696
:102570006AE795F8A430ABB195F87D10D5E9422310
:102580000139C9B201200329C4E91E2384F880005F
:1025900000F288801F4B5B5C0021009132461C4991
:1025A0000CF090FE0120FFF765FAA5E793F8D6221C
:1025B00093F87C60002ACCD146E796200DF0CCFA47
:1025C000E36A93F800329D26002B3FF4F6AE0DF03F
:1025D000C9FBF2E696200DF0BFFA95F87C200D4B72
:1025E0000D4803EB4203998801F5FA71A0FB013114
:1025F00089096E319EE7B5F888100A440121A5F8D3
:10260000CE201960F5E600BF901E002028050020AE
:10261000F81E0020D03D0400D34D621094F828200D
:10262000002A3FF40CAF93F84E2193F8751093F8FD
:102630007C6002EA01035A071AD413F0010220D188
:102640009B077FF501AFF31EDBB2012B10D9012EE2
:1026500018BF0226F8E62429E0D094F82820002AA2
:102660003FF4EDAE93F84E2193F87C60500701D50E
:102670000426E9E612F0010309D191077FF5E4AEE3
:10268000E1E7033E012E8CBF16460426DCE6033E3E
:10269000012E8CBF1E460426D6E640F26F1127207D
:1026A000FEF70CFAFFF75AF908B5124B93F83820E9
:1026B00092B193F8282022B993F83830012B14D125
:1026C00008BD93F83820022A0AD1DB6AD3F8180231
:1026D000BDE808400DF076BFBDE80840FFF702B93D
:1026E00040F235212720FEF7E9F940F23121272079
:1026F000FEF7E4F9901E0020FFF7F4B8014B1876BE
:10270000704700BF901E0020014B93F8C400704733
:10271000901E0020034B93F8C30010B9588CC0F3EF
:1027200000307047901E0020024B588CC0F3C02030
:10273000704700BF901E0020014B93F8CE007047F9
:10274000901E00202DE9F0411E4F8207FE6A82B0E4
:10275000044613D4E3070ED5D6E9423296F89C100E
:10276000013342F100020129C6E942320CBF0023C5
:10277000012386F89C3002B0BDE8F0813B6DE3B1E7
:10278000B7F854200D46B96D1846033291F8018010
:1027900012F0B6FA0DF1020201A9B865D7F8C80027
:1027A00013F0FBF9019813F0E2F901222860414689
:1027B000D7F8C80013F0A8F9CCE740F295412720DC
:1027C000FEF77CF9901E002069190000291E000008
:1027D000111B00004919000008B540F2C131062064
:1027E000FEF76CF92DE9F843002800F0E08004467C
:1027F000072900F2D380DFE801F0AB2424A7D11F22
:102800009ECD0146204616F06AFBD4F84C3100F10B
:10281000DB059D4240F2C680E81A322838BF3220DC
:10282000032111F047FBC4F84C510646204616F030
:1028300016FC002E00F09D802046BDE8F84316F0FF
:102840000FBC16F09BFBD4F81C21002305460E4656
:1028500084F8483184F85131BAB150EA010314D0F8
:10286000CA00C3001B1A42EA507262EB0102D4F89C
:1028700038115B18D4F83C1142EB0102D4E956013F
:10288000834272EB0103C0F09080022304F5A47729
:1028900084F85031384610F051FD002800F08B804C
:1028A00094F8683103F0FF01002B6BD1D4E9580292
:1028B0006FF000439A4208BFB0F1FF3F13D02046AB
:1028C000D4E9569816F00BFBD4F86031D4F86421A3
:1028D000B3EB090300F1DB0062EB08021B1A62F1A3
:1028E0000002002A4BDB94F81801394610F018FE5C
:1028F00000286AD0D4E95601D4E94C32834272EB05
:1029000001071FD255EA06071CD0C01A61EB02016D
:1029100033462A4612F056F905FB01F3D4E94C215F
:1029200000FB0636A5FB00535519334443EB010366
:10293000C4E94C5306E090F8180110F0D1FC0023D4
:1029400084F84031BDE8F883BDE8F8430DF026BFB8
:102950000BF0B6F8D4F84C01CB3811F009FA78B383
:10296000204616F049FB00283FF44BAF204616F0F6
:1029700076FBD4E95623C4E94E23BDE8F88320460C
:102980000BF0A6F894F8180110F0AAFC002384F8C4
:102990004031AFE7F4213020FEF790F8F8213020E5
:1029A000FEF78CF8C4F84C51E0E701236EE7D7211D
:1029B0003020FEF783F840F292613020FEF77EF877
:1029C00040F251213020FEF779F840F29661302034
:1029D000FEF774F82DE9F04F04468BB0002017463F
:1029E00094F87DB002930E46069014F039FB94F8EB
:1029F00001220B2A00F2C483734B33F8125094F86F
:102A00009F200392284487F0010285B2049227B3E5
:102A1000B4F89092B4F898A0A6EB09090FFA89F9D6
:102A2000A6EB0A0AB9F1000F0FFA8AFA04F5187832
:102A3000C0F254826549029A097801F0FF07002923
:102A400040F05C8294F84432032B00F2B083DFE85C
:102A500013F0BB018201C1003A0094F84422032A1A
:102A6000D6D1039A0E2AD3D1B4F8D422B242CFD110
:102A7000B4F81C12B4F892220A44C4F84022D4F8E4
:102A80004C22C4F83822E269C4F83C2220460CF0FB
:102A900067FAD4F8DC22E169914205D004F12800FC
:102AA00016F014FDD4F8DC22E261D4F8D822E263F7
:102AB000B4F8D622A4F84020D4F8E02262620222C0
:102AC00084F84422A4E7E169029B01FB09F0002B92
:102AD00000F08282B4F81C32002B40F07D8284F832
:102AE0005B32D4F84C5294F89E1005FB1909262944
:102AF000CDF8189000F0BF8294F89F10262900F0BE
:102B0000BA82BAB3B3BBD4E9A0C2D4E99E0160458E
:102B100071EB020280F0468394F87D00C21E012A08
:102B200040F2FC820EF0AAF9294DD4F8801200F58B
:102B3000234E0EF1A10EA5FB0E3ED4E99E2394F880
:102B40007D008439A0F1030C8A1A9144BCF1010F75
:102B5000A9EB9E1940F220830EF090F900F2E732C3
:102B6000A5FB0232B4F81C32D4F84C5292094A4404
:102B7000103A06929A44ABF1030305FB0AFADBB262
:102B80000AF1300A012B4FEA4A0A40F2B78258464E
:102B90000EF074F90E4B00F52340A130A3FB00307A
:102BA0004FEA901958460EF061F90AF17405074A88
:102BB000E1694D442B18536041F64B52914240F26B
:102BC000A08206986EE000BFE03D0400601F002078
:102BD000D34D6210E36BD4F83C022946184416F03A
:102BE0000CFD2946C4F84802E069BA4D16F005FD0F
:102BF000E26994F87D9041F64B539A4298BF0230B7
:102C0000C4F84C0248460EF039F9A9F1030900F561
:102C10005F40B9F1010F00F14100A5FB003094BF06
:102C20002821002101EB90118031204615F04FFB47
:102C3000B4F81C32002B00F0D781D4F83C32E26BA0
:102C4000D4F8480294F87DA013441B1AAAF103019A
:102C50000693C9B2D4F83832D4F84022B4F8409080
:102C600002FB0305303501294FEA450509F17409D6
:102C700040F2FC8150460EF001F9964B00F52340DE
:102C8000A130A3FB00304FEA901B50460EF0EEF847
:102C90004D44914AE1695D442B1853600698012226
:102CA00084F84422D4F84C526FF4AD724D1B154495
:102CB0009D42A0EB0700D4F88872069028BF1D46FD
:102CC000D4F88C32C4F81852381843F10003C4F811
:102CD00074320023C4F8700284F8603204F14400B6
:102CE00015F053FAD4E99C230544C4E9A223C4F89F
:102CF0006452A4F890620BF07BFB20B1D4F86432EC
:102D00001E33C4F86432B4F80812039A8E1B0023F1
:102D100036B29E4284F86832C4BF022384F8683217
:102D20000E2A029A00F0B381002A40F0B38194F891
:102D30004432002B40F0CF8194F85C02414610F001
:102D4000EFFB002800F01E82049B84F8583200201C
:102D50000BB0BDE8F08FD4F84C02E269D4F84832E9
:102D6000D4F84012B4F81C5294F87DB0121A09FB42
:102D700002F20692D4F83822B4F840903033AA44D4
:102D800002FB0135C9438A44ABF1030300FB0A553A
:102D9000012B4FEA450509F1740940F2618158465B
:102DA0000EF06CF84B4B00F52340A130A3FB003034
:102DB0004FEA901A58460EF059F84D44464A554489
:102DC0002B185360069883E094F87D1094F816024F
:102DD000DFF800A114F06FFC8146E06B29464844FF
:102DE00016F00BFC2946C4F84802E06916F005FC11
:102DF000E26941F64B539A4298BF0230C4F84C0244
:102E000007A908A80DF0BEFC079B0093D4E9A20116
:102E1000DDE9082311F0B8FA94F87D3005930546F2
:102E200018460EF02BF8059B00F55F40033B012B85
:102E300000F1410094BF28210021AAFB003001EBE2
:102E400090118031204615F042FAD4F89432E26BAA
:102E500094F87D00069305920EF010F84AF2A13B1B
:102E600000EB0B03AAFB0331069B059AD4F848023A
:102E7000943B13441B1A4B445B1B94F87D20B4F81D
:102E80004090A3EB91130693D31E00F13005012B64
:102E90004FEA450509F1960940F2E5801046059292
:102EA0000DF0ECFF8344AAFB0B3A059A4FEA9A1AFD
:102EB00010460DF0DBFF4D44074A55442B18536074
:102EC0000698D4F89422821AB2F5917FC0F05F81FF
:102ED000E169E7E6D34D6210601F0020D4E99E014E
:102EE000C4E9A201B4490978002284F85B22D146E2
:102EF000012201F0FF0700293FF4A4AD059216F06E
:102F000082FB059A074600283FF49CADB4F83012C6
:102F1000012940F2AE8094F84412022900F0A98001
:102F200094F85A12002940F0A480E06941F64B570A
:102F3000B84240F2FE8094F801120B2900F2208181
:102F40009E4B33F8115094F8443205F5C865012BB7
:102F5000ADB240F0F28094F8A230032B40F0038130
:102F6000D4F83C02E76B07442946059216F045FB6E
:102F700003463846D4F83872C4F83832DB1BD4F82C
:102F80004072294603FB07F716F037FBD4F84832A6
:102F9000C4F84802C01A07442946E06916F02DFB20
:102FA000E369059A41F64B518B42B4F81C32D4F8D0
:102FB000401253446FEA0101A3EB09030B44D4F818
:102FC0004C1298BF0230C4F84C02401A00FB037741
:102FD000012384F85A3235E594F85B32002B00F077
:102FE0008A80754B5B685DE6029B002B3FF425AE43
:102FF000D4F83C32E26B94F87D0003EB020B0DF049
:103000003DFF00F52340A130A5FB00304FEA9019A9
:10301000D4F84802D4F8802294F87DA0ABF1940B48
:10302000ABEB000B9344AAF10301D4E99E23C9B290
:103030000129ABEB020B7AD950460DF01FFF94F833
:103040007DA000F2E732A5FB0235AAF10301D4F816
:103050004802AD09C9B2ABEB09022A440692F9E570
:103060004FF0650AA6E64FF0650A21E74FF0650BC1
:103070000BE60027E6E4B4F8D412711A09043FF510
:1030800040AD94F8D712002918BF8B4639E5002AC5
:103090003FF452AEB4F83022D2B1B4F8320294F810
:1030A000341200FB01118A4200F101007FF744AEA7
:1030B000002B3FF441AE002384F86832A4F83202BA
:1030C00008F03AF800F00700013084F8340233E6E3
:1030D000A4F8322230E6E169D4F84C324046C91AED
:1030E00014F090FA80B200283FF426AE149B13B37C
:1030F000188001202CE6B4F81C32F2E44FF0650988
:1031000050E5084606AB51462D4A14F0F1FA2A4B19
:1031100084F85B025B680698E169C3E5D4E99E0127
:10312000ACF1E90CACEB000C3C22E1441FE53C2582
:1031300091E70F4686E401200AE62946059216F03B
:103140005CFAE369059ABB42B4F81C72D4F84C32BD
:1031500098BF02305744A7EB0907C4F84C02C01AC5
:1031600000FB07F734E794F87D1094F81602E76B3C
:10317000059214F0A0FA059A0744D4F83C02F3E64D
:10318000FFF72AFB40F27B513020FDF797FC40F21D
:10319000C6413020FDF792FCB4F81C32D4F84C52F2
:1031A0003C22E4E440F21A513020FDF787FC40F263
:1031B00032513020FDF782FC601F0020E03D04000A
:1031C000641F0020F0B585B0002800F0158104468A
:1031D000072900F20081DFE811F0920008000800E2
:1031E0007B00FE0080008800FA0016F074FBD4E932
:1031F0009E23801A61EB0301012871F10003C0F2E4
:103200000D816FF00102002382428B41C0F20181E7
:10321000E3690BB1B0FBF3F394F89F200E2A00F0A2
:10322000CF80B4F89810B4F856220B449BB2D11A50
:103230000D0454BF531C01339BB2A4F8563294F8CA
:103240005932B4F8561223B9B4F80C328B4200F05C
:10325000C680B4F8D400B4F89830B4F89222724F13
:103260000344B4F8D200013B01321B1AA4F89222A5
:103270009EB202AD3B6853B1013989B200222046AB
:103280009847B4F85612014489B2A4F85612731A3A
:1032900018046ED4002300951A462046FFF79AFBC7
:1032A00000284AD1D4F884303BB3B4F8CE20B4F827
:1032B00056329B1A1BB2002B1FDDB4F888100B444A
:1032C000013BB3FBF1F313FB0123A4F8CE3014E070
:1032D00005B0BDE8F0400DF061BA01200EF066FDCA
:1032E00005B0BDE8F040FFF707BA90F84432042B70
:1032F00040F08B80002380F8443205B0F0BD90F898
:10330000583253B3B0F85622B0F898309A426BD086
:10331000D31AA0F80E32A0F89820D4E99C232046B6
:10332000C4E99E230BF00AFD94F81332002BE4D07D
:1033300005B0BDE8F04016F044B8012860D1B4F8FB
:103340005612B4F80832CA1A12042FD4BDF8083045
:10335000194489B2A4F856128CE7B0F85432B0F888
:103360009810B0F85422A0F898205B1AA0F80E32FA
:10337000D3E794F8A2200394002A0CBF3E2208222F
:10338000012384F8C12028468DF8083008F0C4F9DC
:10339000204616F018F8002384F8443294F85C02B2
:1033A0000FF09EFF202384F85C32A6E7BDF80820CA
:1033B000114489B2721A12F4004F18BF1946C9E7B6
:1033C000B4F85612013189B2A4F8561241E7CB2164
:1033D0003020FDF773FBCF213020FDF76FFB01316B
:1033E00089B2A4F8561234E7B0F80C32A0F898303D
:1033F0009B1AA0F80E3290E7A6213020FDF75EFB65
:1034000040F254613020FDF759FBC5213020FDF713
:1034100055FB40F207613020FDF750FB40F206619A
:103420003020FDF74BFB00BF2C0500202DE9F043B9
:10343000D0F81C310026D0E9568983B080F820618D
:1034400005460F4683F8162280F840610121D0F826
:103450001C0107F031FAD5F81C41C4E99E8995F8A2
:10346000183184F85C32C4E9A289C4F8947284F8F3
:103470004462A4F8906233460096324631462046B4
:10348000FFF7A8FAD0B9012384F84432C4F8400207
:10349000C4F83802A4F85602A4F8540284F8590279
:1034A000B4F89830A4F89202013BA4F898300CF0DC
:1034B000DBFF03B0BDE8F0430FF09EBD40F2F31117
:1034C0003020FDF7FBFA00BFD0F81C01704700BFA9
:1034D0002DE9F04385B000230322CDE90033FF2618
:1034E0008DF806206846FDF7EDFF044620BB009DE1
:1034F00095F84031002BF5D085F868610121284608
:1035000015F0B0FD95F84031002BEBD095F818017F
:1035100010F068FA95F8180110F0F4FD95F818010C
:103520000FF0DEFE00283CD085F840416846FDF7EC
:10353000C9FF04460028DAD0DFF87C80012388F830
:103540000830002502264FF6FF771AE0029BE3B110
:1035500093F85C22202A18D01888B8421BD0022188
:10356000FDF776FF814608B390F85C0210F0CAFDC3
:1035700099F85C0289F844420FF0B2FE202389F8E2
:103580005C32CDE902558DF80E6002A8FDF79AFF76
:1035900004460028DAD0002388F8083005B0BDE8DA
:1035A000F08340F2DF113020FDF788FA40F22B1152
:1035B0003020FDF783FA00BF601F0020054B00227A
:1035C000012142F210705A72588119701A72FFF775
:1035D0007FBF00BF601F00202DE9F84390F8403105
:1035E000002B76D10446884601465648154603F01E
:1035F000FF070FF049FE202806466AD058223946B8
:1036000004F58C7011F0F4FB84F81861C4F81C8187
:10361000FF2384F84031B8F1000F06D007F0A4FD75
:1036200000F00700013088F8340202234FF0000850
:10363000A4F8503184F8488115F0EBFF00F19E06A4
:103640002046B6B215F0D8FC002846D013F008FD8D
:1036500000F5CD6189B2284615F0CFFF2844C4F8A3
:103660004C0116F038F9301841F100014FF0010912
:10367000C4F85801A4F82680C4F85C1184F820919D
:10368000204615F0CFFC002845D04946204615F0CD
:1036900026FCA5F2D7452D1AC4F824514FF0FF326D
:1036A0006FF00043C4E9582394F8180104F5A4719D
:1036B0000FF036FF00283FD0D4E956232046C4E956
:1036C0004C23C4E94E23002115F0CCFC3846BDE85C
:1036D000F8830C273846BDE8F8830146204615F0EC
:1036E000FEFBDFF86480DB30C4F84C01B8F80A0058
:1036F00008B1E08CB8B9064416F0EDF8361841F17F
:103700000001C4E95661002DC8D0AE1941F1000195
:10371000C4E95861C8E7484615F07CFDDB3D2D1A29
:10372000C4F82451BAE707F01FFDB8F80A30B0FB1F
:10373000F3F202FB1300DEE740F2C1113020FDF787
:10374000BDF900BFE5270000601F002090F8403160
:103750000BB90020704710B50446FF2380F868318C
:10376000012115F07FFC94F840310BB9002010BD09
:1037700094F8180110F036F994F8180110F0C2FC12
:1037800094F818010FF0ACFD20B1002384F840310B
:10379000002010BD40F2DF113020FDF78FF900BF8F
:1037A000014B5872704700BF601F002090F86821DD
:1037B00082B910B502F0FF0490F8202112B901225D
:1037C000104610BDD0E949319942F9D90AF080F983
:1037D0002246F5E700221046704700BF10B50446A8
:1037E0000CF0FAF9074BDA68824208D3E16941F636
:1037F0004B52914203D9187A80F0010010BD00208D
:1038000010BD00BF601F002008B540F2FF1114F08A
:1038100066FDB0F5296F28BF4FF4296080B208BD5E
:1038200090F81332002B75D1F0B503F0FF0590F836
:103830004432032B85B0044601D005B0F0BD16F02C
:103840004AF8D4E99E23801A61EB0301012871F143
:103850000003F2DB6FF00103834275EB01035CDBD5
:10386000E369B4F89820002B55D0B0FBF3F080B298
:10387000531C184480B2A4F85402B4F85422B4F88B
:103880000C329B1A1BB2002BD7DD94F85C0210F0AF
:10389000A9F80028D1D0FF2384F85932B4F8985001
:1038A000B4F8D420B4F8D230214F1544013DED1ABC
:1038B0003B68ADB20DF10E066BB1B4F8541201398C
:1038C00089B2002220469847B4F8543210FA83F3A4
:1038D0009BB2A4F85432B4F85432EB1A1B04ACD4A3
:1038E000B4F85412009689B2002301222046FFF753
:1038F00071F80028A1D0012814D1B4F85432BDF8D1
:103900000E2012FA83F39BB2A4F854323B68002BCA
:10391000D3D1E0E770471846AAE740F2AF51302014
:10392000FDF7CCF840F2F6513020FDF7C7F800BFA4
:103930002C0500202DE9F043044683B0062900F24F
:103940000081DFE801F0042512222B327600D0E955
:103950009E23D0E9A00182428B41C0F093807B4B33
:103960001B7A03F0FF02002B7DD0042384F844323D
:103970000CF07AFD0FF040FBB4F89820A4F8562222
:103980000023A4F8923284F8593203B0BDE8F083E2
:10399000032380F8443203B0BDE8F0830CF040F913
:1039A000C4E9A00103B0BDE8F08390F87D30DFF8F2
:1039B0009C91C569D0F84C22033B40F26D1840F24F
:1039C0004511012B88BF884699F8093095428CBF74
:1039D000AD1A00251BB9436C9D4228BF1D4604F15A
:1039E0004400D4F8187214F0D0FB0744022010F001
:1039F0000DFAED1B25EAE575854228BF0546022133
:103A0000284610F057FA00B92F444246394620465E
:103A100014F04AFCE269D4F81832C9F80C00D01846
:103A200010F0A6F90028B0D140F279313020FDF72E
:103A300045F890F87D5028460DF020FA033D4449A2
:103A400000F55F40012D00F14100A1FB003094BF63
:103A50002821002101EB90118031204603B0BDE800
:103A6000F04314F034BCB4F80C1200920123204649
:103A7000FEF7B0FF00283FF47BAF40F2CA61302070
:103A8000FDF71CF894F85A32002B3FF468AF94F815
:103A90004432032B7FF463AF94F87D8013F0E0FA97
:103AA00094F801320B2B4AD82A4AD4F8806232F8B3
:103AB0001330D4F81892C51803F5C8639FB2D4E93F
:103AC0009E234046B61A0DF0D1F9A8F10302012A4F
:103AD000ADB2A9EB000930D940460DF0CFF91C4B2F
:103AE00000F52342A132A3FB02239B09A9EB0303A8
:103AF000A3F174025208D43B9D3205FB03F3B3FBE0
:103B0000F7F36033A2EB53018E424FEA530302D323
:103B100013449E4201D915F078FDE069294615F05D
:103B20006CFDE26941F64B539A4298BF0230002384
:103B3000C4F84C0284F85A3211E76523D6E7FEF741
:103B40004BFE40F265713020FCF7B8FF601F00208B
:103B5000D34D6210E03D0400012A70B5064609D03D
:103B6000022A14460D461ED04AB140F28F71302011
:103B7000FCF7A4FF0CF030F8C6F8940270BD0CF00E
:103B80002BF8224601462846FFF750FC0F4995F8CE
:103B9000180132460EF0FAF80028EFD14FF4EF6129
:103BA0003020FCF78BFFD0F8941201222846FFF753
:103BB0003DFC064995F8180132460EF0E7F800285A
:103BC000DCD140F289713020FCF778FFC53100006C
:103BD000F8B5044651B101295BD1002380F82031AA
:103BE0000CF042FCBDE8F8400FF006BAC58C002D81
:103BF00047D12046D4E94C7615F0C0F9401941F17F
:103C00000001C01946EB010100220223C4E956015C
:103C1000C4E94C0184F84821A4F8503194F8683183
:103C200003F0FF01002BDBD1D4E958026FF0004311
:103C30009A4208BFB0F1FF3F0CD194F8180104F587
:103C4000A4710FF06DFC0028CAD140F2E961302068
:103C5000FCF734FF2046D4E9565615F040F9D4F865
:103C60006031D4F864215B1B00F1DB0062EB0602DB
:103C70001B1A62F10002002ADFDA204609F028FF51
:103C8000AEE707F059FAE58CB0FBF5F303FB150539
:103C9000AFE740F29F713020FCF710FF90F8400131
:103CA000003818BF01207047014B5881704700BF92
:103CB000601F002008B540F2B7213220FCF7FEFE5D
:103CC00010B582B090F8023173B903F0FF02ADF87D
:103CD00004209DF804209DF80530002062F30700C1
:103CE00063F30F2002B010BD0C46363803F0FEFC23
:103CF000182204232270ADF80430EAE7044B1B6855
:103D00000022A3F8BB2083F8BD2083F890207047E1
:103D1000701F002008B506F09BFE034B18700CF0D6
:103D2000FBFA032008BD00BFD00400202DE9F041BC
:103D3000054617461E46A1B1AB681BB12FB13846E8
:103D4000BDE8F0810120BDE8F081002EF7D01849D0
:103D5000AA7C0968BDE8F04191F84100423113F0B6
:103D6000E2BBDFF84C80D8F8001091F85A2091F8A7
:103D7000A40001F15B039E3113F0D5FBD8F80030AD
:103D800093F89120082A03D093F84E10914207D05F
:103D900093F85630012BCFD033B90028CCD1D2E7DD
:103DA00093F85630012BC7D90020BDE8F08100BF41
:103DB000701F002038B5124C20688C3002F020FEB5
:103DC000256802F0BFFD2368C5F88C00D3F88C008D
:103DD00060B102F0E7FD70B10CF0BAFB00200CF00E
:103DE00025FC2368042283F8902038BD40F2EF417F
:103DF0003220FCF763FE40F2F1413220FCF75EFE18
:103E0000701F002008B506F023FE0549054B024649
:103E100008681A7001218C3002F054FE012008BDA0
:103E2000701F0020D004002070B53F4C236893F829
:103E30009020032A064635D093F89020042A31D0EA
:103E400093F854309B0733D16568002D52D0236816
:103E500093F85420002A43D07EB3284613F075FF10
:103E600018B9284613F08CFF30B3236893F89020DC
:103E7000022A4ED993F89020082A4FD893F8903010
:103E8000A26803F180431269033B284652F82330AD
:103E900098470C2829D8A368DB68BDE8704053F820
:103EA00020301847D3F88C0002F07CFD0546CCE7A3
:103EB00002F08EFD0546C8E7236893F89020022A99
:103EC0001DD993F89020082A1ED893F89030A26844
:103ED00003F180435269033B52F823309847D8E7F7
:103EE00041F2BB313220FCF7E9FD41F2CE31322004
:103EF000FCF7E4FD41F2B5313220FCF7DFFD41F281
:103F00009B313220FCF7DAFD41F29C313220FCF784
:103F1000D5FD41F23B313220FCF7D0FD41F23C317E
:103F20003220FCF7CBFD00BF701F002038B5144CC9
:103F3000236893F854309B0719D16568DDB1236875
:103F4000FF2093F8BA100BF08DFE28460CF000FB12
:103F5000236893F8BA30033B012B94BF282000203C
:103F60000CF064FB2368072283F8902038BD02F030
:103F70002FFD0546E2E740F216513220FCF79EFD88
:103F8000701F002010B5064C2368022283F8902091
:103F900002F05AFD2068BDE8104004F057BA00BF97
:103FA000701F002008B54FF462713220FCF786FDC7
:103FB00030B50478264D8DB004F00F0402A92246D6
:103FC00003F0A4F806F044FD042C287002D003206E
:103FD0000DB030BD1F4A039B146893F800C094F8DD
:103FE0009E108C45F3D193F801C094F89F108C4536
:103FF000EDD193F802C094F8A0108C45E7D193F866
:1040000003C094F8A1108C45E1D193F804C094F852
:10401000A2108C45DBD1597994F8A3309942D6D1BE
:104020009DF8191094F8A4309942D0D17F280CD073
:104030000090137C127B04F18C0002A97F242C7069
:1040400002F0CCFF03200DB030BDFFF7ABFF00BF87
:10405000D0040020701F00202DE9F04F044687B0E7
:10406000062905D8DFE801F0D0502E0404040A0028
:104070000CF052F9032007B0BDE8F08FB14D28686D
:1040800090F89230002B00F0E98090F854309907B6
:1040900040F13A81AC4A92F900307F2B00F0F38175
:1040A00002932B7B01932146FF237F24009300F191
:1040B000420314708C30062202F0E4FE00232B74BD
:1040C0000920D8E70CF028F99E4B186890F8542086
:1040D0009507CFD090F89220002ACBD09A4D95F931
:1040E00000207F2A00F0CF8102921A7B2146FF2315
:1040F0007F24CDE9003200F1420302228C302C7083
:1041000002F0C0FE0320B6E78E4D827C296891F84C
:10411000483091F892A091F89390012A83F0010B16
:1041200000F0A280002691F8542012F0040000F064
:10413000A58091F84D70002F00F0A08091F84E708E
:10414000082F40F09E8091F841704FF00008BC4667
:1041500078B3626891F85B0092F800E0864500F061
:1041600039810023059391F89120082A06D0059BF8
:1041700091F84E00904208BF01230593B8F1000F5B
:1041800040F0DE80BBF1000F40F01D814046B9F1E8
:10419000000F09D02B6893F85630012B02D01BB9C1
:1041A000059B0BB1002844D10CF0B6F82B6893F8AE
:1041B000542093073FF45EAF0CF0AEF8BAF1000F55
:1041C0003FF458AF2968A36891F84100A27C4231BE
:1041D00013F0A9F918B9B8F1000F00F035815A4E63
:1041E00096F900307F2B00F04E8102932B7B2868DC
:1041F000CDE9007321467F2400F1420301228C3077
:10420000347002F03FFE35E74E4D286890F8543088
:104210005F071BD590F89330002B45D0636890F86A
:104220005B201978914200F0A98090F85630012B5C
:1042300001D10A201FE790F84E30082B03D090F8E8
:1042400091209A42F5D00CF067F8286890F89230E7
:1042500073BB90F89330002B7FF40CAF0CF05CF83C
:10426000032007B0BDE8F08F8268567906F0C006DB
:10427000A6F14006B6FA86F6760954E791F89170F1
:104280005EE7384606F05AF9002818BF8346002E2C
:1042900040F0CA80296891F8417091F85420B046E6
:1042A000BC4602F0040053E790F89230002BD5D0C2
:1042B00090F854309E0749D4D8077FF5DBAE5907F4
:1042C00000F1DA80204B93F900207F2A00F0DB8098
:1042D00002922A7B0192FF2200927F2018702868A8
:1042E000214600F1420300228C3002F0CBFD032076
:1042F0002B6893F89320002A7FF4BDAE93F8923098
:10430000002B7FF4B8AEA9E7DA07A7D55B0700F169
:10431000B0800D4A92F900307F2B00F0B4800293F8
:1043200028682B7B01937F26FF230093214600F111
:10433000420316708C30062202F0A4FD03209AE698
:10434000012024E7701F0020D00400204F4A92F97A
:1043500000307F2B00F0978002932B7B0193214646
:10436000FF237F24009300F1420314708C3000225D
:1043700002F088FD01232B740920B9E7597890F8E1
:104380005C2091427FF451AF997890F85D20914282
:104390007FF44BAFD97890F85E2091427FF445AF1F
:1043A000197990F85F2091427FF43FAF5A7990F8E5
:1043B00060309A427FF439AF627C90F85A309A426A
:1043C0007FF433AF35E7A368A27C4231604613F037
:1043D000AAF8DCE692F801E091F85C0086457FF4EB
:1043E000C0AE92F802E091F85D0086457FF4B9AE68
:1043F00092F803E091F85E0086457FF4B2AE92F841
:1044000004E091F85F0086457FF4ABAE507991F8F7
:10441000602090427FF4A5AE637C91F85A209A1AEE
:104420005342534105939EE6A168384606F0C0F911
:104430002968804691F841C091F85420F8B14CF0B9
:10444000020702F0040083E6286890F85530023B2A
:10445000012B3FF60FAE002E3FF40CAE0B4E96F93B
:1044600000307F2B0FD002932A7BFE23CDE9003250
:10447000C0E60BF051FF4CE70BF04EFF22E767461A
:1044800002F0040064E6FFF78DFD00BFD0040020B9
:1044900010B5104A136893F8901002290FD993F8B9
:1044A0009010082910D893F89030926803F1804357
:1044B0009268033BBDE8104052F82330184741F2A0
:1044C000BB413220FCF7FAFA41F2BC413220FCF742
:1044D000F5FA00BF701F002038B51C4D2B6893F80B
:1044E0009020022A2CD8027C83F89820C168196792
:1044F0001A44044692F8BE2083F8BA2042685A67EC
:10450000037A022B0ED00BF03FFC0CF0DDF80AF022
:104510004FFE0F480CF006F80E480BF0FDFF0E485A
:104520000BF040FD637C03B938BD2868643012F09D
:10453000F0FF2B68DB6E002BF6D001221A6038BD2D
:1045400040F6E2013220FCF7B9FA00BF701F0020EC
:10455000D405002055555500D6BE898E30B5194C6E
:1045600094F900307F2B85B029D0174D0A460146BB
:104570007F2020702C6894F89000032815D094F8C0
:10458000900006280CBF03200120CDE902302B7BD0
:10459000019394F8BA30009304F18C0004F14203C3
:1045A00002F00EFB18B905B030BD0020EDE7286819
:1045B00001218C3005B0BDE8304002F04BBAFFF766
:1045C000F1FC00BFD0040020701F002038B5054664
:1045D0000C4605F07DFD420704D4A37803F0E00308
:1045E000402B0DD005F074FD830704D4A37803F0AD
:1045F000E003202B04D0237803F03F03242B01D9C0
:10460000002038BD0BF0C8FA94F9003094F802C0CD
:104610006278002B0CF01F03ACBF1E214FF4967183
:1046200042EA032301FB03F31A1AB2F5877FE7D3AB
:104630009842E5D8054A23881068A0F8BB3080F876
:10464000BDC02946BDE8384003F0D6B8701F002031
:1046500070B5344E346894F8923084B053B394F803
:10466000813005460A4633B90378002B0CBF01237D
:10467000022384F8813094F89030062BD9B23BD0D5
:10468000072914BF01200220274B93F900107F292E
:1046900046D0CDE90210317B019194F8BA10009117
:1046A0007F21197004F18C0004F14203294602F0C5
:1046B00087FA18B90024204604B070BD6C7814F055
:1046C00010041BD0A9690220FFF780FF0446E8B15F
:1046D0003268002382F882306B69EBB15978C1F3FC
:1046E000031182F8831059781B7801F00F0143EA17
:1046F0000123A2F88430DEE70320C5E730680121FA
:104700008C3002F0A7F9204604B070BD306801215A
:104710008C3002F0D7F9CEE7FF2382F88330CAE766
:10472000FFF740FC701F0020D004002010B50446A5
:104730008AB006F08DF92378184A03F00F03072B8F
:10474000107002D001200AB010BD6946204602F068
:1047500077FD684602F060FE9DF80030002BF1D135
:104760009DF80130DB07EDD50D4C019923689DF8CC
:10477000110093F8A4209E3312F0D5FE0028E1D05A
:10478000206801219A3012F03AFCFF216846FFF7B9
:104790005FFF0028D6D00220D5E700BFD00400205C
:1047A000701F00202DE9F04FDFF8F0A0847C9146C7
:1047B000DAF8002092F84860012C83B0054688465C
:1047C0001F4686F001063FD000249AF80D30A3461C
:1047D000F3B192F854305B0722D46B68002B3AD0C7
:1047E00092F89130082B23D01846019305F0A6FECD
:1047F000002818BF0646BBF1000F23D09AF80F20FF
:10480000019B8AB312F0CEFE002203468AF80F20E5
:1048100089F8003088F800403E7003B0BDE8F08FA2
:1048200092F84D30002BD8D092F84E30082BDBD1C7
:10483000BBF1000F06D09AF80EB0BBF1000F19D0F3
:104840000023E5E75B46E3E783685B7903F0C00399
:10485000402BB9D1B9E7D2F88C0002F039FC00281E
:10486000E6D0DAF80020BBE71846A96805F0A0FFFB
:104870000346CDE7A868594605F0C2FE03468AF80C
:104880000D000028C4D0019012F082FE0828D9D073
:10489000DAF80020019B82F89100B9E7701F002030
:1048A00008B5064B186801218C3002F0D3F806F0E9
:1048B000CFF8034B02461A70012008BD701F00207C
:1048C000D00400202DE9F0416A4C6368D4F80080E0
:1048D000002205461A8018460F460BF039FE032DBC
:1048E00038D0052D4BD0606808F19E0113F009F80F
:1048F00098F8A410606813F018F8236893F848201B
:1049000093F8417003F142065AB193F854205207CC
:1049100019D493F8910005F085FF00281CBF0646C6
:1049200001276068314612F0E5FF6068394612F0F1
:10493000EFFF514BD3F80431002B40F09680052D4A
:1049400012D0BDE8F08193F84D20002AE1D093F811
:104950004E00E0E76068037823F00F0343F00303A1
:1049600003700C234370BFE7236831681A6DC2F8E7
:104970000A10B188D1811B6D5F72BDE8F081D4E966
:104980000006317821F02F0141EA471141F005017D
:10499000222331707370036D1B6AC6F80F30026DED
:1049A000936BF3741F0A1B0C37757375D369B2F8D8
:1049B000407041F64B518B42D16B3BD9DFF8BCC004
:1049C000ACFB01E1890AACFB07C7BF0AF175C1F373
:1049D0000721B77531762949A1FB0313C3F38F2350
:1049E00073761B0AB376938CF3761B0A3377D38CDA
:1049F00073771B0AB377D2F8A730C6F81F3092F846
:104A0000AB3086F82330036D96F8242093F8B2304B
:104A100022F01F0203F01F03134386F8243005F031
:104A20007DFB96F8243003F01F0343EA401386F819
:104A3000243058E7DFF848C0ACFB01E14909ACFB82
:104A400007C77F09F175C1F30721B7753176A3F563
:104A50007A7741F270718F42BDD80A49A1FB0313E6
:104A60009B0903F550639BB2BAE740F22F613220F5
:104A7000FCF724F8701F0020001000405917B7D130
:104A80001F85EB51D34D621010B50A4C05F0E0FFC5
:104A9000094A637B10701BB90BF03EFC032010BD6C
:104AA0000BF012FE0AF084FB002363730BF034FC5E
:104AB000032010BD701F0020D004002070B52C4CC6
:104AC000236893F8BD2005465F2A93F8BB009CBF7E
:104AD0005109284A00F03F0094BF565C00260BF0B5
:104AE0006BFA236893F958000BF056FAEDB123687E
:104AF0003246196F01200BF0B7FB236893F8823020
:104B0000022B0CBF4020FF2031460BF0ABF823688E
:104B100093F8542092070ED193F88130656893B1D1
:104B20002846BDE870400BF013BD324673210120CA
:104B30000BF09AFBE1E701F04BFF236893F881301B
:104B40000546002BECD1681D05F088FD6073002838
:104B5000E6D0033E012E94BF552450240AF00AFBF0
:104B600020460BF0A5FD2846BDE870400BF0F0BCD8
:104B7000701F0020F83D0400F0B52E4C236893F818
:104B8000BD205F2A9EBF51092B4A575C1A6F83B024
:104B9000064688BF0027002A40D1586F0BF012FD4F
:104BA000256895F854309A0703D595F88220022A93
:104BB0002BD05B0725D4D5F88C00D6B902F088FA43
:104BC00023680646D3F88C0002F088FA024605F105
:104BD0008600256895F8823095F8BA5000953146E0
:104BE00002F0C2FB2268002382F8BA70A37303B0FC
:104BF000F0BD02F07FFA014605F1860002F0AAFB43
:104C0000F0E795F88230012BD5D1FB1E012B0AD994
:104C1000394600200BF072FD2568CCE70120FFF734
:104C20004DFF2368B9E795F85930012B14BF394679
:104C30000321EEE7701F0020F83D040010B50E4C74
:104C4000637B8BB9206800F1BB020023012180F84F
:104C50009010A0F8BB308C30937001F0D1FE20682A
:104C6000BDE8104003F06EBD0BF02EFD0AF0A0FA77
:104C700000236373E6E700BF701F00202DE9F047B3
:104C8000072986B00E46044691464ED1406800285A
:104C900000F09080637C012B00F0BF80DFF8DC82A5
:104CA000D8F8003093F89100082861D004AA0DF1DB
:104CB0000F0105F08DFC002800F079819DF80F00B0
:104CC00004A913F045FE0746D8F8005095F8543073
:104CD00013F0030140F0B28013F0040385F8921042
:104CE00076D185F89330A64B1B6833B149462046F0
:104CF000984785F89400D8F80050636843B1627C07
:104D000085F8A4201A68C5F89E209B88A5F8A230D3
:104D100095F894300120002B00F04E81A3680BB170
:104D2000072E3AD006B0BDE8F0874768002F00F0A4
:104D30009080437C012BB1D17B7903F0C003402BE1
:104D4000ACD1DFF8388298F80D30002B71D0D8F84C
:104D5000005012F01DFCD8F8003085F8910093F84F
:104D6000910088F80C000123082888F80E309DD1A6
:104D70006168607C13F0ECFDD8F80020616807469C
:104D80009132607C05F002FC00289DD1D8F80050DB
:104D9000A5F8920085F89400C0E795F891100829CD
:104DA000C0D00028BED0184605F048FC012388F882
:104DB0000F30B7E7DFF8C481002A4DD0D8F8005093
:104DC00095F8543013F0030740F09180394683E79B
:104DD000062E95F84D3003D8002B82D13B4680E754
:104DE00095F893A0082E6ED8B9F1000F00F0BE80A0
:104DF000BAF1000F67D06268002AEDD1D5F88C00B7
:104E0000019302F065F918B9019B002B00F0CB80EB
:104E10000127D8F800503B4663E7437903F0C0030D
:104E2000402B7FF43BAFDFF8548198F80D30002B16
:104E30004BD1D8F8003093F8910035E7062E95F85D
:104E40004C1032D800297FF447AF3A46394617460E
:104E500042E7DFF8288137E7D8F8002092F854308D
:104E600013F0030118BF012113F0040382F892101C
:104E700005D02378A3F10103B3FA83F35B0982F829
:104E8000933092F88030002B3FF44CAFD8F80030CC
:104E9000D86F503014F0ECFA00287FF443AFD8F804
:104EA0000030012283F894203CE7082E3AD90022F2
:104EB00013F0040385F892203FF413AF95F84D30BA
:104EC00095F893A08EE700230BE7B9F1000F7FF46C
:104ED0003EAFD8F8005095F8BA1001297FF439AFE9
:104EE00005F08EFB88F80D000028A2D02FE795F87A
:104EF0004C1095F892A00746BAF1000FD7D062681F
:104F0000002A9FD1D5F88C00019102F0E1F810B988
:104F10000199002942D03A460127D8F8005095F867
:104F2000543093E795F892A0B9F1000FE4D162688C
:104F3000002A87D16278D00624D5012185F8921005
:104F40005907C0D595F84D3095F893A00193D30635
:104F500012D4D5F88C0002F0BBF8019B00283FF476
:104F600054AFBAF1000F3FF450AF51E76268002A26
:104F70007FF432AF6278E9E70123B2E6701F0020C8
:104F800030050020D5F88C00019102F0A1F80199BC
:104F90000028BED0BAF1000FBBD0BCE705F0F0FA94
:104FA0003A460746B9E705F0EBFA074631E740F61F
:104FB000A2313220FBF782FDB5F89200003818BF0D
:104FC0000120ABE610B5104C05F042FD0F4A637BA3
:104FD00010708BB9206800F1BB020023012180F81A
:104FE0009010A0F8BB308C30937001F009FD206860
:104FF000BDE8104003F0A6BB0BF066FB0AF0D8F842
:1050000000236373E6E700BF701F0020D004002078
:1050100010B5104C206801218C3001F053FD637BEA
:105020008BB9206800F1BB020023012180F89010A9
:10503000A0F8BB308C30937001F0E2FC2068BDE832
:10504000104003F07FBB0BF03FFB0AF0B1F80023E8
:105050006373E6E7701F002010B5124C2068012131
:105060008C3001F02FFD05F0F3FC0F4A637B1070CC
:105070008BB9206800F1BB020023012180F8901059
:10508000A0F8BB308C30937001F0BAFC2068BDE80A
:10509000104003F057BB0BF017FB0AF089F8002310
:1050A0006373E6E7701F0020D004002010B5154C94
:1050B000206801218C3001F0CDFC05F0C9FC0246CE
:1050C0002068114B00219A301A7011F098FF637B11
:1050D0008BB9206800F1BB020023012180F89010F9
:1050E000A0F8BB308C30937001F08AFC2068BDE8DA
:1050F000104003F027BB0BF0E7FA0AF059F8002341
:105100006373E6E7701F0020D004002038B5164C0A
:105110000521206802F070FB50B12368012093F84C
:10512000BA100BF0EBFA23680B2283F8902038BDFD
:10513000637B8BB9206800F1BB0200230121A0F83A
:10514000BB3080F890108C30937001F059FC2068CF
:10515000BDE8384003F0F6BA05460BF0B5FA0AF0A0
:1051600027F86573E6E700BF701F002070B5234C79
:10517000236893F8BD205F2A9EBF5109204A565CE0
:105180001A6F88BF002662BB586F0BF01BFA2568A8
:1051900095F854309A0703D595F88220022A17D043
:1051A0005B0703D595F88230012B11D0D5F88C0020
:1051B00001F0A0FF014605F1860002F0CBF823685C
:1051C0000622002183F8BA6083F89020A17370BD95
:1051D000F31E012B0AD9314600200BF08FFA256807
:1051E000E4E70120FFF76AFC2368CDE795F8593022
:1051F000012B14BF31460321EEE700BF701F0020D2
:10520000F83D040038B5174D00210320FFF75AFB85
:105210002868032102F0F0FA40B1012108460BF0A2
:105220006DFA2B68092283F8902038BD6B7B8BB90F
:10523000286800F1BB0200230121A0F8BB3080F8F0
:1052400090108C30937001F0DBFB2868BDE838408B
:1052500003F078BA04460BF037FA09F0A9FF6C7333
:10526000E6E700BF701F002010B5B0B9A9B1204A11
:10527000136893F89010082930D993F890100C29EE
:1052800031D893F89030926803F180435268093B1B
:10529000BDE8104052F823301847154C2068012112
:1052A0008C3001F00FFC637B8BB9206800F1BB02EE
:1052B0000023012180F89010A0F8BB308C3093704F
:1052C00001F09EFB2068BDE8104003F03BBA0BF0F4
:1052D000FBF909F06DFF00236373E6E741F28B41B0
:1052E0003220FBF7EBFB41F28C413220FBF7E6FB6F
:1052F000701F0020F0B52B4C236893F8BD205F2A67
:105300009EBF5109284A575C1A6F83B088BF002797
:10531000002A3AD1586F0BF055F9256895F85430AA
:105320009A0703D595F88220022A25D05B0703D57A
:1053300095F88230012B1FD0D5F88C0001F0C8FE03
:1053400023680646D3F88C0001F0C8FE024605F13A
:105350008600256895F8823095F8BA500095314658
:1053600002F002F823680021052283F8BA70A173C5
:1053700083F8902003B0F0BDFB1E012B0AD93946FB
:1053800000200BF0BBF92568D6E70120FFF796FB5C
:105390002368BFE795F85930012B14BF3946032124
:1053A000EEE700BF701F0020F83D0400F0B55D4C33
:1053B000206883B08C3001F023FB256801F0C2FA2D
:1053C0002368C5F88C00D3F88C00002800F0A58075
:1053D00001F0E8FA0546002800F09A80236893F867
:1053E000B030002B58D1206890F8983090F8902079
:1053F000034493F8BE7080F8BA701AB190F89030F8
:10540000012B62D190F89920474B134418790AF088
:10541000D3FD236893F89820134493F8BE60022EBE
:1054200051D032D9F31E012B31D801F085FA314623
:105430000AF018FC28460BF08BF8314601200AF0E0
:10544000C9FD012F37D0681D05F008F9607348B118
:10545000033F012F94BF5525502509F08BFE2846A8
:105460000BF026F923680022082103202173E28132
:10547000227483F89110A3F8922083F8942083F883
:10548000812083F8900003B0F0BD012ECDD040F212
:10549000EB713220FBF712FB236893F8542093F84A
:1054A000B100196DC3F83C11024383F85420002267
:1054B00083F8B02097E7E81C05F0D0F86073002867
:1054C000D0D04025C9E70D20B1E7002102F094F9C2
:1054D00008B1206896E7637B93B9206800F1BB02AE
:1054E0000023012180F89010A0F8BB308C3093701D
:1054F00001F086FA206803B0BDE8F04003F022B95D
:1055000001900BF0E1F809F053FE01986073E4E7B5
:1055100040F24E413220FBF7D1FA40F24C413220AA
:10552000FBF7CCFA701F0020F83D040008B505F029
:105530008FFA044B18700AF0EFFEBDE80840FFF741
:1055400035BF00BFD004002010B50C4C05F080FA28
:105550000B4A637B10702BB90AF0DEFEBDE81040E9
:10556000FFF724BF0BF0B0F809F022FE00236373AD
:105570000AF0D2FEBDE81040FFF718BF701F0020F0
:10558000D004002038B50446FEF7A6FF237A032B8B
:1055900063D0012B6AD051D84E4C4F49226892F803
:1055A000993092F84B000133A1FB035C0CF4FF75BA
:1055B00005EB5C055B1B40FA03FC1CF0010FDDB240
:1055C00016D10133A1FB035C2CF0010505EB5C0552
:1055D0005B1B40FA03FC1CF0010FDDB208D1013364
:1055E000A1FB035121F0010505EB51015B1ADDB26E
:1055F00082F8995092F958000AF0CEFC23680022F4
:1056000083F88120FFF7D2FE256895F84830A3B1D2
:10561000D5E92A126FF000439A4208BFB1F1FF3F6B
:105620000BD014F058F9D5E92A23904271EB03030B
:1056300003D3012005F088F818BB38BD023B012BCD
:10564000FBD8244C236893F8810090B9FFF794FAB3
:105650002368052283F8902038BD1E4B1B68186F05
:1056600098BBFFF72BFA237A012B94D1194C2268AF
:10567000C0E70120FFF780FA2368062283F8902014
:1056800038BD256804F09EFF044614F024F9630138
:105690001B1B4FEAD46262F10002520242EAD3526B
:1056A0005B021B1942F1000C4FEA8C1E9A014EEA74
:1056B000936ED31A6EEB0C021B1942F100021B18F9
:1056C00042EB0101C5E92A3138BD40F629113220EB
:1056D000FBF7F4F9701F0020ABAAAAAA2DE9F0414C
:1056E000A94E326892F8573086B05BB192F892308A
:1056F000054663B12C78012C14D0022C00F0DF8019
:10570000002C57D00324204606B0BDE8F08192F863
:1057100093100029EED192F894100029F2D02C7841
:10572000012CEAD192F8BA30022B6B7800F0FC80A1
:1057300003F01803182BE5D192F85430580700F104
:10574000F980990719D0914991F900307F2B00F029
:1057500055810293337B01930023039392F8BA306F
:10576000009302F18C0002F142037F220A70FF22B3
:10577000294601F025FA0028C4D0A9690120FEF7C6
:1057800025FF0028BED03268012382F882306B6981
:10579000002B00F0E98059780224C1F3031182F84C
:1057A000831059781B7801F00F0143EA0123A2F816
:1057B0008430A8E792F854108F07A3D01BB992F851
:1057C0009430002B9ED06B7813F0100F14BF08227A
:1057D0000122C3F3001732EA030393D1AA6800231E
:1057E0008DF815308DF816308DF81730002A00F03E
:1057F000C7800DF117030DF116010DF115022846B2
:10580000FEF7D0FF31689DF8153091F84180002BEC
:1058100040F0E880AB68AA7C4231404611F083FE3C
:1058200090B9336893F85530023B012B3FF66AAFCD
:105830009DF81630002B3FF465AF9DF81530002B16
:105840007FF460AF4FF0FE08002F00F0A1804F4BB7
:1058500093F900207F2A00F0D18030680292002462
:10586000327B0192039490F8BA1000917F21197055
:10587000424600F1420329468C3001F0A1F900288C
:105880003FF440AFA9690120FEF7A0FE00283FF4D5
:1058900039AF336883F882406A69002A00F0A98032
:1058A0005178C1F3031183F883105178127801F015
:1058B0000F0142EA01220224A3F8842023E792F890
:1058C00054309B073FF41EAF6B7803F01803182B7E
:1058D0007FF418AF2D4B93F900107F2900F08E80D4
:1058E0000291317B01910021039192F8BA1000914D
:1058F0007F21197002F18C0002F142032946FF2238
:1059000001F05EF900283FF4FDAEA9690120FEF721
:105910005DFE00283FF4F6AE326882F882406B6983
:10592000002B62D0597838E703F01903192B3FF4A4
:1059300003AFE7E669680023B1FA81F11A46490925
:105940002846FEF7F3F900283FF4DCAEAB69326875
:105950009B7813F0E0030CD192F84930002B3FF410
:10596000D1AE92F85430ECE6FF2382F88330022463
:10597000C9E6402BF5D192F84A30002BF1D1C1E6AF
:105980004FF0FF0860E700BF701F0020D004002028
:105990001B4A92F900307F2B30D030687F21117084
:1059A00090F89020032A05D090F89020062A0CBF8A
:1059B00003240124CDE90234337B019390F8BA30FB
:1059C0000093424600F1420329468C3001F0F8F87A
:1059D00000283FF497AE306801218C3001F03AF88E
:1059E000032490E648F002082EE7FF2382F8833074
:1059F00089E6FF2283F88320022484E6FEF7D2FAA8
:105A0000D004002030B505468BB005F021F82C7885
:105A1000404B024604F00F04284669461A7001F014
:105A20000FFC072C3C4D51D02B6893F8542012F0FA
:105A3000060210D121466846FFF720F92B6893F83B
:105A4000BA30042B1BD8022B1ED903246B7B6BBBF3
:105A500020460BB030BD93F89820134493F8BE2035
:105A6000012A52D0002221466846FFF707F92B6829
:105A700093F8BA30012B0CD0023B022BE5D941F24E
:105A800033213220FBF71AF8012B02D0022BDCD095
:105A9000F5E7062C02D012D8022C32D821466846EF
:105AA000FEF7DAFA6B7B0446002BD1D00AF00CFE2D
:105AB00009F07EFB002320466B730BB030BD072C32
:105AC0001FD16846FFF70AFE0446BFE72B68684609
:105AD00093F8BA1001F0EEFB002221466846FFF76A
:105AE000CDF82B6893F8BA30042BC8D8022BE8D82D
:105AF000012BE6D0022BC2D19DF80030012BA4D19E
:105B0000DFE70AF009FC0324A0E7962100200AF051
:105B1000BFFBA7E7D0040020701F00202DE9F04153
:105B2000A74C92B00D4608A901F08AFB206808A98D
:105B3000863001F043FC20689DF8202090F88230E8
:105B40009A4205D1032D18D09DF821301E0753D459
:105B500001218C3000F0B6FF0125637B1BB928467C
:105B600012B0BDE8F0810AF0AFFD09F021FB00237F
:105B70002846637312B0BDE8F08190F88330FF2BA4
:105B8000E2D12A46072108A8FFF778F82668B6F878
:105B9000923013B996F894303BB30A9B00228DF8EB
:105BA0001D208DF81E208DF81F20B3B30DF11D02AE
:105BB0000DF11F030DF11E0108A8FEF7F3FD266885
:105BC0009DF81D2096F841700AB147F002079DF834
:105BD00020509DF81E809DF81F30012D25D0022DEC
:105BE00000F0A480002D00F08480012106F18C00DB
:105BF00000F068FF0125B0E70D9A90F88310537804
:105C0000B1EB131FA4D1127803F00F0342EA032370
:105C1000B0F8842093429BD1B3E79DF82050012D2A
:105C200098461A464FF0FF07D9D19DF8210096F803
:105C3000861000F0090CBCF1090F03D000298BD0AD
:105C4000000789D596F8540040070BD596F89300C5
:105C500040B108A80592FEF769F8059A002840F0BF
:105C60001581266896F89230002B3FF475AF96F8B0
:105C7000543099073FF470AF9DF8213013F00203C0
:105C800000F0DF8052B90A9B9DF8322096F841005F
:105C900006F1420111F047FC002865D0494A92F90B
:105CA00000307F2B00F07B8120687F21117090F8FD
:105CB0009020032A00F0F48090F89020062A0CBF70
:105CC00003220122CDE90232237B019390F8BA30FE
:105CD00000933A4600F1420308A98C3000F070FFAF
:105CE00000283FF439AF206801218C3000F0B2FE6B
:105CF00033E796F854309B073FF42EAF9DF82130E0
:105D00009D0742D4FF2796F8943033B12E4B1B6881
:105D10001BB10F9808B111999847394608A8FEF7AA
:105D200097FC00283FF418AF022516E796F85410A8
:105D300088073FF411AF96F8920000283FF40CAFAB
:105D40009DF8210000F00905092D7FF405AF11F041
:105D500002053BD010F0020100F0A480002A40F0C0
:105D6000F680002B40F0E780236893F85530023B23
:105D7000012B3FF6F1AEB8F1000F3FF4EDAEFE217E
:105D800008A8FEF7EBFB0125E7E6002ABBD196F851
:105D900041000A9B9DF8322006F1420111F0C3FB3D
:105DA00026680028AFD196F85530023B012B3FF60C
:105DB000D3AEB8F1000F3FF4CFAEFE27A3E700BF8C
:105DC000701F0020D0040020B805002010F0020051
:105DD00000F08D8052B90A9B9DF8322096F8410060
:105DE00006F1420111F09FFB0028BDD06D4A92F9E7
:105DF00000307F2B00F0D38020687F21117090F855
:105E00009020032A05D090F89020062A0CBF032585
:105E10000125CDE90235237B019390F8BA30009338
:105E20003A4600F1420308A98C3000F0C9FE002870
:105E30003FF492AE206801218C3000F00BFE01256A
:105E40008BE6584991F900207F2A00F0A88096F847
:105E500090007F2703280F7005D096F89030062B0E
:105E60000CBF03230123CDE90223237B019396F882
:105E7000BA30009308A906F1420306F18C00FF2214
:105E800000F09EFE00283FF467AE2CE720680592E4
:105E90009A3011F0D6F800287FD12668059AE1E6FD
:105EA00000220FE73F4B93F900507F2D77D07F22E0
:105EB00003201A70FEF706FD012320680393237B5D
:105EC0000295019390F8BA3000933A4600F14203EC
:105ED00008A98C3000F074FE00283FF43DAE206825
:105EE0009A3011F0AEF80028A4D00B2535E62D4AE3
:105EF00092F900307F2B52D096F890107F2503291D
:105F0000157005D096F89020062A0CBF03200120BA
:105F1000227B0390CDE9012396F8BA300093FF224B
:105F200006F1420308A906F18C0000F049FE0028A2
:105F30003FF412AE7EE70A9B9DF8322096F84100AE
:105F400006F1420111F0EFFA00283FF40DAF154BB6
:105F500093F900507F2D22D07F22002103201A7058
:105F6000FEF7B0FC012320680393237B0295019385
:105F700090F8BA3000933A4600F1420308A98C30F9
:105F800000F01EFE00283FF4E7AD20689A3011F0C3
:105F900058F800283FF4E0ADA7E70C25DDE5FEF753
:105FA00001F800BFD004002010B5044604F050FDF5
:105FB00023780A4A03F00F03072B107005D12046FF
:105FC0000121BDE81040FFF7A9BD054B186801216C
:105FD0008C3000F077FD012010BD00BFD004002000
:105FE000701F002010B5044604F032FD23780A4AE1
:105FF00003F00F03072B107005D120460321BDE8E5
:106000001040FFF78BBD054B186801218C3000F064
:1060100059FD012010BD00BFD0040020701F0020DA
:1060200090F83E00003818BF012070472DE9F84372
:10603000012107460020FBF70BFA01210446084620
:10604000FBF706FA0546204601F03EFB02E094F815
:1060500090301BB194F89030012BF8D1002D41D035
:10606000284601F031FB02E095F890301BB195F81D
:106070009030012BF8D100F053FC00210E463F2256
:1060800040F201194FF0070820460EF0B1FE04F16E
:106090006400A4F84C9084F8546084F8996084F803
:1060A000587084F84B8011F02DFA3F223146E66695
:1060B00028460EF09DFEA5F84C9085F8546085F8B2
:1060C000996085F8587085F84B8005F1640011F0EF
:1060D00019FAEE66002384F88030E36784F8B03064
:1060E000BDE8F88300F01CFC3F22294620460EF054
:1060F0007FFE40F201120723A4F84C2084F854508C
:1061000084F8995084F8587084F84B3004F1640096
:1061100011F0F8F9E566DDE7F8B51D4E03460F46C8
:10612000002001217360FBF755F938B34FF4A472D6
:10613000002104460EF05CFE01210846FBF74AF9F7
:10614000054688B14FF4A47200210EF051FEB368E9
:10615000CBB13846FFF76AFF204601F097FA284690
:10616000BDE8F84001F092BAB36863B13846FFF772
:106170005DFF2046BDE8F84001F088BA40F67F0197
:106180003220FAF79BFC40F689013220FAF796FCA0
:10619000701F0020014B024A9A607047701F002058
:1061A000BC050020036823B1054A916813600B68A1
:1061B000184710B540F653113220FAF77FFC00BFA4
:1061C000701F002010B5104C206801218C3000F0A9
:1061D00079FC637B8BB9206800F1BB0200230121AD
:1061E00080F89010A0F8BB308C30937000F008FC61
:1061F0002068BDE8104002F0A5BA0AF065FA08F080
:10620000D7FF00236373E6E7701F002090F840304B
:1062100013F0FD0F14BF0120002004F08DB800BF63
:1062200038B590F84030044613F0FD0F00F14201FC
:1062300014BF0120002084F8410004F065F894F8B0
:106240004030023BDBB2012B94BF0123002384F8D2
:10625000483000D938BD04F0B5F9054613F03BFBD2
:106260006B015B1B4FEAD56262F10002520242EA07
:10627000D3525B025B1942F1000C4FEA8C1E9A016B
:106280004EEA936ED31A6EEB0C025B1942F10002D8
:106290001B1842EB0101C4E92A31002004F054FA32
:1062A0000028D7D140F6F6113220FAF707FC00BFDC
:1062B0002DE9F041D0F8E8509DF81840954203D1FF
:1062C00090F840208A4202D00020BDE8F08114F00E
:1062D000020190F842511DD10E460A4601E0954256
:1062E00042D38718013697F8BEC0ACF10307012FDF
:1062F00088BF4CEA010100EB820C53F82270DCF8F5
:10630000EC2002F1690C98BF41F004016745F2B23C
:10631000E5D0D9E70026B4463146324602E0F2B273
:10632000954221D300EB020E0CF101089EF8BEE06D
:10633000AEF10307012F00EB820298BF5FFA88FCE1
:10634000D2F8EC2053F82C7002F169028CBF4EEAAF
:10635000010141F004010CF1010EBA4206F10106FF
:106360005FFA8EFCDBD0AFE704F00500401AB0FA0C
:1063700080F04009BDE8F08190F85430590702469A
:106380000DD413F0030000D1704792F8550000F0CF
:10639000FD00A0F10100B0FA80F04009704790F8CC
:1063A0005600A0F10100B0FA80F04009704700BF2C
:1063B00030B5012983B004460CD094F854309B07C3
:1063C00018D10023A4F8BB3084F8BD3084F8903095
:1063D00003B030BD0A4D6B7B002BEED001910AF06B
:1063E00073F908F0E5FE00236B7394F854300199BB
:1063F0009B07E6D004F18C0000F064FBE1E700BFEE
:10640000701F00209A3010F025BE00BF01493630C1
:1064100011F030BEC13C000010B50121044600203F
:10642000FBF716F870B3637880F85430227812F0D6
:1064300001031DBF012380F8BE300221012112F0AB
:10644000020F05D000EB030C0B4602218CF8BE10A6
:10645000520703D50344042283F8BE20A37880F8B2
:106460004030E37880F8553013F0FD0F0CBF012366
:10647000002380F84C30237980F84B30637980F822
:10648000573010BD40F6AB213220FAF717FB00BFA2
:1064900010B590F89030022B0BD104468C3000F0F0
:1064A00011FB0023A4F8BB3084F8BD3084F8903091
:1064B00010BD40F6D7213220FAF700FB08B50023C3
:1064C0001A461946643003F063FE00280CBF0C2006
:1064D000002008BD2DE9F04304468DB00D46002094
:1064E0000121FAF7B5FF002800F0F6810646C83012
:1064F00001F006F9002847D096F85430042B43D019
:10650000666A002E00F04781B24F07F10C039E42ED
:1065100074D007F108039E4270D003F0B1FD06F17C
:106520003709074602A9484600F08AFE002F40F0CE
:106530003E81E37ADB0605F11C0000F13E81002E6E
:1065400000F0C7809DF80830022B00F0C2800146A1
:1065500094F82E30E522484611F07DFB94F82E3059
:106560008046434484F82E30484611F06CFB94F882
:106570002E30181AB0FA80F04009002F44D108F1EB
:106580001803944FDAB2ACE03046FFF749FD0646F7
:106590000028B5D1636A8F4FEBB107F1080807F106
:1065A0000C05616A0B68636241450E704E708E7017
:1065B000CE700DD0A9420BD038680FF0BBFBEFF3C3
:1065C000108272B63B790133DBB23B7102B962B61D
:1065D000636A002BE5D13868A4F108010FF0AAFB2B
:1065E000EFF3108272B63B790133DBB23B7102B933
:1065F00062B64FF40073ADF804305EE003F040FD86
:1066000000286AD04FF00008E37AD90640F16D8186
:106610005A0703D5E37EFE2B00F036810321297053
:10662000A27AEA7008F10A0313FB02F302336B70DB
:10663000637B6B71D4F80E30C5F80630638A6B81CA
:1066400085F80C80A844237E88F80D30E37A13F097
:10665000080700F0F880DFF880815E4F042346458C
:106660002B715FD12B79022262F34613626A2B7180
:106670006AB1EFF3108272B6636A19686162002A28
:1066800000F0A58000221A705A709A70DA7038688B
:10669000A4F108010FF04EFBEFF3108272B63B79C4
:1066A0000133DBB23B71002A00F08F8002264FF0ED
:1066B00004088DF804808DF805609DF804209DF88D
:1066C0000530002062F3070063F30F200DB0BDE832
:1066D000F083002F40F009813E4F18224FF0000850
:1066E000012004232B70A37AEB7013FB02F3023317
:1066F0006B70D4F80B30D4F80F20D4F81310D4F802
:1067000017C0C5F810C06B60AA60E960D4F81B30F0
:10671000D4F81F20AA616B6185F81B80DFF8B88070
:1067200046459FD008F104094E4557D0002E7CD035
:1067300048B3636A63B1EFF3108272B6636A196893
:10674000616202B962B600221A705A709A70DA70E9
:10675000386831460FF0EEFAEFF3108272B63B79EB
:106760000133DBB23B7102B962B6636A0022434572
:1067700084F82E203FF476AF4B4500F0A1809DF8C1
:106780000830022B75D02B79012666F346132B7146
:106790004FF004088DE703F073FC04F12F0907465E
:1067A00002A9484600F04CFD002F3FF4C2AEE37A48
:1067B000DB0605F10D007FF5C2AE9DF81880059946
:1067C00042460EF09DFA0120D7E662B66EE762B649
:1067D00058E700BF841F00208C1F0020636A63B14C
:1067E000EFF3108272B6636A1968616202B962B629
:1067F00000221A705A709A70DA70637D93BB2A79FE
:1068000063F346122A714FF004083868A4F10801B6
:106810000FF090FAEFF3108272B63B790133DBB2DE
:106820003B71EAB962B6022643E794F80B8018F090
:1068300010083FF43EAF2B79386866F34613A4F195
:1068400008012B7126E703F00302032A19D05B0726
:106850000BD4022A3DD0002A43D1264F29715DE78F
:10686000022626E74FF00008CFE70123214F2B71C6
:1068700054E72B7923F0680301262B714FF00408AD
:1068800017E72F711B4F49E711222A70A27AEA708D
:10689000120102326A7001222A71627B6A71D4F895
:1068A0000E20C5F80620628A6A812B73E369C5F859
:1068B0000D30238CA5F81130237E0E4FEB742DE79D
:1068C0002B7962F34613626A2B71002A7FF4D1AEF2
:1068D000DDE6084F2A7121E740F2C1113320FAF7B3
:1068E000EDF89A213320FAF7E9F853213320FAF72B
:1068F000E5F800BF841F0020303270B592B2054623
:106900000C461E460FF0DEF935B1044A002315602F
:10691000147456741471536170BD00BF841F00203D
:1069200010B5044C20680FF0EFF9237C237100228E
:10693000626110BD841F0020014B587C704700BF6E
:10694000841F0020F8B5164D6E69F6B928680FF05F
:10695000E1F904466861E8B12B7900F10807013BD1
:10696000DBB23146302238462B710EF041FAE37C1F
:10697000FF22012047F6FF7160F34613E183627541
:1069800084F82320E3743846F8BD40F23F113320E9
:10699000FAF794F84FF4A1713320FAF78FF800BF9B
:1069A000841F002008B5094B5B6933B103F108026D
:1069B000904206D103F1370008BD3D213320FAF79C
:1069C0007DF84FF4AA713320FAF778F8841F00207D
:1069D00010B50A4C606908B1373010BD20680FF05F
:1069E00099F9606128B12379013BDBB2237137301B
:1069F00010BD40F25F113320FAF760F8841F0020C9
:106A000038B5104C6169054679B1026801F1080397
:106A10009A4204BF0023036020680FF08BF92379AA
:106A200001330022DBB223716261296849B1206819
:106A300008390FF07FF9237901330022DBB223718B
:106A40002A6038BD841F0020014B00225A61704724
:106A5000841F002070B5056804460E468DB11749A5
:106A6000284611F010FB164B0022DA60EFF310827B
:106A700072B6696A0C33E9B1A96A0B60AB6202B9FC
:106A800062B6012E02D00023236070BD0C4D6969EF
:106A900059B1226801F108039A4206D028680FF024
:106AA00049F92B790133DBB22B7100236B61002391
:106AB000236070BD6B62AB62E1E700BFD56400008C
:106AC000841F00200129F8B50D4604463DD0036817
:106AD000002B2AD0364E5F7D47B30022B260EFF321
:106AE000108172B65A6A002A4CD0986A314A026004
:106AF0009A6201B962B627688FB12F49384611F002
:106B0000C2FA0023F360EFF3108272B67B6A002BA7
:106B100030D0B96A294B0B60BB6202B962B6012D55
:106B200034D00023012D23600CD0F8BDA3F108015F
:106B300030680FF0FFF8337927600133DBB2012DA5
:106B40003371F2D100237361F8BD194E0268716987
:106B5000A1B101F108039A4207D030680FF0EAF8BA
:106B6000327923680132D2B2327100227261002B75
:106B7000B1D1E7E7114B7B62BB62CEE71346002B36
:106B8000A9D1DFE70B4A5A629A62B2E7716959B13B
:106B9000226801F108039A4206D030680FF0CAF863
:106BA00033790133DBB2337100237361B9E700BF7E
:106BB000841F00208C1F0020D5640000901F00203F
:106BC0002DE9F84F04689DF930E09DF834900D46AA
:106BD0009A469DF828109DF82C30002C00F0238157
:106BE000A44E904632790746002A00F0B580D6F8C8
:106BF00014C0BCF1000F00F02A818CF81190EA68F3
:106C00004AB195F810B0A28D5A4440F2726B5A45C1
:106C100000F3E180A2850122013984F818E0A27214
:106C2000C9B2B9F1000F00F0CB80032900F2058151
:106C3000914A525C62756A691AB15278C2F30312C2
:106C4000A275EA6912B15288A4F819202878E27A6C
:106C5000A0F10101B1FA81F1490961F30002910744
:106C6000E2725CBF821EB2FA82F2E17A54BF52092C
:106C7000012262F34101E17211F0020118BFB0FA82
:106C800080F1E27A18BF490961F3C302A968E27290
:106C900019B1D2B242F00402E2722A6A12B192F938
:106CA0000020E2756A689AB1082B04F10E0200F028
:106CB000A780184604F10D0103F08AFC002800F0BB
:106CC000CF80637BD6F814C043F002036373A968D6
:106CD00061B1A8F10203012B04F11C0240F289808A
:106CE0000B68E3618B88938084F81B80B9F1000FF7
:106CF00017D0626A00238CF800308CF801308CF8D1
:106D000002308CF80330002A00F08480A36AC3F8B4
:106D100000C0C4F828C05949204611F0B4F9D6F88B
:106D200014C0AA6982B19378527803F01F0352EA23
:106D3000032309D1B360636A002B70D0A26A504B61
:106D40001360A36200233B60BCF1000F70D00023EE
:106D500073610120BDE8F88FB9F1030F07D8DFE8B0
:106D600009F00E0E35020121FFF7ACFE3C68002C45
:106D700068D17369002B6ED10020BDE8F88F71696E
:106D800089B101F108039C4204BF0023036030680D
:106D90000EF0D0FF33793C680133DBB2002233714F
:106DA0007261002CE8D0A4F1080130680EF0C2FF37
:106DB0003279736901320021D2B232713960D9E778
:106DC00003293AD82C4A525C227534E70121FFF797
:106DD00041FE3C68CBE70121FFF774FE7369002B8D
:106DE00042D13B68002BC7D040F247313320F9F73E
:106DF00065FEDAF80030E361BAF80430938073E797
:106E00006B7C63736B681968C4F80E109B88938061
:106E1000A9685DE7C4F824C0C4F828C07BE7184B14
:106E20006362A3628EE74FF442713320F9F746FEA6
:106E300040F2A1113320F9F741FE40F2173106204C
:106E4000F9F73CFE40F227313320F9F737FE3D21B8
:106E50003320F9F733FE4FF44A713320F9F72EFE51
:106E6000B9213320F9F72AFE40F246313320F9F7F1
:106E700025FE00BF841F0020003E0400D5640000F2
:106E80008C1F00202DE9F843524E04689DF82080A5
:106E90000F4631790025994605609DF928309DF807
:106EA000240081B93068A4F108010EF043FF337962
:106EB0000133DBB233717369002B00F08180002352
:106EC0007361BDE8F8830121C4F80950C4F80D507E
:106ED000C4F81150C4F81550C4F81950C4F81D5026
:106EE000A4F82150A172062A65D8DFE802F02A3101
:106EF00038643D640400E27A22F0120242F0120289
:106F0000E272237601232375082847F6FF73E38294
:106F100004F10E022FD004F10D0103F059FB0028FB
:106F200053D0637B43F002036373E37A5B072DD492
:106F3000FF23E376002323722749204611F09AF8B5
:106F4000B9E7E27A22F0130242F01302E272D8E7C4
:106F5000E27A22F0150242F01502E272D1E7E27AFB
:106F600042F01002E272CCE7E27A22F01A0242F01A
:106F70001A02E272C5E77B7C63737B681968C4F808
:106F80000E109B889380E37A5B07D1D5A8F10203AA
:106F9000012B04F11C0207D9BB681968E1619B88C9
:106FA000938084F81B80C5E7D9F80030E361B9F815
:106FB00004309380F5E740F219413320F9F77EFD64
:106FC00040F2A1113320F9F779FDB9213320F9F707
:106FD00075FD00BF841F0020D5640000F8B53A4E4F
:106FE0009DF918E0844610463279DCF8004000250F
:106FF000CCF8005072B93068A4F108010EF09AFE86
:1070000033790133DBB233717369002B52D0002323
:107010007361F8BDC4F809506289C4F811500F4675
:1070200041F6012141EA032122F4DF5241F6FF3308
:1070300022F01F020B4013436381012323750828AC
:1070400047F6FF73C4F81550C4F80D50C4F8195032
:10705000C4F81D50A4F8215084F818E0E38204F12C
:107060000E0214D004F10D0103F0B2FA38B3637BC1
:1070700043F002036373E37A5B0713D4FF23E376E1
:10708000002323721149204610F0F4FFBCE77B7CFB
:1070900063737B681968C4F80E109B889380E37A49
:1070A0005B07EBD5BB681968E1619B882384FF22ED
:1070B000E276E5E740F2A1113320F9F7FFFCB921B0
:1070C0003320F9F7FBFC00BF841F0020D5640000CB
:1070D00018B1407BFF3818BF0120704720B1C07E37
:1070E000FF3818BF0120704708B540F271413320C6
:1070F000F9F7E4FC20B1807DFF3818BF012070470C
:1071000008B540F279413320F9F7D8FC70B50C4648
:107110000546164610F005FC6074284610F00CFC7D
:10712000A074062E13D8DFE806F004190412041226
:1071300004000023EA1CC4E90123012161706B787B
:10714000063BDBB223743BB10935E56070BD00231B
:10715000C4E9013363702374E36070BD002303212D
:107160006A1823740935C4E901256170E36070BDB4
:1071700070B5C3780C4613F03F015BD0054610F0A4
:10718000D0FB6074284610F0D7FBA0742B79637095
:10719000E878830923702B7913F0010641D14FF071
:1071A000050C4FF00B0E624613F002011CBF05EBFD
:1071B0000C017246A160590744BF0132D2B213F0EC
:1071C0000801666002D0961CA918F2B2616113F042
:1071D000100102D0D61CA918F2B2A16113F020014F
:1071E00003D002F11206A918F2B213F04003E161D4
:1071F00002D0AB180132D2B200F03F00011D891A53
:1072000011F0FF01236214BFAB180B4663626B7869
:10721000013B1B1ADBB2237453B10A441544E560E9
:1072200070BD4FF00B0C6E1D4FF0110E6246BBE7A8
:10723000E36070BD20462822BDE870400DF0D8BD47
:1072400070B5067806F00F06072E25D00C460546C9
:1072500010F067FB6074284610F06EFBA074062ED9
:1072600013D8DFE806F0041D041204120400002302
:10727000EA1CC4E90123012161706B78063BDBB293
:1072800023743BB10935E56070BD0023C4E90133C7
:1072900063702374E36070BDBDE87040FFF768BFA2
:1072A000002303216A1823740935C4E9012561709C
:1072B000E36070BD0378012B2FD0022B23D003395C
:1072C000C9B2A3B1012908D9427800236FF345124E
:1072D0004270C3610374C36070474378DA06F3D524
:1072E000437800226FF3861343700262ECE70129B2
:1072F00023D94378DB06E7D4437800226FF3C30336
:1073000043704261DEE74378002223F00303033930
:10731000426043708260C9B2D4E7427800236FF3C1
:107320004102022942708360CED0D2B2033963F3A6
:10733000000242704360C9B2C4E7427812F0100FF5
:10734000DAD022F0030243608360D3064270C7D4D0
:10735000D2E700BF0123002259400370437003713C
:10736000C27042718170704710B4012B124C9DF8AD
:1073700004C0C0F8024004D0022B17D083B110BC67
:107380007047ACF1020CBCFA8CFC4FEA5C1C4FF06D
:1073900000036CF307036CF30F2310BC03807047EA
:1073A00010BC017042700371C3707047002201234A
:1073B00010BC0280437170470001010003782BB1BB
:1073C0004B7800226FF300034B704A6043782BB177
:1073D0004B7800226FF341034B708A6003792BB125
:1073E0004B7800226FF345134B70CA6183782BB141
:1073F0004B7800226FF3C3034B704A61C3782BB103
:107400004B7800226FF304134B708A61437913B1F8
:1074100000230B74CB6070474378002223F02203D3
:1074200082604370C2617047042816D003280DD0D3
:10743000022840F2762240F2464340F6480004BF5C
:1074400013464FF4856018449630704740F6A223E7
:1074500041F2BE1018449630704741F6067344F26C
:10746000902018449630704708B540F2A63121208C
:10747000F9F724FB70B50446FF2380F8393190F802
:10748000B8000CF0AFFA94F8B8000CF03BFE94F89A
:10749000B9000CF0A7FA94F8B9000CF033FE002103
:1074A0002046FEF785FF94F840313BB1D4F83031E7
:1074B00053B104F5887001F045FC09E0D4F83C01B3
:1074C00010B1D4F8303133B304F5887001F0A2FB69
:1074D000002684F8396194F84051204615F0FF05E4
:1074E00018BF0C25FEF7EAFF84F84061C4F83C6140
:1074F00084F8386194F8B8000BF0F2FE80B12026D1
:1075000094F8B90084F8B8600BF0EAFE68B184F82A
:10751000B960284670BD00F5007001F07BFBD3E731
:1075200040F2FB212120F9F7C9FA40F2FF21212086
:10753000F9F7C4FAF8B5044612F0CDF9D4F83C21B5
:1075400005460E46002A56D04FF0000C94F8420132
:107550006146634604EB83030CF1010CD3F8EC2085
:107560005FFA8CF3693283421144F3D9D4F8E8709E
:10757000B94214BF0127022738460CF047FC3128D6
:1075800037D9431C5DD0D4E93E3219188A4298BFDE
:10759000D01AD4F8C830D4F8CC205B1B62EB0606B6
:1075A000012B76F1000255DB00229842B2415ADAF3
:1075B00041F28836864228BF064612F08CF9C5F1A2
:1075C00074050544B54214D8394630460CF072FCB7
:1075D00078B9D4E93F20D4F8F830334430449342AA
:1075E000C4F8F830C4F8000144D0BDE8F8400CF00D
:1075F000BFBB0020F8BDD4F8E8C094F842010727CB
:10760000ACFB07E71146134604EB83030132D3F8C2
:10761000EC3069331944D3B28342F5D98C451BD081
:10762000D4F8E020D4F8D030D4F8E4109B1AD4F881
:10763000D42062EB0102734572EB070311D30127DB
:107640009AE7D4E93E30C61A41F288339E4228BFF9
:107650001E46B2E70026B0E75EEA070301D0032723
:107660008AE7022788E741F28830834228BF034631
:107670001E46A2E7D4E94423C4E93823B5E700BF96
:10768000014B1870704700BFD10400200D4B002241
:1076900010B51A601A6841F669039A420CD804467C
:1076A00090F8383123B190F838310BB1FFF7E2FE92
:1076B0000023A4F8343110BD40F625012120F9F74C
:1076C000FDF900BF9C1F002010B5044690F838312A
:1076D00013B190F838311BB90023A4F8343110BD30
:1076E000FFF7C8FE0023A4F8343110BD90F83831FC
:1076F00003F0FF020BB910467047FFF7BBBE00BF97
:1077000090F87000003818BF0120704730B585B080
:1077100090F83831002B56D103F0FF020B7803921A
:10772000CDE9012213F001023ED19446012596468F
:1077300013F0020407D00DF1100C0CEB8E0EAC46CA
:10774000CD684EF80C5C13F0040334D10CF1FF3C0F
:107750005FFA8CFC80F842C14968C0F8E810C0F8B4
:10776000201140F27121A0F824111AB10199693950
:10777000C0F8EC105CB104A901EB820100EB8204BB
:1077800051F80C1C01326939C4F8EC10D2B24BB17B
:1077900004AB03EB820300EB820053F80C3C693B23
:1077A000C0F8EC3005B030BD8C68019494460225D9
:1077B0004FF0010EBCE70DF1100E0EEB8C0E0D69B3
:1077C0004EF80C5CC6E740F2B9212120F9F776F9B2
:1077D000D0F83C2108B552B190F8383103F0FF02DF
:1077E0000BB9104608BDBDE80840FFF743BE4FF493
:1077F0003B712120F9F762F970B590F8393113B176
:107800000025284670BD04460D4612F064F894F831
:10781000BA20062D4DD8DFE805F0270404073B0405
:1078200004000125284670BD033A012A94BF4FF495
:1078300061764FF45776D4F8D020D4F8F830801A17
:10784000ED3B0644B3428CBF01250025D9D8204624
:10785000FFF770FE0028D4D0D4F8F850ED3DAE42CA
:107860002CBF00250125CCE7531EDBB2032B1CD80F
:107870001249042ACB5C0ED05E1D032AF6B210D04A
:10788000022A0BBF06360536B600F6009836D2E758
:107890004FF40276CFE75E1DF6B2B60106F5C87664
:1078A000F4E7360106F5BF76F0E7FD210520F9F78C
:1078B00005F94FF452712120F9F700F9043E040054
:1078C00070B50C4606460021D4F8080201F0FCF918
:1078D0000546B54204F500700AD0294601F0BEF90C
:1078E000002333628DB900220023C4E9802370BDD8
:1078F000AB68D4F80822934217D39342F5693062FB
:1079000038BF1346B360002DEDD001F04DFAA8B199
:10791000D5E90032A9685B1842F10002B5F92410DC
:10792000A4F82412C4E9803270BDA9690029E4D00A
:10793000294601F093F900232B62E6E740F2097132
:107940002120F9F7BBF800BF2DE9F04F8FB00446B6
:10795000BDF8608002920F461E4611F0BCFFD4F8BD
:10796000ECB0CDE9030194F842010BF169010D4639
:1079700050B1012304EB83020133D2F8EC20DBB2D7
:10798000693298421544F5D2D4F8E8206EB3AA4281
:1079900000F0C281029B5BBBD4E94423D4F8E80029
:1079A000111843F10009039B9E1AB6FBF0F600FB89
:1079B00006F67618A6EB030349F10009B3F59A7FA2
:1079C00080F02482D4F8D830DDF808A0A3EB0208B8
:1079D000B8FBF0F800FB0828A6EB0808861949F167
:1079E00000095346B8FBF0F800E1029B002B60D081
:1079F0004FF0000A039B069213F5FA66049B43F1CD
:107A0000000901F0C5F901F053F90346194604F5E0
:107A100088700593079001F021F9D4F83C11DDE955
:107A2000053231B10798CDE90523FFF749FFDDE9BC
:107A300005231BB1B3F92410A4F83411AA420CBFDA
:107A4000D4F81851D4F8E8508BB11A68986859687E
:107A5000801841F10001CDE900692A4601F052F990
:107A600085420346C0F02883861949F10009059331
:107A700001F094F9D4F8E810059B01F2CF72134499
:107A8000B3FBF1F301FB03F3F31AC4F8103169F10E
:107A90000003C4F81431B8F1000F40F0A4814FF096
:107AA000FF306FF000414346C4E932014FF0010856
:107AB0009CE0D4E94453039E761BB6FBF2F602FB2E
:107AC00006F67519039E06F59A76A6EB050643F1B0
:107AD0000009B24294BFA6EB020AB246002800F0A9
:107AE000A7828A4523BFAAF16902A2EB0B0A0121F2
:107AF0000021012819D0D4F8F03003F16902924531
:107B000005D3AAF169020131A2EB030AC9B2022826
:107B10000BD0D4F8F43003F16902924505D3AAF1F1
:107B200069020131A2EB030AC9B204EB8103D3F865
:107B3000ECB00B46E21892F8BE00421ED2B2032A05
:107B400000F2B682DFF8B8C21CF80220042802F165
:107B500005085FFA88F800F04882032800F059828F
:107B600002280BBF08F1060808F105084FEA88084B
:107B70004FEAC808CDE9051309F080F9A14A00F5DC
:107B80002340A130A2FB00300AF1ED02904408EB43
:107B900090108345DDE90513C0F0FE8104EB8302FC
:107BA000D2F8EC20A2EB0A0BBBF1000FC0F28B82E3
:107BB000D4F81011D4F8D020761949F10009521ADE
:107BC000D4F8145100F17D82D4F8E800B2FBF0F251
:107BD00000FB02F2521845F10005C4E94425B21A2F
:107BE00000F16F82B2FBF0F84FF0000AE21892F851
:107BF000BE00421ED2B2032A00F25A8280498A5C39
:107C0000042802F10505EDB200F06881032800F0B8
:107C10008C8102280BBF06350535AD00ED000593BC
:107C200009F02CF9774A00F52340A130A2FB00307F
:107C3000D4F8C820911BD4F8CC2062EB09020129AA
:107C400005F1ED0572F1000305EB9015059BC0F2FF
:107C5000428100208B4570EB020200DB8B4604EB77
:107C60008303D3F8EC00584528BF5846C4F8FC00FD
:107C7000BAF1000F03D1B8F1000F40F05C81D4F8E5
:107C80003C31029A2AB1D4E94412C4E93469C4E906
:107C900038120022C4E93669C4F8F8507A72002B11
:107CA00000F0208194F842C11146134604EB83038F
:107CB0000132D3F8EC3069331944D3B29C45F5D284
:107CC000D4F8E830994214BF012302233B727D604F
:107CD000BAF1000F00F0FA8001233B70039AD4F848
:107CE000C830D4F8CC109B1A049A61EB0201012B26
:107CF00071F10002C0F21D81434A00249A4274EBE4
:107D0000010100DA13465B1B3B6185428CBF0020FA
:107D100001200FB0BDE8F08F94F8383123B1B4F9E9
:107D20003431002B7FF436AE029B002B40F0DA8119
:107D3000D4E932126FF000439A4208BFB1F1FF3F1D
:107D400000F04B8194F84131234493F8BE00431E68
:107D5000DBB2032B00F2AC81294A0428D35C00F08B
:107D60006A815D1D0328EDB200F06B8102280BBF14
:107D700006350535AD00ED0009F080F8214A00F523
:107D80002343A133A2FB0323ED3505EB9315039B9E
:107D9000099513F59A730C93049B43F100030D931B
:107DA0004FF00008022308A88DF82080ADF8283095
:107DB0000BF0C4FA002800F098810C99D4F8C82080
:107DC0000D98521AD4F8CC1061EB0003521B63F1EA
:107DD0000003002BDDE9036943464FF0010ABFF6BB
:107DE00005AFC34602E742F2107331464A46E8FB4C
:107DF0000312C4E9321200234FF00108F6E600BF77
:107E0000043E0400D34D62100040420F94F8BE00BF
:107E1000029B8DF82030431EDBB2032B00F2488119
:107E2000B44AD35C042803F10505EDB200F0FC80F0
:107E3000032800F02A8102280BBF06350535AD0066
:107E4000ED0009F01BF8D4F8E810D4F8D830D4F8D5
:107E50003C6100F52342D4F810011B1AB3FBF1F387
:107E600001FB03F31B18A4480C9302F1A102A0FB31
:107E7000020205F1ED05D4F8140105EB9212099206
:107E800040F1000000220D908DF82920002E00F016
:107E9000DC8094F842511046134604EB8303013210
:107EA000D3F8EC3069331844D3B2AB42F5D98142F0
:107EB0000CBF022001208DF8280008A80FF0A2FBBB
:107EC0000023DDE90C6980469A468FE6C7E904691C
:107ED00087F800A019E74FF0000BC0E6AD0105F5EB
:107EE000C8759CE6D4F8E8E094F842C14FF0070862
:107EF0001A46AEFB088B194604EB83030132D3F814
:107F0000EC3069331944D3B29C45F5D28E4557D035
:107F1000D4F8E030D4F8E420F31A69EB02024345C8
:107F200072EB0B0336D30123D0E62D0105F5BF75A7
:107F300075E60023E7E64FEA4801B4F9340189B257
:107F400010F0D7F9B4F83421D4F83C31121A12B237
:107F5000A4F8342163B1A3F82422D3F80022121824
:107F6000C3F80022D3F8042242EBE072C3F80422E3
:107F7000D4F81021C117361841EB09091018D4F8AC
:107F80001421C4F8100141EB0202D4F8FC00C4F83B
:107F9000142176E6022399E694F842218A4229D9EF
:107FA000D4F8E8204B1C96425FFA83F880F0958065
:107FB00004EB88024346D2F8ECB00BF16906F3E516
:107FC000D4F8D030D4F8D420F31A69EB0202434538
:107FD00072EB0B03DED2032378E6DDF80880DDE9DF
:107FE000036943464FF0010A00E64FEA881808F596
:107FF000C878BFE5D4F8E82096420FD3B6EB420F1D
:108000004FEA420164D204EB83020E46D2F8ECB090
:10801000CAE54FEA081808F5BF78ABE5164604EB49
:108020008302D2F8ECB0BFE5AD0105F5C87508E7ED
:10803000014603467EE55D1DEDB2AD0105F5C8754F
:108040009AE62D0105F5BF7596E6072594F842E1FD
:10805000A1FB0558B446324604EB82020136D2F841
:10806000EC2069329444F2B29645F5D2614512D0C3
:10807000D4F8E0209B1AD4F8E42060EB0202AB4273
:1080800072EB080305D3012015E72D0105F5BF7537
:10809000D7E602200FE7D4F8D0209A1AD4F8D430CB
:1080A00060EB0303AA4273EB0803F2D2032002E75A
:1080B000FD210520F8F702FD40F269312120F8F793
:1080C000FDFCFFF7D1F940F24F412120F8F7F6FC13
:1080D00040F246412120F8F7F1FC40F229412120ED
:1080E000F8F7ECFC4FF0010A84E440F295412120BE
:1080F000F8F7E4FC043E0400D34D6210F0B50446EA
:1081000089B0072900F2AB80DFE801F03D090925BD
:10811000A92A07A42046FEF779F909B0F0BDB0F806
:10812000BC30C3F30C03002B40F09080002200927F
:10813000012302A92046FFF707FC0028EAD094F8A3
:10814000B80002A90BF0ECF90028E6D140F23D712D
:108150002120F8F7B3FC09B0BDE8F04008F01EBBE1
:1081600090F8393153B9B0F8BC30C3F30C03002B8D
:1081700066D090F8BA30033B012B7DD909B0BDE839
:10818000F040FEF71FB890F8393103F0FF054BB10E
:108190000121FEF70DF908F067F909B0BDE8F040DC
:1081A0000AF02ABF0BF0B6F8D4F81031B0EB030C8C
:1081B000C4E9340100F1818094F84261D4F8E87098
:1081C00002940595B6B1BCFBF7F207FB0233C01A67
:1081D0002A462B4604EB8303D3F8EC3003F1690104
:1081E000814203D869380135C01AEDB20132D3B2E9
:1081F0009E42EFD2B4F8BC3084F84151C3F30C0373
:108200008DF8185083BBBC4538BF0123BC458DF8A1
:10821000103034BF0027012702A88DF81970FDF730
:10822000C1FFD4F8F800DD38C4F800010BF0A0FD60
:1082300000287FF472AF40F295112120F8F73EFC40
:10824000FFF778F900287FF468AF97E70021FEF781
:108250001FF96BE740F2CB112120F8F72FFC40F219
:10826000CF112120F8F72AFCD4F80421039203232C
:108270008DF810300027CFE790F80831002B7FF4FD
:108280007DAF012180F8081144F236500BF012FE48
:1082900000287FF473AFD4F8F830D4F8000144F22A
:1082A000365210441344C4F8F830C4F800010BF0FF
:1082B0005FFD00287FF431AF60E7FFF7D5F800BF1E
:1082C00030B589B090F83821002A45D1044602F033
:1082D000FF03FF2280F8382180F8393190F84251AD
:1082E00080F84131A0F834319C46184604EB8303F2
:1082F0000CF1010CD3F8EC205FFA8CF369329D424B
:108300001044F3D2D4F8E830984220D0D4F8EC20CE
:1083100002F169034DB1D4F8F030D232012D13448B
:1083200003D0D4F8F42069331344C4F81831009111
:108330000023012202A92046FFF706FBB0B194F802
:10834000B80002A90BF0ECF858B109B030BD41F209
:108350008833C4F81831EAE74FF41B712120F8F78D
:10836000ADFB40F282212120F8F7A8FB40F28121E9
:108370002120F8F7A3FB00BF38B590F838318BBB4C
:108380000D4651B3044621461B480AF07DFF2028C4
:1083900084F8B8001AD0184821460AF075FF202842
:1083A00084F8B9000DD0C4F83C5195F8283203F098
:1083B000FF01E3B984F840112046FFF781FF012057
:1083C00038BD94F8B8000AF08BFF08B1002038BD22
:1083D00040F291212120F8F771FB40F29D212120EC
:1083E000F8F76CFB4FF427712120F8F767FB40F298
:1083F000A6212120F8F762FBFD80000038B5044675
:108400000D46114821460AF03FFF202884F8B800A5
:1084100012D00D4821460AF037FF202884F8B90011
:1084200005D020462946FFF74BFF012038BD94F8C0
:10843000B8000AF055FF08B1002038BD40F2912184
:108440002120F8F73BFB00BFFD8000002DE9F04F35
:1084500090F8BD305F2B89B005464AD8B54A590916
:108460000A4492F80490B9F1040F00F0128195F9D2
:10847000BB2095F8BC40002A03F01F0395F8BB20F1
:1084800044EA0323ACBF1E264FF4967603FB06F6A0
:10849000D30914BF4FF496771E2707F07DFBA6EB98
:1084A000000807F0A1FB95F8BB3013F0400F14BF94
:1084B00032244FF4FA7406440EF0D2FD031908EB8F
:1084C000070000FB03F39C4C03F5742303F23F23E6
:1084D000A4FB0323B8F5C07F4FEA93446ED395F80D
:1084E00039314BB107F0C0FF09B0BDE8F04F0AF0D9
:1084F00083BD4FF00009BAE7484608F0B7FC8D4B42
:10850000DFF838A203EB8903D3F8088008F523438A
:10851000A133AAFB032307EB9317AB3707EB440701
:108520000744484608F0A2FCA7EB000B484608F0B9
:10853000A5FC95F85410A8EB0008AAFB083A0129FD
:108540000BF1ED0B4FEA9A1A00F0DE804846FEF779
:108550006BFFD5F8D030D5F8D420843B42F1FF3200
:108560009B1942F100021C1B62F10003744AABEB41
:108570000A0B83441078CDF80CB00022FE28CDE918
:1085800006438DF808208DF8112000F0AD804A07D1
:1085900040F1AA808DF81000C5E9364395F8B8007F
:1085A000C5F8F8B0C5F8047102A90AF0B9FF0028AF
:1085B00098D14FF4D7612120F8F780FA484608F0A7
:1085C00055FC5C4BDFF874A103EB8903D3F80880FA
:1085D00008F2E733AAFB032307EB9317203737444E
:1085E00027440744484608F041FCA7EB000B4846E7
:1085F00008F044FC95F85410A8EB0008AAFB083AD0
:1086000001294FEA9A1A74D04846FEF70DFF0BF184
:10861000ED0BD5F8F880ABEB0A0303EB000AD0456D
:108620004DD2474B93F80090B9F1FE0F37D04B076E
:1086300035D548460BF0EAFBAAEB0803322B38BFCE
:108640003223984228BF1846494680460BF032FC38
:1086500048B301212846FDF71BFF95F8392102F0A8
:10866000FF03002A7FF43EAF00931A4602A9284672
:10867000FFF76AF9002852D095F8B80002A90AF06D
:108680004FFF00287FF42EAF40F224712120F8F72D
:1086900015FA002280F808214FF00309E7E609F0F7
:1086A00095FB8146C5E7D5F8F8004044C5F8F800C9
:1086B000DD38C5F800010BF05BFB0028C9D0103E87
:1086C00095F84111029502220023341B02A805945B
:1086D00003978DF818108DF810208DF81930FDF7DC
:1086E00061FD09B0BDE8F08F09F070FBDDE90643DC
:1086F00050E7B9F1030F16D0B9F1020F40F6480068
:1087000008BF4FF4856082E7B9F1030F0ED0B9F1CD
:10871000020F40F6480008BF4FF4856019E728466D
:10872000FDF774FEDEE641F2BE1070E741F2BE10C6
:108730000FE700BF043E040083DE1B43D34D6210ED
:10874000D104002010B588B090F8392172B902F038
:10875000FF0300931A4602A90446FFF7F5F860B13B
:1087600094F8B80002A90AF0DBFE80B107F07CFEA5
:1087700008B0BDE810400AF03FBC2046FDF746FEB9
:1087800007F072FE08B0BDE810400AF035BC40F2B8
:1087900024712120F8F792F92DE9F043DFF8808069
:1087A000012383B088F8003000254FF6FF7720269C
:1087B0001DE0009BEBB193F82822D2B11888B84293
:1087C0001DD02146F8F744FE8146F0B190F8290209
:1087D0000BF098FC99F8290289F828420AF080FDEC
:1087E000C0B189F8296209F5007000F013FACDE9EB
:1087F00000556846F8F766FE04460028D9D00023E5
:1088000088F8003003B0BDE8F08340F2BF11352096
:10881000F8F754F94FF4D7713520F8F74FF900BF46
:10882000A01F00202DE9F84F0C4691F89E900546B8
:1088300017461E46002B40F09D8094F82832032BEB
:1088400000F21881DFE803F04C028802D4F81C80A3
:10885000DFF82CA2DAF80030002B6CD0314620462D
:10886000984700FB088700F09FFA002868D0002096
:108870000346D4F80022D4F80412BA1841F10001DA
:10888000121843EB0103C4E98023C5E904234FF028
:10889000000B85F800B094F89E3003F0FD020C2A1E
:1088A00060D0262B5ED0204610F09CFD002800F002
:1088B000D58094F82832012BDAB216BF02232A722F
:1088C0002B7200236B7204F144000FF05EFC6860B1
:1088D00026B1A9F10E09B9F1010F50D8BDE8F88F02
:1088E000002F00F0BD8094F87D8094F87C20DFF8A4
:1088F00090A1012384F82832624B404633F812706D
:1089000008F0BCFAA8F103085F4907F29D77B8F1B7
:10891000010F0744A1FB073794BF2821002101EB79
:108920009711F03120460FF0D2FCDAF800304FF00A
:108930000008002B92D1474600F036FA002896D165
:10894000B4F9240202210FF0D4FCB4F824321B1A2B
:10895000A4F82432C3178CE70323D4F8308284F8B8
:10896000283275E7204610F03DFD4FF0010B002343
:108970002B72A6E70121204606F084FB5DE7414605
:1089800028460EF03FFE86B2204610F02BFD8146B1
:10899000BBF1000F14D1864212D385F808B0D4E998
:1089A000803207FB00F15B1842F100022B616A6123
:1089B000002F5AD0414628460EF024FE484486B285
:1089C0003146204606F05EFBDAF8003073B1012133
:1089D000204698472B6908FB00F813EB08032B612E
:1089E0006B69304443F1000386B26B6100F0DCF93F
:1089F000E0B1D5E90430D4F88420C4E98030002AFD
:108A00003FF46CAFB4F8CE20B4F898309B1A1BB288
:108A1000002B7FF763AFB4F888100B44013BB3FB26
:108A2000F1F313FB0123A4F8CE3057E77600B6F537
:108A3000803FB4BFB1B24FF6FF71B4F924020FF01A
:108A400058FCB4F824222B69121AA4F824226A696B
:108A5000C31842EBE0702B616861CCE7834686E780
:108A600040F223213520F8F729F840F2A7213520DC
:108A7000F8F724F840F25D213520F8F71FF800BF21
:108A8000E40500202C3E0400D34D6210024B00226E
:108A9000C3E90022FFF780BEA01F0020FFF77CBEC5
:108AA000014B5870704700BFA01F002008B540F26E
:108AB000A3110FF014FCB0F5296F28BF4FF4296003
:108AC00080B208BD70B5044686B0042900F28580E6
:108AD000DFE801F0670D03124900042384F828320F
:108AE00007F0C2FC06B0BDE870400AF085BA032367
:108AF00080F8283206B070BDC269D0F85032C0F894
:108B000030229A4204D0283010F0E0FCD4F85032E1
:108B1000D4F84C2294F87C0094F87D603149E263EB
:108B2000B4F84822A4F84020D4F85422E36131F884
:108B300010506262304608F0A1F9033E2A4905F25E
:108B40009D75012E0544A1FB053594BF2821002108
:108B500001EB9511F03120460FF0B9FB022384F8A8
:108B6000283206B070BD90F87D6090F87C201D4BD7
:108B7000304633F8125008F081F9033E1A4905F2E5
:108B80009D75012E0544A1FB053594BF28210021C8
:108B900001EB9511F031204606B0BDE870400FF0B2
:108BA00096BB124B1A7802F0FF03002A95D10146BA
:108BB00001226846FFF736FE94F8290269460AF05A
:108BC000AFFC28B1B4F898300133A4F8983087E7A7
:108BD00040F2E2213520F7F771FF40F23D313520B8
:108BE000F7F76CFF2C3E0400D34D6210A01F00204D
:108BF000024B0022C3E90022704700BFA81F0020DB
:108C0000034B186808B10C2070475860704700BFCC
:108C1000A81F0020C369ABB110B4D0E90214DA6810
:108C2000D0F818C0C3F818C0214411448269D96033
:108C300032B1D36100220023C0E9062310BC704783
:108C4000DA60F7E7826904490A6002B1D361002261
:108C50000023C0E906237047A81F002008B5C161A2
:108C6000A1B18B698861836173B1D861C169002347
:108C7000C36041B1CB6823B18268934211D39B1A80
:108C8000C3600023CB6008BDC360F3E7074A1368E5
:108C900083611BB1D861C1691060E8E71060C360EF
:108CA00008BD2D213720F7F709FF00BFA81F0020BE
:108CB000044B1B6823B118469B69002BFBD17047FE
:108CC00018467047A81F00200D4B1B68B3B100B5B4
:108CD00084464FF0FF3E002000E01346DA689445DA
:108CE00003D8964584BF184696469A69002AF4D15F
:108CF00011B9002808BF18465DF804FB18467047F4
:108D0000A81F002030B585B0DDE90834C01A61EB3A
:108D10000404002C15460BDB214603AA009202AB8B
:108D20002A460BF043FF002C039805DB05B030BD4D
:108D3000404264EB4401F0E70028F7D0281A05B060
:108D400030BD00BF036A2DE93048DBB182689C6802
:108D5000A24217D3D0E90615D0E906BCC3E906BC88
:108D60004DB1AB61996951B1C068CB610244121B2E
:108D7000DA60BDE83088054D2B600029F4D1D96058
:108D8000BDE83088CD213720F7F798FEA81F0020D6
:108D9000014B01221A717047A81F0020014B0022CD
:108DA0001A717047A81F0020014B1879704700BF47
:108DB000A81F0020F0B5070CA7F5AA42144B543A9F
:108DC000012A03EA90231FD927F4004042F6AA2281
:108DD000801A18BF01200022162116461F2487EA98
:108DE000060562EA0505013510D0DD03ADB245EA9E
:108DF0005606E503ADB2013945EA52024FEA530384
:108E00004FEA5404EBD1F0BD0020E4E70020FAE77C
:108E1000E0FF3F00F8B58D1FADB240F67A4C6545D6
:108E20000746BDF824601046BDF818203BD8841FC3
:108E3000A4B264458CBF002401242546AFBB1D4F5E
:108E40003F796FB15CB96FF450654D19062D06D8A6
:108E50006FF450640419062C8CBF002401242546AD
:108E6000FDB1814224D803FB0666B6F5FA7F1FDC0C
:108E7000A2F10A039BB240F67644A34218D80DF043
:108E800071F842F210735A4300FB06F1B2EB410F46
:108E90000ED9BDF81C50BDF8200085428CBF0025BE
:108EA00001252846F8BD0024C7E797F88170C8E778
:108EB0000025F6E768200020304BF0B5B0F8707060
:108EC000B0F86E605D880C4611461A88974228BF3C
:108ED0001746964228BF16461B2E85B02ED0B5F5F4
:108EE000A47F2DD040F648039D4201AA28BF1D460D
:108EF0000DF061F8BDF80A309F4228BF1F46BDF84B
:108F00000C30E780AB4228BF2B462381BDF80630EA
:108F10009E4228BF1E46BDF8083066809D4228BF8D
:108F20001D46A580FF232370E3881B3B9BB2E02BEB
:108F300008D940F2F7513920F7F7C0FD1B2FCED1E9
:108F400005B0F0BD63881B3B9BB2E02B02D940F219
:108F5000F951F0E72389A3F5A4739BB240F64812B8
:108F6000934202D940F2FB51E5E7A388A3F5A4732D
:108F70009BB29342E4D940F2FD51DCE76820002027
:108F8000012821D8022B0DD1114BA2F57A709842FD
:108F90001CD8A1F57A70984218D88A428CBF12204A
:108FA000002070470B48824210D8012B07D140F2B5
:108FB00052739A420AD9084BA1F6C410EBE7042B6E
:108FC000F9D140F6C313F4E7122070473020704700
:108FD000A7F970028FFD7002CBF370020138C0B2A6
:108FE000032808B504D940F217310620F7F766FDCB
:108FF000014B185C08BD00BF9C3E04000138C0B2A4
:10900000032808B504D940F217310620F7F756FDBA
:10901000014B185C08BD00BF063F04000138C0B218
:10902000032808B504D940F217310620F7F746FDAA
:10903000014B185C08BD00BF843F040010B5044616
:109040000A48FDF7E9F920460949FEF75FFB20468B
:10905000FDF7DCF838B12046FDF7E2F82046FDF7D1
:10906000D1F9002010BD1220FCE700BF84200020B1
:109070008C2000202DE9FF410678012E804640F02B
:10908000988031460020F8F7E3F9054620B940F60C
:10909000C5613920F7F712FDB8F80430002B40F015
:1090A0008280FCF7BDFF00287FD195F83831002B76
:1090B0007DD12846FFF7C2FF044600286FD1314614
:1090C0003046574FF8F7C4F997F83810064619B1EB
:1090D00010B940F6E161DCE73A7F0023CDE90233C5
:1090E00012F001031CBFF86A0290520741BF04AAA4
:1090F00002EB83037A6B43F8082C002945D096F8DD
:109100003831002B41D0B8F80230002B3DD13B7FE5
:109110000093BA6AB97F02AB3046FDF7C9F8A0B335
:109120003046FEF755FB06F14003804605F140024C
:10913000703653F8041B42F8041BB342F9D1284699
:10914000FFF77CFF024610B140F60371A1E7B8F1CA
:109150000C0F07D101462846FFF750F9F8B940F641
:10916000077196E7B8F1000F02D040F60C7190E756
:109170007B7F296D43F0040385F854302846FFF7C0
:10918000FBF860B940F60E7183E7B8F80420B8F830
:1091900002102846FFF732F9002808BF07242046AE
:1091A00004B0BDE8F0811124F9E73A24F7E70C2474
:1091B000F5E701210020F8F74BF9054610B940F614
:1091C000217166E7FEF792FA04460028E7D195F888
:1091D000543095F8B02022B195F8B120134385F8AA
:1091E000B000053B012BDAD82B6D13B940F6317175
:1091F0004FE701210846F8F72BF9294606464FF4B8
:10920000A4720BF07DFD0423316D86F85430304696
:10921000FFF7B2F80028C2D140F6367139E700BF37
:1092200068200020F7B5114B9C7EDD7E9F8B0646A3
:1092300014B900F04DFF0446A5B900F049FF0546FA
:1092400014B9092003B0F0BD0028FAD0304601A9B6
:109250008DF804408DF80550ADF806700EF027FA31
:109260000020EFE7002CF1D1EBE700BFEC24002059
:1092700010B503210020F8F7EBF8044670B903217C
:10928000F8F7A8F8044620B940F23D313920F7F745
:1092900015FC034B93F950100FF0D7FD204610BD7D
:1092A0006820002038B50EF03DF901F053F900F0C8
:1092B0001DFF0EF0BDFE01F0F3FB02F0F7FC01F024
:1092C00023FC012000F0D6FE164B174A1A60002539
:1092D0001B22164C5D839A80DD831D841D76144B02
:1092E000A576F92258682283124A1B892260E06120
:1092F0001422294604F124002384A580A5750BF0CF
:1093000077FD012342F21072C4E90A2284F8243066
:1093100084F8393084F8445004F13A00BDE838400C
:1093200010F0DAB8EC24002003021B0068200020B3
:109330009C3E04001B004801044B41F64C521B218B
:10934000C3E9022219745A61FFF7ACBFEC24002074
:1093500073B5384DAB68044640F8443FFAF754FA09
:10936000064600F0AFFE2B7C84F84C30324BA4F85C
:109370004E6010F0200F1B681DBFAA886988A4F8F2
:109380006E101B2208BFA4F86E20A4F870201BB139
:1093900094F980102088984728490B79003B18BF22
:1093A000012384F88130264B1B6813B120880831D3
:1093B000984794F88130002B41F64C5318BF4FF476
:1093C0007A73E3612046FFF72DFF064648B12088F7
:1093D0000221F8F753F840B340F2B9513920F7F7BA
:1093E0006DFB184B1B6813B101462088984704F1A8
:1093F000280010F06BF8AB886A8869780191033314
:109400002978009103329BB292B204F1180104F161
:109410001400F8F78FF8636913B940F2CE51DDE715
:10942000A3691BB940F2CF51D8E70926304602B0F4
:1094300070BD00BFEC240020EC0500206820002057
:1094400000060020FC0500202DE9F34105460E46EC
:109450000FF040FD002800F0AE8028460FF0CCFD54
:1094600030B1B6F80130013B7F2B01D9122404E062
:1094700028460FF0C5FD20B90C24204602B0BDE8F7
:10948000F0812846FAF70AFC0028F5D128460FF0AB
:10949000C6FC80460028EFD1284604F0C7F8002813
:1094A000E4D0B6F80170F17842F2107328465F43B9
:1094B0000FF08EFD04213078F7F7CAFF062104462D
:1094C0003078F7F7C5FF002C77D038B141F661113D
:1094D0003920F7F7F3FA90F8BD800446404E336820
:1094E000002B6CD0403420460FF0CEFF002866D011
:1094F00020460FF0BDFF002861D1B8F1000F08D061
:10950000384B20461B689847002858D041F6751103
:10951000DEE73549336849694246204698470028C6
:109520004DD041F67A11D3E728460FF065FD40B9DA
:1095300002210DF10600F7F715FF064658B90D2474
:109540009BE728460FF06AFD0028F1D1274B1B79D5
:10955000002BEDD18AE7002101F0AEF9BDF806300D
:109560003380284631460FF06EFD28460FF056FD39
:10957000A0B928460FF05CFD01463046FFF7E8FE33
:10958000044600287FF479AF3A4631462846FAF778
:1095900023F8044620B141F6A61199E70121ECE732
:1095A000124BDB6C002B3FF468AF024606F5A1714D
:1095B0003046984761E742245FE700288BD1284670
:1095C0000FF012FD01460028AED13A462846FAF7C0
:1095D00003F8044600283FF450AF41F6831177E7C3
:1095E000F8050020F4050020EC240020682000206D
:1095F000014B93F95000704768200020B0F900201B
:10960000F8B514B292B202F5A0639BB2B3F5206F25
:1096100034D8B0F902301DB29BB203F5A06189B213
:10962000B1F5206F2AD802F2F64189B240F2BE505D
:10963000814225D803F2F64189B2814220D8002C1C
:10964000C4BF093214B2002DC4BF09331DB20A20B1
:1096500094FBF0F401F02CFA67B206460A21384672
:1096600095FBF1F149B201F015FA074B1B684BB1BC
:10967000A01B40B208B198470020F8BD3020FCE79D
:109680001120FAE71846F8E7F0050020034B5A8846
:1096900002801B7883700020704700BFEC240020FC
:1096A0007FB583781A2B064609D8042B05D90122E9
:1096B00002FA03F3314A134205D112251AE0292B8D
:1096C00001D03B2BF9D13088B0F5706FF5D26946E7
:1096D0000DF06AFF88B9019B93F8402102F0FF0565
:1096E000C2B9B27883F84121FF2283F8402168464D
:1096F0000EF077FC284604B070BD30880921F7F7DA
:10970000A7FE0446002837D0B0F8AC0102A90DF03E
:109710004BFF08B10C25EDE7B4F8AE010821F7F7CF
:1097200097FE20B940F6E8013920F7F7C7F903782A
:109730001BB994F8C831032BECD1039B93F8562145
:10974000002AE7D194F8F02102F0FF05002AE1D1C8
:10975000B4F8B021A3F8582194F8B42183F85A2121
:10976000027D83F85B21B27883F85C2184F8F021D4
:10977000FF2283F85621BDE70225BBE7200038040D
:109780000188A1F11B039BB2E02B0CD84288A2F503
:10979000A4739BB244F24810834204D8034B0020C8
:1097A00019805A8070471220704700BF682000203F
:1097B000034B1A885B88028043800020704700BFFB
:1097C0006820002013B5008869460DF0EDFE18B141
:1097D0000224204602B010BD9DF8003001984BB91C
:1097E0000CF0CDFB0028F3D0019890F8523123B152
:1097F0003A24EEE70CF0D1FBF4E790F8EC3003F0FC
:10980000FF04002BF4D190F8E3309B0706D1FF232F
:1098100080F8523168460EF0E4FBDAE70249E430A2
:109820000EF02EFCD5E700BFB58801002DE9F84306
:109830000378032B044603D912252846BDE8F88394
:109840004378032BF8D8437E85780BB9012DF3D1EB
:1098500015F0F80FF0D1A80751D5022DECD14F4BE0
:109860005B79002BE8D000F033FC35EA000340F0D0
:10987000918094F8029019F0010506D02269A16840
:10988000E0780123FFF77CFB054619F0020F07D0B3
:109890002269A168E0780223FFF772FB0543EDB26D
:1098A00019F0040F07D02269A168E0780423FFF7BC
:1098B00067FB0543EDB2002DBFD1B9F1050F0FD104
:1098C00094F80490E168626904234846FFF758FB66
:1098D00000285DD1E3784B455CD1A368994259D10A
:1098E000237E013B062BA7D801210020F7F7B0FD0E
:1098F000814638B940F6C6513920F7F7DFF86907D5
:109900009AD0B0E7C830FDF7FBFE18B199F8543093
:109910009A0741D194F819C0E278A178A068B4F808
:10992000009094F818E0BCF1000C18BF4FF0010C47
:10993000012A1ABFB2FA82F252090222CB071ED5BF
:109940004B0727690BD56669BB19984207D24308B4
:109950009F4228BF1F46C31B9E4228BF1E460F4B77
:10996000C3E90A07C3E90C8619775A77A3F81E9052
:1099700083F820E083F821C083F824105DE70229F2
:1099800002D1D4F81080EAE74B0748BF2669E6E722
:10999000054652E7112550E70C254EE768200020C8
:1099A0002DE9F041044688B0002000F063FB2378E5
:1099B0008DF8043063788DF80530A3788DF8063083
:1099C00003F001055B0748BF013500F081FB9DF8FE
:1099D000063083434CD10DF1070003A90E4684469F
:1099E00004F1030840F2712EDAB2954219D8224BE5
:1099F00093F820208DF81C20A27893F839308DF848
:109A00001D3032F0050335D112F0050F32D01B4C5A
:109A1000DAB2954217D801A8FFF708FF08B0BDE8F1
:109A2000F08103EB8302013318F802700CF8017B1C
:109A300022449788D2880EFB07F746F8047B0EFB7A
:109A400002F27260D0E710F8012B012A12D88A685E
:109A5000A2F6C412A2420E4608D83268A2F6C41278
:109A6000A24201F1040103F10103D1D93020D5E76D
:109A70001120D3E71220D1E768200020CBF3700239
:109A800000B589B043798DF8043083798DF80530BD
:109A900001238DF8063003788DF80730B0F80130D7
:109AA00040F271214B430393B0F803204A430D4920
:109AB000059291F820108DF81C1000218DF81D10D2
:109AC0000949A2F6C4128A4209D8A3F6C4138B42EC
:109AD00005D801A8FFF7AAFE09B05DF804FB302005
:109AE000FAE700BF682000203C369C002DE9FF41CA
:109AF0000778EF2F04460D4601D91225A5E0B0F8EE
:109B00000130ADF80C309DF90C209DF80C30002A86
:109B1000F3DB9DF80D209607EFD1D8066CD499069B
:109B200003F0030265D5002AE7D11A0703D503F035
:109B30006703012BE1D163781E0711D42179E27804
:109B4000E07942EA0122617942EA0142A17941EADF
:109B50000021207A41EA00418A42CED81F2ACCD97E
:109B6000627A013A062AC8D8A27A032AC5D813F025
:109B7000040102D1023A012A03D8E27A012ABCD8B0
:109B800011B9A27C032AB8D813F01001227D44D069
:109B9000012AB2D1237E012BAFD800294DD06378A2
:109BA000D80703D500F018FA00284DD06378227D3D
:109BB00003F0180108295AD1022A45D11B0709D4FC
:109BC000E279A37943EA0223227A43EA0243B3F516
:109BD000804F39D81FFA87F803214046F7F738FC41
:109BE0000646002849D0FAF759F8002851D00C252C
:109BF0002BE0032A99D180E713F0600F7FF47DAF4B
:109C000003F00F0203F00703052B94D0931E012BE2
:109C100091D9002A7FF471AF8DE7022A04D103F0B5
:109C20006F03092B7FF469AFA37D013B022B3FF645
:109C300064AFE37D0F2BADD95FE700F049FA8107F0
:109C40000AD4237D022B04D11125284604B0BDE897
:109C5000F081A37D022BF7D000F03AFA42079ED4A0
:109C6000237D032BF0D0A37D032B98D1ECE7022AB0
:109C7000A4D0A27E002AA1D0E6E703214046F7F750
:109C8000A9FB0646002840D0214B93F950100FF055
:109C9000DCF8002138460FF0D7FB18BB30460FF038
:109CA000A0F921462870E074304603F017FD637E6A
:109CB0000546002BC9D00028C7D1F16C0246684682
:109CC000F7F714FDF06C2A4601210CF06FF8F16CE7
:109CD00068460422F7F70AFDF06C2A4629460CF084
:109CE00065F8B2E740300FF0CFFB0028D6D063789C
:109CF00013F0330F7FF401AF3046A77D0FF098F9D2
:109D0000FFF76CF98742C9D071E707259DE700BFCF
:109D10006820002030B50279042A8BB0034658D859
:109D20004488B4F5804F54D82B4810440021827CDD
:109D3000457BADF8041042F0100242EA4502C57DB1
:109D4000007F8DF80C1042EA850242EAC00202F060
:109D50001F028DF80420BDF80420ADF80D201A88EC
:109D60008DF80F208DF81240120A240A8DF8111078
:109D70008DF814108DF810208DF813405A7B8DF853
:109D800015205A798DF816209A79D3F807008DF8A6
:109D90001720B3F80B209B7B8DF81E307F238DF8A6
:109DA0001F30012306908DF82110ADF81C208DF88E
:109DB00020308DF8223003A88DF823108DF8241060
:109DC0008DF825108DF8261001A9FFF78FFE0BB036
:109DD00030BD1220FBE700BF9C3E040013B50378A2
:109DE000044653B1002301A8019307F049F9019BF0
:109DF0009B0702D00C2002B010BD024B22781A71D2
:109E00000020F8E7682000200278034672B142780B
:109E100062B142881A2A09D982881A2A06D9044AC4
:109E2000006810609B889380002070471220704764
:109E3000EC240020024B02689A600020704700BFAB
:109E4000EC2400200378A3F10A02112A9DBF024AE4
:109E50000020137412207047EC2400200378FF2B9D
:109E600016D14378FF2B13D18378FF2B10D1C37801
:109E7000FF2B0DD1037923F0E0021F2A08D113F044
:109E8000E00F05D0034A5B0982F8203000207047BC
:109E900012207047682000200378012B9FBF044ADE
:109EA00003F00103002082F8393088BF1220704788
:109EB00068200020014B18760020704768200020A1
:109EC000014B58760020704768200020024B1B6829
:109ED00003B1184711207047E805002008B5052098
:109EE00000F0D4F805F07AF8014B024ADA6408BDB4
:109EF00068200020B98E000008B503F081FAF9F758
:109F00005DFBBDE80840014803F064BABC200020B6
:109F100008B5FEF76DFEFEF7B9FDFFF769FBBDE87A
:109F2000084001460148FCF7F7B800BFBC200020FC
:109F300008B50DF0F5FA064800F58471F8F7A8F9B0
:109F400002200BF091FEBDE8084000200BF08CBE13
:109F5000BC20002008B5074B012283F80A2203F039
:109F600057FA04F037FAFFF7E3FFBDE8084000F0C6
:109F7000CDBF00BFBC20002010B5064C064904F53B
:109F800003700CF0E2FF04F504700449BDE81040D2
:109F90000CF0DBBFBC200020040600200C060020D3
:109FA00010B5094C094904F503700CF0CEFF04F517
:109FB000047007490CF0C9FF04F505700549BDE8B8
:109FC00010400CF0C2BF00BFBC2000202C060020B7
:109FD0003406002024060020014B93F80A02704743
:109FE000BC20002010B5064C064904F503700CF0A7
:109FF000ACFF04F504700449BDE810400CF0A5BFA7
:10A00000BC200020140600201C06002038B5094C96
:10A010000D4600F057FFD4F80C02C4F804510CF0C0
:10A020008CFFFFF789F901F0B7F8012384F81832A3
:10A0300038BD00BFBC200020014B93F818027047C8
:10A04000BC20002010B50A4CD4F810020CF075FFAB
:10A05000D4F814020CF071FFFFF724F9202000F06F
:10A0600023F8262000F020F8002384F8183210BDD1
:10A07000BC200020014B83F819027047BC2000204F
:10A08000014B93F819027047BC200020C208054913
:10A09000012300F0070003FA00F08B5C184388549A
:10A0A000704700BFD8040020C208054900F007002F
:10A0B00001238340885C20EA03008854704700BF76
:10A0C000D8040020014BD3E900017047D8040020D8
:10A0D000054B1868C0F3C022C0F30020400040EADE
:10A0E000820040F001007047D804002008B50FF04E
:10A0F0008EFA084A002332F82310814205D302EB7E
:10A1000083039B78044A137008BD01330C2BF2D1F2
:10A110000023F7E7D63E0400D6220020024B187831
:10A12000072828BF07207047D622002010B54468B2
:10A130002388A4F8A83184F8A71194F87C00FEF7CE
:10A140005DFF84F8AA0194F87D00FEF757FF0549EA
:10A1500084F8AB0104F5CF700DF092FF002384F872
:10A160004C3110BD65700100406808490388A0F8B3
:10A170009A3190F8743080F89C3190F8753080F8FE
:10A180009D3100F291100DF075BF00BF7B70010092
:10A1900030B505680446084651B115B12179994298
:10A1A00015D1FF216171237122600023637130BDDD
:10A1B000002DFCD0FF236371237921600122054922
:10A1C00002FA03F3C1F8083560711046EFE700208A
:10A1D000EDE700BF00F00140044B002283F832207D
:10A1E0004FF6FF729A86DA861A877047D8220020C7
:10A1F000054B9A8E824201BF002283F832204FF62F
:10A20000FF729A86704700BFD8220020014BD88683
:10A21000704700BFD8220020094A0346908E4FF6AF
:10A22000FF71884206D192F83210012905D01A60D8
:10A23000012070470020186070470020704700BF61
:10A24000D8220020064B93F83220012A1FBF01209C
:10A25000DA8E83F832009A8608BF0020704700BF6C
:10A26000D8220020014B1887704700BFD822002059
:10A27000064B0246198F988E884205D193F832001A
:10A2800018B113600120704700207047D8220020C9
:10A29000094B998E1A8F914201D0002070474FF6DA
:10A2A000FF729A8693F83220002AF6D0002283F8B3
:10A2B00032200120704700BFD8220020054B998E24
:10A2C0001A8F914203BF93F83200B0FA80F0400930
:10A2D00001207047D822002050B90A4A13460120B5
:10A2E00003F8010B0868C2F801008A889A80704759
:10A2F000012805D1034B0A689A608A88D8719A812F
:10A30000704700BF1223002048B90A4B187880B16B
:10A31000D3F80120B3F805300A608B80704701281C
:10A3200006D1044BD87920B19A680A609B89F4E77A
:10A33000002070471223002020B9054B187800F048
:10A340000100704701280ABF014B0020D879F6E7C9
:10A3500012230020F7B500228B888DF80600ADF897
:10A36000043008680C4B8DF80720019D1C780146CD
:10A3700003F5AC73D0B2844201D8082009E0D3E9D8
:10A380000076AE4208BF8F4203F1080302F10102DA
:10A39000F0D103B0F0BD00BF2023002030B5094B41
:10A3A00001465C78002203F58173D0B2844201D863
:10A3B000082005E013F8015B8D4202F10102F4D19F
:10A3C00030BD00BF20230020F0B5254D95F8984101
:10A3D00089B0224605F2991168460AF091FC21469F
:10A3E00068460DF0BEF80446B8B300EB4001C9B2B0
:10A3F00002A8F6F797FD601E95F8A161C0B201248E
:10A4000095F8982105E0731CB3FBF2F102FB1133C0
:10A41000DEB206F120030DEB030111F8203C002B06
:10A42000F1D100EB400220326A4406EB46032B4494
:10A4300012F8187C83F8A27112F8177C12F8162C07
:10A4400083F8A37183F8A42101F8204C0138AB19DB
:10A45000C0B2FF2883F89941D2D109B0F0BD00BF46
:10A460002023002070B5064688B00C46002A4FD045
:10A470002A4A92F8A131D01890F8991121B94FF4D5
:10A4800080712820F6F71AFB03EB430111440133D6
:10A4900091F8A251E57091F8A35191F8A41161715E
:10A4A0000021257180F8991192F89811B3FBF1F011
:10A4B00001FB103382F8A13192F8C23123B9184957
:10A4C00002F5DD700DF0D9FD657905F03F0545F029
:10A4D000400565710D22002168460AF089FCE37889
:10A4E0008DF80F3023798DF80E3004AA04236946C5
:10A4F00030468DF80D500AF099F99DF81F30237001
:10A500009DF81E3063709DF81D30A37008B070BDBB
:10A5100003216018F6F706FDD6E700BF20230020D0
:10A52000C9A30000044B5A78824286BF1B1893F8D7
:10A530004A010020704700BF20230020044B5A78B6
:10A54000824286BF1B1893F842010020704700BF6B
:10A5500020230020064B00224FF461711A8083F8FB
:10A56000C32183F8C421A3F8C61183F8C221704720
:10A5700020230020014B83F8C401704720230020D2
:10A58000014B93F8C40170472023002010B51446F6
:10A59000FFF7E0FE082803D1012000F0010010BD04
:10A5A000FFF7FCFE064B5A788242F5D904B12070C1
:10A5B000184490F83A31012BEED090F84A01ECE7BC
:10A5C00020230020014BB3F8C60170472023002050
:10A5D00030B50A4B5C7884420ED9184490F80201D9
:10A5E0002B3003EBC004A5790D7053F830001060D8
:10A5F000A3889380012030BD0020FCE720230020A9
:10A6000070B506460D4606F05FF804F0D1FD0A4B22
:10A6100093F8C3415CB1597859B1981C82333246E2
:10A62000002D08BF184604F08DFD04F0EBFD204618
:10A6300070BD0C46FBE700BF2023002008B5064B89
:10A6400003EB01130246012103F1820004F07AFDBD
:10A65000BDE8084004F0D6BD20230020024607488C
:10A6600010B590F8C34124B1417821B1023004F013
:10A6700069FD204610BD0C46FBE700BF20230020EB
:10A680002DE9F74F2F4C9A466378834280468946DE
:10A6900056D9231893F8425185F00105F9B193F882
:10A6A0004A31E3B945F002070135BAF1000F18D17C
:10A6B000FA070AD5062101FB084104EB08105246AF
:10A6C00001F585718230FFF7CDFEBB0734D504EB71
:10A6D0000810524649460230FFF7C4FE2CE02F46D0
:10A6E000E3E794F8A1614FF0010B002DE0D0A3192E
:10A6F000019393F8991199B90092DAB100F01CFD19
:10A7000006EB46012144019B81F8A2014FEA102C7F
:10A71000009A81F8A3C1000C81F8A40183F899B1D3
:10A7200094F898310136B6FBF3F103FB1166F6B2EB
:10A73000013DDAE747F00407384603B0BDE8F08F83
:10A740000027F9E720230020F8B5184C064648B347
:10A75000617804F5A1700CF004FF94F89851074655
:10A76000294604F299100CF0FCFE2D1AEDB2AF420E
:10A770001AD8002506270FE0E21892F8422152B9B4
:10A7800007FB034104EB0313324601F5857103F126
:10A790008200FFF767FE01356278EBB29A42EBD890
:10A7A0000120F8BD0546E5E70020FAE72023002058
:10A7B000F0B51B4E7378834289B007460D462CD9FD
:10A7C000331893F8424144BB0D22214668460AF0F3
:10A7D0000FFBEB788DF80F302B798DF80E3006EBF0
:10A7E00007106B798DF80D3004AA04236946823076
:10A7F0000AF01CF82A789DF81F309A420AD16A782C
:10A800009DF81E309A4205D1AC789DF81D00231AA0
:10A810005C425C41204609B0F0BD0020FBE700BF70
:10A8200020230020074B5A78824209D91A1892F83F
:10A8300042212AB9062202FB003000F585707047DC
:10A840000020704720230020064B5A78824281BFA7
:10A850001B1893F83A01B0FA80F0400998BF002025
:10A86000704700BF2023002030B50024A0F84240EC
:10A87000B0F8464042F210754C43B4FBF2F4A0F835
:10A880004640541E05FB0343B3FBF2F3A0F84430EB
:10A89000084BB3FBF2F30133A0F84A30838F05FB7A
:10A8A0000344436BB4FBF2F459438463B1FBF2F20B
:10A8B000426330BD005A620270B504460D4649BB82
:10A8C0004FF442720AF094FA012384F8A6306FF034
:10A8D000360384F8F330042384F8F4306FF03B033C
:10A8E00084F8F5306F2384F8F6306FF03F0384F876
:10A8F000F7302B2384F8F230FE2384F832317F23A3
:10A9000084F89D30202384F8F85084F8F95084F8B6
:10A910005C3270BD012922D10023A0F81C3280F8DE
:10A920001332154BC2691344B3FBF2F3C0F8C830BD
:10A9300040F6B833A0F8CC301146C38C9030FFF706
:10A9400093FF0AF08BF830B1206AFEF733FA10B9A2
:10A9500084F80052DDE7002384F80032D9E70229A9
:10A96000D7D1B0F8E232D0F8DC22C169BDE870403E
:10A970009030FFF779BF00BF7FC3C90170B50446AF
:10A980000D4649BB4FF426720AF032FA012384F8CF
:10A99000A6306FF0360384F8F330042384F8F430E3
:10A9A0006FF03B0384F8F5306F2384F8F6306FF0D6
:10A9B0003F0384F8F7302B2384F8F230FE2384F829
:10A9C00032317F2384F89D30202384F8F85084F8B6
:10A9D000F95084F8293270BD012912D1C2690D4B9A
:10A9E0001344B3FBF2F3C0F8C83040F6B833A0F814
:10A9F000CC30C38C114604F19000BDE87040FFF7E5
:10AA000033BF0229E7D1B0F85632D0F85022C169DD
:10AA1000F1E700BF7FC3C901034B80F880101B68BA
:10AA20000BB10088184770473C060020074B93F98C
:10AA300000301844142804DC10F17F0F03DB40B20F
:10AA40007047142070476FF07E007047E8240020A4
:10AA500007B57F230DF107008DF8073005F042FEA2
:10AA60009DF9073068B10A4A5078404243FA80F0B5
:10AA7000142808DC10F17F0F07DB40B203B05DF84B
:10AA800004FB1846FAE71420F8E76FF07E00F5E7BC
:10AA9000E8240020014B187059707047E82400200A
:10AAA000024B00221A705A70704700BFE824002041
:10AAB000014B93F900007047E8240020014B93F903
:10AAC00001007047E8240020054B1B7833B9054B83
:10AAD0001A681B79026003710120704700207047DB
:10AAE000EA240020E0040020054BFF221A70054AEA
:10AAF000016811600179117100221A70704700BF5E
:10AB0000EA240020E004002007B5064B18680090F6
:10AB10001B798DF804306846FFF7E6FF03B05DF857
:10AB200004FB00BF66B804000346407848B1DB78F8
:10AB30003A2B05D8034AD35C1B1A58425841704738
:10AB4000012070470A3F04003A2908B5C17003D8B4
:10AB5000064B5B5C437008BDFF2904D04FF489614C
:10AB60002A20F5F7ABFF0123F4E700BF0A3F0400FA
:10AB70002DE9F04385B0894602A9144698460CF0A9
:10AB800013FD054600283DD1039E34B9012486F803
:10AB9000A540204605B0BDE8F083776921463846D8
:10ABA0000AF09CFE014678B3194B5B88A3422DD373
:10ABB00001AA38460AF0D5FF96F8A5300198002B77
:10ABC0000CBF494602210DF0F7F801982246414694
:10ABD00003300AF095F8214638460AF0C4FE0446D0
:10ABE00018B97A212B20F5F769FF9DF808302BB1B1
:10ABF00002A80DF0F6F9039BA3F80A52002386F889
:10AC0000A530C6E70124C4E70446C2E72C46C0E7E6
:10AC1000EC240020024B987FC04300F001007047F5
:10AC2000EC240020034B987F80F00200C0F340002A
:10AC3000704700BFEC24002083230B70014B1B786E
:10AC4000CB707047102500207FB505460C4621B912
:10AC50004FF48B711020F5F731FF03888B800023B0
:10AC60004B72866930460AF06EFF014610B940F219
:10AC70001F11EFE701AA30460AF073FFE08010B918
:10AC80004FF49271E6E7FB2802D94FF49371E1E7A4
:10AC900001980DF099F8012801D0022805D1207201
:10ACA000206828B940F23D11D4E74FF49B71D1E7F9
:10ACB0000199E28803310AF023F830460AF059FF7F
:10ACC00010B94FF4A171C5E7002130460AF0AFFE7C
:10ACD00010B940F24711BDE70A4BDA7F82B11A8CF6
:10ACE0002888013A02A91A840CF05EFC10B14FF4D6
:10ACF000A871AFE7039AB2F8B6300133A2F8B630C4
:10AD000004B070BDEC2400202DE9F347DFF8589122
:10AD100006460D464FF0050800272B693BB11B7A0C
:10AD20002BB12C699CB9002002B0BDE8F0876C689B
:10AD3000237A012BF7D0EFF3108372B66A6812689A
:10AD40006A6003B962B6237A002BE6D02C6194F8CE
:10AD500008A05FFA8AFA84F808800AF1FF330B2B07
:10AD600074D8DFE803F0700612266D3D4C3D3D3D82
:10AD70003D60636823B94FF4EE711020F5F79EFE35
:10AD800031462046984704201BE0636813B940F21F
:10AD9000E511F2E73146204698470346C3F30723FF
:10ADA000012BADF80400C0B253D0022B09D12F61A2
:10ADB00051E0636813B940F2EF11DEE7204698478F
:10ADC0000020EFF3108372B6227A052AD1B201D0A7
:10ADD000002944D127722F61002B3CD162B63AE0A2
:10ADE000D9F80030002BEBD06068524631469847C6
:10ADF000BAF10A0FC7D100232B61042094E76368DE
:10AE00000BB9DB21B9E70D2232701988A6F80310BF
:10AE1000012200245869B2707271B47121460AF09F
:10AE200006FE2C61E9E7606810B940F21A21A4E738
:10AE30000E4B31461B68984700232B61022073E7B5
:10AE400040F2232199E740F2262196E740F229219A
:10AE500093E70323237200283FF45FAF64E7002BDE
:10AE60007FF45BAF62B658E744060020400600203E
:10AE700070B5134C1426231D32460021184609F0E4
:10AE8000B7FF03460125257400210433324604F13F
:10AE90001800C4E9013309F0ABFF84F8245004F131
:10AEA0001C03C4E906330023E362236384F83430CF
:10AEB000C4F83530C4F8393084F83D3070BD00BF77
:10AEC0001025002010B5084C2378FF2B04D04FF438
:10AED000B7711020F5F7F2FD09F0F0FC2070BDE825
:10AEE0001040FFF7C5BF00BFE504002010B5034CBC
:10AEF000207809F0FFFCFF23237010BDE50400203B
:10AF0000014B187809F006BDE5040020014B024A08
:10AF10001A6070474006002049AC000038B50B4D60
:10AF200005F118010446FFF7EFFE70B9AB681B7A14
:10AF30000C2B04D1064BDA7F0AB11B8C2BB12046B7
:10AF40000449BDE83840FFF7DFBE38BD10250020BA
:10AF5000EC2400201425002010B51346027A22B1FB
:10AF600040F2C9211020F5F7A9FD0A46BDE81040BE
:10AF7000014601480DF05EB814250020044890F801
:10AF800034301BB903492C300DF071B8704700BF45
:10AF900010250020278001000346064890F83E2037
:10AFA0003AB190F83D2022B900F8353B02490DF046
:10AFB0005EB870471025002039AC000010B50A4675
:10AFC000037A23B140F2D1211020F5F777FD014635
:10AFD000BDE81040014807230DF02CB828250020BB
:10AFE0001346027A0AB1037270470A4601460148C5
:10AFF0000DF020B8142500201B234FF01B12838472
:10B00000038482618382C260038541B94FF4A473D3
:10B01000094AC3844384C261C382026170474FF40A
:10B020002963C38443844FF4A47203F12963C36189
:10B03000C2820361704700BF4801480103460846C9
:10B04000B3F86820B3F85C10B3F852C0F0B48A4289
:10B0500093F87D40B3F86060B3F85870B3F8565079
:10B0600028BF0A46B3F86A10A3F85220033CB14245
:10B07000E4B228BF3146012C8BBFB3F85A604FF4BD
:10B0800029660C464FF42964974238BF17468E4212
:10B0900038BF0E469445A3F85640A3F85870A3F85D
:10B0A0005A6026D12C1B18BF0124B3F86420B3F8D2
:10B0B0005E50B3F85060B3F85410954228BF15465F
:10B0C00093F87C20033A012A15D9B3F86220B3F82B
:10B0D0006670BA4228BF3A46AE42A3F85050A3F871
:10B0E000542002D1914200D144B1F0BC04490CF08B
:10B0F000C7BF0124D9E74FF42962EDE7F0BC7047E0
:10B100008D8001000B8BA2F80B304B8BA2F80D3019
:10B110008B8BA2F80F30CB8BA2F809000249A2F862
:10B12000113010460CF0A6BFEF800100014B1878DB
:10B13000704700BF4F250020094AD2E90003434071
:10B1400083EAB01181EA43214FEAF3435360054B90
:10B15000116058434FEAF06000EB8000704700BF79
:10B1600050250020BB79379E094AD2E900034340AD
:10B1700083EAB01181EA43214FEAF3435360054B60
:10B18000116058434FEAF06000EB8000704700BF49
:10B19000E8040020BB79379E10B50A4C0948082105
:10B1A000F5F7C0FED4E900231343F7D0064CFFF7B0
:10B1B000DBFF2060FFF7D8FF236860600343F6D011
:10B1C00010BD00BFE804002050250020174B184A8E
:10B1D0009A60184A5A60184A1A60184A9A62184ABD
:10B1E000DA62184ADA60184A9A61184A1A63184AE9
:10B1F0001A62184ADA64184A9A64184A5A62184B52
:10B20000184A9A60184A5A62184ADA62184A1A6149
:10B21000184A5A61184A9A61184A1A63184A9A6475
:10B22000184ADA64184A9A63704700BF480600203B
:10B23000EF830100258401009D84010075860100D3
:10B24000E78601003DB80000FD860100FDBA000060
:10B2500045B90000F187010015880100BDB9000063
:10B2600034070020118401009D8701001F87010021
:10B27000C386010043870100E5B80000D3880100C0
:10B28000738801005788010083870100044B054A39
:10B290005A65054B054A1A65054A5A65704700BF4D
:10B2A0004806002097850100340700207D850100B5
:10B2B0001D860100054B064A9A65064A1A66064B2A
:10B2C000064A9A65064ADA65704700BF48060020BC
:10B2D00037720100DF72010034070020FF700100A7
:10B2E000E57401002A2A73B505460C462ED82A2A91
:10B2F0002FD8DFE812F0330074007E008A00A2002D
:10B3000088008800B100B300B90088008800BE0042
:10B31000C900B3002E002E00CD0088008800E80090
:10B32000E800EF00F60002012E002E0021013E0190
:10B330004B0151015701620164016601680173010B
:10B340007B01920194012E002E008301FF2A00F060
:10B35000688140F2FE315120F5F7B0FB4168D1F829
:10B360005032B1F8482241F64B50834294BF6420DA
:10B3700040F2E240B2FBF0F241F64B50D2B28342CF
:10B380002271D1F84C2294BF642040F2E240B2FB1B
:10B39000F0F292B26271120AA3F57A70A27141F2D0
:10B3A000707290429DBF4FF47A72B3FBF2F303F5D3
:10B3B000506340F2E24288BFB3FBF2F39BB2E37109
:10B3C0001B0A2372B1F8543263721B0AA372B1F8DC
:10B3D0005612204602B0BDE870400CF019BD43681B
:10B3E000D3F838122046013102B0BDE870400CF0AD
:10B3F00043BD02784368012A02D193F8343101E059
:10B4000093F84131237102B070BD4568204605F5BF
:10B410001F710CF040FD05F5217120460CF045FD33
:10B4200005F5177120460CF046FD05F59071204694
:10B4300002B0BDE870400CF04CBD4168204601F2FE
:10B4400026210CF04EFD6968204601F5927102B08C
:10B45000BDE870400CF047BD4368CEE7084602B037
:10B46000BDE8704000F000BB02B0BDE8704000F0E5
:10B470000DBB0E230B7159234B7100238B716B2372
:10B48000CB7110230B72BEE7436893F82A31B9E7FA
:10B49000037846687BB996F8343163B196F82D117C
:10B4A00020460CF08CFD96F82C11204602B0BDE829
:10B4B00070400CF088BD96F82B1120460CF07FFDF3
:10B4C00096F82A11F1E74168204602B0BDE87040C5
:10B4D0000CF075BF436893F84E21227193F84F31F9
:10B4E00009E0436893F84C21012AF4D093F87820BE
:10B4F0000A7193F87930637185E7456895F84302DE
:10B500000BF08FFE014620460CF044FD95F84202F8
:10B51000C31E012B07D895F87C30DA1E012A02D809
:10B52000984218BF00200BF07CFE0146204602B076
:10B53000BDE870400CF02ABD45680023204601217B
:10B540008DF804300CF044FC2A7C6B7C032A08BF85
:10B55000002203F01F0343EA82139DF8042002F047
:10B560002002134301A920468DF804300CF039FC69
:10B5700049E743680F211888F5F76AFF00F15B017E
:10B58000204602B0BDE870400CF0DDBC084602B0B9
:10B59000BDE870400DF08ABF084602B0BDE87040BB
:10B5A0000DF08CBF244B1B68002B3FF42CAF2946B9
:10B5B000204602B0BDE870401847204BF3E7204B0F
:10B5C000F1E7204BEFE7204B1B68002B3FF41BAF4C
:10B5D0000246232002B0BDE8704018471A4B1B6892
:10B5E000002B3FF410AF02462420F3E7164B1B68F4
:10B5F000002B3FF408AF02462520EBE743680F21FC
:10B600001888F5F725FF00F17D0200F15B01204667
:10B6100002B0BDE870400CF0A2BC0C4BC3E70C4B71
:10B62000C1E7436893F8CF22D3F8D012204602B086
:10B63000BDE870400CF0D8BB24080020280800208A
:10B64000200800202C0800203808002034080020A2
:10B65000300800203A289ABF024B53F820000020FF
:10B66000704700BF480600203A289ABF024B53F8A3
:10B6700020000020704700BF3407002030F8023C53
:10B68000F7B504460D467BB100238DF804308DF8E4
:10B6900005309DF80430002063F307009DF8053065
:10B6A00063F30F2003B0F0BD184B30F8B86C1B6883
:10B6B0000BB128389847164B1B680BB1304698479A
:10B6C0000A2300272B70AF70A5F80360637A54F843
:10B6D000A00C6B710AF0C7F918B9B2216320F5F715
:10B6E000EDF93046FEF784FD39463046F5F7C6FEE3
:10B6F00002213046F5F7C2FE18B9064B1B6803B1AC
:10B70000984704238DF804300023C0E73C0800204C
:10B710004408002040080020F7B545686E690446DB
:10B720004FF6FF770DF102010DF101023046ADF841
:10B7300002700AF034F901A930460AF053F940B119
:10B7400001980AF014FA616800220272FFF736FCD1
:10B75000E8E7044905F1B80003B0BDE8F0400CF09B
:10B7600089BC00BF7DB60000F0B5044685B00D462B
:10B77000FF2600F8B56C10F8B63CF3B1174F3B78D4
:10B780001BB148211F20F5F799F90C21381DF5F759
:10B79000C9FB3E70002304F8B53C2A46092302F891
:10B7A000033BD4F80930C5F80330D4F80D305360AA
:10B7B000D4F81130936005B0F0BD01A80C21F5F765
:10B7C000B1FBA4F5E073039A1A6001AB03CB44F814
:10B7D000BE0C44F8BA1C04F8B66CDBE75825002010
:10B7E00010B5054C23782BB90C21201DF5F79AFBD9
:10B7F000FF23237010BD00BF58250020024690F89B
:10B800002E32BBB990F82F3203F0FF010BB10020AC
:10B810007047094B18780028F9D01970D968C2F818
:10B820002411043303CBC2F82602C2F82A12FF23E4
:10B8300082F82E32012070475825002038B5426822
:10B8400092F89F3004460D463BB1142B05D0123BB5
:10B850000B2B94BF0820012038BDD2F8383183BBB0
:10B8600092F8E23013B920460CF067FD6168284673
:10B8700001F21E210CF026FB6168284601F590714B
:10B880000CF02BFB61680B88A1F8ED32284601F221
:10B89000EF210CF005FB6168284601F2F7210CF05E
:10B8A00007FB6368002583F82E5260680C4900F599
:10B8B00039700CF0DCFB6368162283F89F20284661
:10B8C000CAE70C22032120460CF050FD63683222A7
:10B8D000204683F89F200CF030FD0020BCE700BF1D
:10B8E00069B7000038B5436893F89F201D2A0446C5
:10B8F00004D040F2BB111F20F5F7E0F893F8E210F6
:10B900001D88002283F8E12003F5F37069B10B492B
:10B9100083F8E220A3F8F05183F8EF210CF0A7FBA5
:10B920006368002283F89F2038BD012283F8EF115D
:10B93000A3F8F051024983F8F221EFE76186010094
:10B940005386010010B5034600785B6820B993F870
:10B950009F202AB1012021E0D3F89020D207F9D40A
:10B960004C688968144A21F41E5121F010012240CC
:10B970000904090CC3F8F220C2F30762C3F8F610F9
:10B9800042F00802002183F8F520A3F8DE1030B958
:10B99000012283F8E020042283F89F2010BD93F851
:10B9A000E020013283F8E020D3F8902042F0010239
:10B9B000C3F890200846F1E72FC904F770B5436833
:10B9C00093F89E20042A34D14E688C681B4A05786F
:10B9D000324024F41E54C3F8F22024F01004C2F3C1
:10B9E000076242F008022404240C83F8F5200022A8
:10B9F000C3F8F64083F8DC2083F89E2015B942682E
:10BA000082F8535193F8B42102F0FF049AB91A88CE
:10BA1000A3F8B62183F8B5414A68C3F8B8218A680B
:10BA2000C3F8BC21064903F5D6700CF020FB204674
:10BA300070BD0124FBE70024F9E700BF2FC904F71C
:10BA400061870100406890F8B43153B90388A0F8C9
:10BA5000B6311A2380F8B531024900F5D6700CF0E2
:10BA600006BB70476187010010B50446FEF72AFB4C
:10BA700021F41E51044B21F0100109040340090C6C
:10BA80006360A16010BD00BF2FC904F737B50C4635
:10BA90004568FEF717FB0A4B95F8F22021F41E517A
:10BAA00021F01001034009040093090C13408DF8A4
:10BAB000003001916B4603CB6060A16003B030BDE4
:10BAC0002FC904F7DB0410B5144604D5037D13B168
:10BAD0000023436310BD436B013343630CF0DAFE74
:10BAE000D0E90D239A42F5D300234363024920464F
:10BAF000BDE810400CF0C4BAE387010070B544689B
:10BB0000067894F89E30012B0D4609D026B994F89A
:10BB10009F302BB1012043E0D4F890309807F9D43E
:10BB200094F8E330990719D428460CF0DFF984F82B
:10BB3000ED00B5F80530A4F8EE30B5F80730A4F8FC
:10BB4000F03094F8E33043F0020284F8E320DA079F
:10BB500010D51D4904F1E4000CF092FA94F8E3309A
:10BB6000DB0713D4EEB994F89F3043B14E21402047
:10BB7000F4F7A4FF94F85231002BEAD1EEE7012349
:10BB800084F89F3084F8E030A4F8DE6094F89E30AA
:10BB9000012B4FF0000003D184F89E0084F8DC00F4
:10BBA00070BDD4F8903013F0020201D05521DEE7C9
:10BBB00043F00203C4F8903094F8E030A4F8DE209B
:10BBC000013384F8E030E1E7B588010070B54568DD
:10BBD0000446FEF73DFF054B85F89D001B680146B6
:10BBE0001BB12046BDE87040184770BD4C080020CE
:10BBF000024B1B6803B11847704700BF480800207C
:10BC0000F0B5204E054630780024147080B1431EF4
:10BC10007768DBB2181B01280BDC07EBC40057F870
:10BC200034604068884208BFAE4212D114700120CF
:10BC3000F0BD1819461007EBC60E57F836C0DEF8EF
:10BC40000460AC45C0F347008E412CBF0346044658
:10BC5000E0E7B54271EB000002D214700020E7E784
:10BC600007EBC30057F833404068884208BFAC4236
:10BC700001D11370DBE7A542814128BF0133137066
:10BC8000ECE700BF7825002010F0070208B503D0CC
:10BC900063214820F4F712FF18B1034B1972586062
:10BCA0001A70C80008BD00BF78250020014B002293
:10BCB0001A70704778250020014B187A704700BF32
:10BCC000782500202DE9D3430CF036FE0DF1070254
:10BCD00007460E46FFF794FF98B9114C2278237A55
:10BCE00093420ED0616813466FF0604E9DF80700D6
:10BCF000984209D301EBC003C3E9007601322270F8
:10BD0000012002B0BDE8D08303EB0E0001EBC000C0
:10BD1000D0E90089013BC0E90289DBB2E6E700BF58
:10BD20007825002037B50CF007FE0DF10702FFF76C
:10BD300067FF0446A0B10C4A9DF8070013785568C8
:10BD4000013BDBB213701A1AD2B2411CD2008342FB
:10BD500038BF002205EBC10105EBC00008F08AFFE7
:10BD6000204603B030BD00BF782500200A4682235C
:10BD700002F8033B04480368C1F80330436853608A
:10BD800083689360704700BF812500200248162217
:10BD9000002109F02DB800BF8125002017B402ABA7
:10BDA00003E903001A48437D7BB30B469DF800105E
:10BDB00001BB93F87C10174A32F811204FF47A71C6
:10BDC00002F23F62B2FBF1F2D3E980146E3144F12A
:10BDD0000004521844F10004198801804260846014
:10BDE000B3F898300C49438002220C3003B010BCE9
:10BDF000FFF7F6B8520608D51A880280D3F88022D9
:10BE00004260D3F884228260EAE703B010BC704736
:10BE100081250020463F04006DBD00000F4B33F824
:10BE2000113010B5042900F1FF3403F2E7334FF469
:10BE30007A724FEAC414B3FBF2F309D003290AD093
:10BE400002290CBF6022F022234400FB023010BD07
:10BE50004FF4D262F8E740F2BE22F5E7503F04000B
:10BE600010B5264B1A68D2F80F300362537D117D4E
:10BE70001B0443EA0123D17C0B438363B2F81910FE
:10BE80006FF45063CB18062B96BF4FF47A7340F2D1
:10BE9000E243A1F550615943C161937D41F64B5492
:10BEA000A14285BFC3EB431403EB840303EB83037D
:10BEB00003EB830395BF03EB83035B009B009BB203
:10BEC000A0F8403041F64B54B2F81730A14294BF6D
:10BED000642140F2E2414B43C363B2F81B308384D8
:10BEE000B2F81D30C38492F8243003F01F025B09BE
:10BEF00080F8B22080F8013210BD00BF98250020E4
:10BF0000042913B517D19B0103F53473417990F8D7
:10BF100044400139C9B203291AD81A480144887A21
:10BF2000D101CA3103FB0213174A934215D940F2DB
:10BF300062712D200FE0032903D11B0103F5E77384
:10BF4000E4E702290BBF0B330A339B00DB00DDE77C
:10BF500040F261310620F4F7B1FD1E2204F03F01EA
:10BF6000B3FBF2F31A0A42EA401241F0400100200A
:10BF700061F30700DBB263F30F20D3B263F3174022
:10BF800002B010BD503F0400C3BF030038B5074DD9
:10BF9000044600F1690128680BF0ACFC94F86810C5
:10BFA0002868BDE838400BF0B3BC00BF98250020DE
:10BFB000F7B5044680300BF0ACFAD4F888300BB1FA
:10BFC00001221A606388DB0727D50023CDE90033FF
:10BFD000134E256A02238DF80630FF2386F82030A1
:10BFE00005F10A076846F5F76DFAB0B9009CA5425D
:10BFF000F8D06A7A607A3B4604F10A010BF093FAB2
:10C000000028EFD0A37886F82030D4F80330C6F8A3
:10C010002130044BB4F807209A8003B0F0BD00BF74
:10C0200098250020B925002038B5084D044600F1B8
:10C0300069010623286800220BF08AFD94F8681035
:10C040002868BDE838400BF063BC00BF982500208D
:10C0500007B50BF062FB8DF8070005480123006867
:10C0600006220DF107010BF073FD03B05DF804FB30
:10C070009825002008B5044B986910B140300DF0A8
:10C08000F7F900F0010008BD9825002008B5044B21
:10C09000D86910B140300DF0EBF900F0010008BD97
:10C0A00098250020F8B504460E466588C07F15F037
:10C0B0000401134618BF04F177013246FEF7E0FA97
:10C0C000C20705460BD5012384F86830E07FFEF7F0
:10C0D000A9FB0368C4F869308388A4F86D30AB0706
:10C0E0000CD5094E0127306884F8767004F1770189
:10C0F0000BF007FC306839460BF017FC85F00400A4
:10C10000C0F38000F8BD00BF9825002010B504469C
:10C11000084694F8E0306BBB237884F8E1300829B6
:10C1200004F1E30216D004F1E201FEF751FA20B95E
:10C1300040F6FB612D20F4F7C1FC94F8E23043F0A7
:10C14000020384F8E23004F1D8000B49BDE8104046
:10C150000BF08DBF094B1868034613F8031BC1F39E
:10C16000801184F8E210D0F80310C4F8E3109B8823
:10C170009380E8E710BD00BF7B890100982500206F
:10C1800070B504460E461546FDF77AFF98B9237838
:10C1900084F8C830637CA4F8C96084F8C7500BB138
:10C1A00094F8483084F8CB3004F1BE000249BDE871
:10C1B00070400BF05CBF70BDC98D010010B50F4918
:10C1C000044694300BF053FF0D4904F1CC000BF002
:10C1D0004EFF94F89D20B4F89E102046FFF7D0FF44
:10C1E000084B00221A71084B1B682BB1206A2146AC
:10C1F0000222BDE81040184710BD00BF718C01003D
:10C2000065890100982500205808002038B5B0F84D
:10C2100048301A4D0133A0F84830AB7C04462BB1AE
:10C2200004F052FA02F0C4FF0023AB7400232B7118
:10C2300094F891302BB101212046BDE83840F7F742
:10C24000C7BC637CBBB1B4F848209A4213D3012128
:10C250002046F7F7BDFC6388DB0748BF236A20460A
:10C2600044BF19884322BDE838405CBF43224FF6E3
:10C27000FF71FFF785BF0021DEE700BF9825002092
:10C2800010B5094C2379012B02D02379022B05D15B
:10C29000A37C1BB104F018FA02F08AFFA06ABDE883
:10C2A0001040FFF7B3BF00BF98250020074A0346A0
:10C2B000906A03B909B9FFF7A9BF1379D26A03F1EC
:10C2C00080431269033B52F8233018479825002019
:10C2D0002DE9F043032985B0054690467BD090F8C0
:10C2E00090300529DBB202D14288D60760D5002BF9
:10C2F0005ED10127DFF8E89099F81260B6B10BF033
:10C3000047F9082888F8000014D002AA0DF10701A7
:10C31000FEF75EF920B940F685612D20F4F7CEFBDB
:10C320009DF8070002A90CF013FB064698F80030B0
:10C33000082B08D1D9F8001011F8030BC0F38010B6
:10C340000CF006FB0646D9F8001095F86F2011F89E
:10C35000030B05F17003C0F380100BF0E4F8D9F87B
:10C360000010044611F8030BC0F380100BF006F91F
:10C370008146FEF769FA014640B1B9F1080F1BD0BA
:10C380004846FEF7CFF880F00101C9B298F80000E6
:10C39000082815D094B9EB7F1C1A604260416B8865
:10C3A0005A0706D421B996B96B7D93B1BB4210D020
:10C3B000002005B0BDE8F0830021E7E70120EEE7AB
:10C3C00014B181F00104E4B204F00100E7E7304663
:10C3D000EFE70120EDE743889B07E9D5022789E7CE
:10C3E000982500202DE9F341444C2379012B07D0F7
:10C3F0002379022B04D040F63C412D20F4F75EFB5C
:10C40000A26A176A0FB197F88170A8B90125A37CB9
:10C410001BB104F059F902F0CBFE002D6BD0A06ADD
:10C42000F7F7C4F9002860D003F076FFE36A9B6851
:10C4300002B0BDE8F0411847216811F8096B02F11C
:10C440006903F00992F868200BF06DF80028DDD040
:10C4500006F00F06052E20682CD190F8243003F04A
:10C460001F03102B26D9D4F8288098F813500DB349
:10C4700008230DF10702314640468DF80730FFF7DB
:10C4800027FF0028C3D098F8F130002BBFD12268D5
:10C4900008F1F201D31C233253F8040B41F8040BCA
:10C4A0009342F9D11B880B8008F1E90014490BF085
:10C4B000DEFDACE739460BF060FA0028A6D0237900
:10C4C000A06A012B05D02379022B02D040F615413A
:10C4D00093E72379E26A03F180435269013B3146D5
:10C4E00052F823309847054691E7A06A02B0BDE8AC
:10C4F000F041FFF78BBE02B0BDE8F0819825002027
:10C5000093890100032973B5044604D0052927D077
:10C51000012002B070BD08230DF107028DF807302D
:10C52000FFF7D6FE0028F3D0237C23B19DF8071037
:10C530002046FFF7EBFD0F4D2B68062204265A70AC
:10C540001E702046FFF722FD94F85C20A16D28683C
:10C550000BF004FA28682E7103F0FAFF0020D8E7E8
:10C56000054B1B6823B1984780F00100C0B2D0E7AB
:10C570001846CEE79825002054080020F8B5044658
:10C580000F4619B300F1300528460CF0E9FDA0B9BB
:10C5900063881A072ED528460CF0F9FD0646284672
:10C5A0000CF0DEFD301AC0B20CF034FE444A936841
:10C5B0000344284693600CF0AFFD28460CF0B1FD13
:10C5C00003F0FAFC2179252003F04CFB3C4D94F854
:10C5D000762028680023037043706388103B0D2B7E
:10C5E0005ED8DFE803F0595D550C5D405D5D5D5D33
:10C5F0005D5D5D402046BDE8F840FFF707BE0623BD
:10C600004370202303702046FFF7C0FC638823F0AB
:10C6100008039BB2152B05D094F85420216D28688F
:10C620000BF08DF9286803F093FF032321792B7118
:10C63000002003F0CFFC064607B9E86063881B07BB
:10C6400004D50CF0E4FD0644C4F828616388103B6F
:10C650000D2B30D8DFE803F0322F29292F292F2F77
:10C660002F2F2F2F2F290C2343702123037042B12A
:10C6700004F177010BF045F9012128680BF055F919
:10C68000C1E704F170010BF03CF994F86F10F4E786
:10C69000062303704370B6E7022303700623F9E70D
:10C6A00040F226612D20F4F709FA21790120BDE836
:10C6B000F84004F023B840F6AA41F3E7F8BD00BF04
:10C6C0009825002038B54388102B044604D1BDE8D6
:10C6D00038400121FFF752BF0B4DAB7C23B102F074
:10C6E00049FD402003F0E4FF286803F031FF608833
:10C6F00010F0040002D1217904F000F8002003F0CA
:10C7000095FF01232B7138BD9825002003292DE9C1
:10C71000F743044605D0052900F08680FFF776FD33
:10C720007CE008230DF103028DF80330FFF7D0FD04
:10C73000002877D0237C23B19DF803102046FFF713
:10C74000E5FCB4F802803D4E01231F4630684FEAF5
:10C750009812002562F38617072243700270C57095
:10C7600029460BF01FFA2A46394630680BF021FAA9
:10C770002046FFF759FC30680BF085FAB4F85C30BE
:10C78000C0F1FE05AB42B4BFDDB2EDB2AB42C8F3BF
:10C7900080182AD947F010070022394630680BF07C
:10C7A00008FA30680BF0FAF9A91E0144C9B2204614
:10C7B0000CF095FA0422C0F307238DF80400C0F3AF
:10C7C00007400DEB02018DF805308DF806000323BC
:10C7D00030680BF0BDF9306800223946A5F1030935
:10C7E0000BF0E7F95FFA89F94D46B8F1000F06D072
:10C7F00094F9142094F844106079FFF729FCA16D96
:10C8000030682A460BF009FA3582FF20617903F07F
:10C8100029FA07233068337103F09AFE002003B031
:10C82000BDE8F083204679E7054B1B6823B19847A4
:10C8300080F00100C0B2F2E71846F0E7982500202A
:10C84000500800202DE9FF4708230DF107020521BC
:10C8500004468DF80730FFF73BFD002800F0858087
:10C86000444D206AFFF7FCFA2B68D3F81F0093F8B9
:10C8700023208DF80C200290226AD3F80310C2F80E
:10C880000310B3F80710A2F807101B78206AC3F34F
:10C8900080138370384B1B6813B1012221469847DF
:10C8A000266A2868B7780E234FF00808437080F88E
:10C8B000008000210BF076F9002228684FF0030178
:10C8C0000BF077F92046FFF7AFFB286839460BF0ED
:10C8D0002CF8062301222868F11C0BF039F9617944
:10C8E000FF2003F0BFF9286803F032FE266A67795B
:10C8F00094F914A00DEB080106F1A6000AF047FF19
:10C9000086F87C7086F87D704FF0FF0986F87E907F
:10C91000F91E01298CBF0021012106F14400FEF718
:10C920006BFB51463046FEF777F8216A9DF80720E9
:10C93000002384F89D300B88A4F89E304FF6FF73D7
:10C94000A4F8BC3084F8BB9020460CF0D6F9236ADA
:10C950001A88A4F8D52093F8A63084F8D73085F843
:10C960000480012004B0BDE8F0872046FFF74EFCAC
:10C97000F7E700BF98250020580800202DE9FF4761
:10C9800008230DF10702052104468DF80730FFF753
:10C990009FFC064620B90026304604B0BDE8F0876B
:10C9A000414F396897F8202011F8030B07F1210354
:10C9B000C0F380100AF0B7FD05460028EBD13A68B5
:10C9C000216A104691F8A63010F803CB03EA5C13F5
:10C9D00003F0010381F8A630D2F80330C1F8033028
:10C9E0008388A1F807301346D4F820C013F81F1B22
:10C9F000C1F380118CF80210D2F81F001B7902904D
:10CA000060468DF80C30FFF72BFAD4F8208094F9AB
:10CA100014A002A908F1A6000AF0B9FE40F2011321
:10CA2000A8F87C304FF0FF0988F87E90294608F17D
:10CA30004400FEF7E1FA51464046FDF7EDFF216A5A
:10CA400084F89D500B88A4F89E304FF6FF739DF834
:10CA50000720A4F8BC30204684F8BB900CF04DF9B8
:10CA6000124904F194000BF002FB236A10491A8862
:10CA7000A4F8D52093F8A63084F8D73004F1CC0080
:10CA80000BF0F5FA236A2A4619882046FFF778FB4F
:10CA9000084B3D711B68002B3FF47EAF206A2A468D
:10CAA0002146984778E700BF98250020718C010047
:10CAB000658901005808002010B5154CA37C1BB1F6
:10CAC00003F002FE02F074FBA06AF6F76FFE20B1DD
:10CAD000A06A438803F0180323B9A06ABDE8104098
:10CAE000FFF794BB2379012B07D02379022B04D0C5
:10CAF00040F643312D20F3F7E1FF2379E26A03F199
:10CB00008043D268013BBDE8104052F823301847FB
:10CB1000982500202DE9F04FB0F802B08BB01BF043
:10CB2000030704460191164608D0012F06D0022FB4
:10CB300004D040F253612D20F3F7C0FF0BF0070340
:10CB4000052B08D1002E72D04FF000094D464FF052
:10CB5000010A012209E0022B5DD1002E67D04FF0BF
:10CB600000094D464FF0010A4A464FF001081BF0FC
:10CB7000400B04D0002E00F0FF804FF0010B48EA7C
:10CB8000420242EACA0343EA051343EA491949EA61
:10CB90008B1BDFF860820BF07B030093D8F800302A
:10CBA0009DF800B00022012107205A7018705970BA
:10CBB000002E40F00481DE70B1463946D8F80000FE
:10CBC0000AF0F0FFD8F800009DF800104A460AF07D
:10CBD000F0FF009B9DF80070D80702D52046FFF7B4
:10CBE00023FAB90710D5019BD8F80000002B00F0FC
:10CBF000F78004F17701062301220AF0A9FF012141
:10CC0000D8F800000AF091FE0023002B00F0F48019
:10CC100040F635018FE7002B48D166BBB4F85420AD
:10CC20000BF02303134309D01BF0200913D04FF05E
:10CC300000090125AA464A46C84698E7FFF71AFAAE
:10CC40000028F1D1FFF722FA02460028ECD1B146C4
:10CC50003546B24689E794F80480A8F10308B8F194
:10CC6000010F4FF0010594BF4FF000084FF001088D
:10CC7000AA464A467BE7FFF7FDF9A8B9FFF706FA8F
:10CC80001BF0200500F001096CD194F80480A8F194
:10CC90000308B8F1010F8CBF4FF000084FF00108F6
:10CCA0004FF0010A2A4662E70120E9E7012B17D17C
:10CCB00094F8048056B9A8F10205D5F1000848EBB4
:10CCC0000508B1461D469A46324650E7B8F10208BB
:10CCD0004FF0000918BF4FF001084D469A46C8E7CB
:10CCE000062B3FF42FAF042B39D126BBB4F85420C8
:10CCF0000BF02303134311D02279033A012A94BF86
:10CD0000002201221BF0200F0CBF90464FF00008BC
:10CD10004FF0000901254FF0010A28E7FFF7AAF9B3
:10CD20000028E9D1FFF7B2F982460028E4D14FF09C
:10CD300000094D460DE7FFF79DF970B9FFF7A6F919
:10CD40002279033A012A8CBF002201221BF0200520
:10CD500000F001090CD19046DDE70120F0E740F238
:10CD6000F661E8E600254FF0010A2A46A846FEE6ED
:10CD700000254FF0010AF9E7B4F8541059B194F8BE
:10CD800004B0ABF1030BBBF1010F94BF4FF0000BEC
:10CD90004FF0010BF3E6618801F023010029EED189
:10CDA0000092FFF767F9009A0028E8D1FFF76EF9C3
:10CDB000009A0028E3D1002F3FF4DFAEDFE7DA70FE
:10CDC000FFF764F950B1D8F81C3093F8BD30002B50
:10CDD0000CBF4FF000094FF00A09EEE68146ECE681
:10CDE00004F17001062301220AF0B2FE94F86F10DC
:10CDF00006E700BF982500203A0716D5626CD8F8E0
:10CE00000000C2F30B2262F30B0394F84620ADF846
:10CE100014301209C3F3072362F307138DF815309A
:10CE20000322022305A90AF093FEBF0640F1B58054
:10CE3000D4F85831D8F81C700293D4F85C310393BD
:10CE40000FB9D8F81870D7E918A30193FFF71EF9A6
:10CE500080B1D8F81C3093F8BD305BB107F14000C9
:10CE60000CF01EFB30B93B6F13EB0A0A019B43F138
:10CE700000030193397CA44BD8F8142033F8110037
:10CE8000DDF808E04FF47A7300F2E730B0FBF3F01E
:10CE9000D2F16E0361EB0101B3EB0E03DDF80CE0A0
:10CEA00061EB0E01C318019841F1000113EB0A0375
:10CEB00040EB0101D4F84C01B3F5161FA0EB020EB4
:10CEC0009DF8150071F100024FF0000C4FEAEE7A68
:10CED00000F0BF000ADB6CF345108DF81500BDF8BB
:10CEE00014306FF30C03ADF8143026E0B3F5703F47
:10CEF00071F1000208DB9E457AEB0102EBDA40F0AB
:10CF000020008DF8150007E09E456CF345107AEB84
:10CF100001028DF81500E2DA9DF8152012F0200FBD
:10CF2000BDF8142014BF4FF4967A4FF01E0AB3FBDD
:10CF3000FAF363F30C02ADF814203B6F40F2E242C7
:10CF4000B3FBF2F3ADF81630D7F81730FA7E06933C
:10CF50009DF81C3062F304038DF81C30FDF7DEF8F9
:10CF60009DF81C3060F347138DF81C309DF8153088
:10CF70006FF3C7138DF815303B68CDF81D303B7942
:10CF80008DF821307B798DF82230BB798DF82330F4
:10CF9000B7F852300133ADF82430012E50D1B4F837
:10CFA0005430002B4CD06388980749D4DFF85CA13B
:10CFB000DAF800000AF0F2FDB4F85410BAF8107074
:10CFC000421CD2B2CF1B0346C2F1FF008742A8BF6A
:10CFD000D743FFB2B94228D96288D10725D401933B
:10CFE000009BD8F8000043F010014A468B460AF037
:10CFF000E0FD019BF91E0433CFB253FA81F1C9B2AF
:10D0000020460BF06CFEC0F307238DF81000C0F330
:10D0100007408DF811308DF812000323D8F8000076
:10D02000042204A90AF094FD01253A46216DDAF89C
:10D0300000000AF0F2FDBAF810301F44AAF8107090
:10D0400065F3041B1BF0200F5FFA8BF506D02F4809
:10D0500012230068052205A90AF07AFD6A060CD59C
:10D06000002E4AD104F1300026790CF09DF80146DB
:10D0700094F914203046FEF7EBFFFFF707F800287D
:10D0800036D0224CE36993F8BD308BB3072120687A
:10D090000AF07DFD0923037032234370E369D3F85E
:10D0A00090308370E369D3F890301B0AC370E36952
:10D0B000B3F892300371E36993F893304371E369F5
:10D0C00093F8A1308371E36940F2E241D3F89420F0
:10D0D000B2FBF1F2C271E369D3F89830B3FBF1F31C
:10D0E0000372E3697D22D3F89C30B3FBF2F3437201
:10D0F0002B0606D540F69A011DE5667994F8441092
:10D10000B6E70BB0BDE8F08F503F04009825002033
:10D110002DE9F74F044690F84400774D0F4602F092
:10D120004BFF6179FF2002F09DFD002F48D1286858
:10D130000AF0DEFB94F80480064604F130000CF09F
:10D1400026F8B8F1040F2CD1B60106F53476EB6859
:10D1500003EBC013CA3306FB003663886E61190700
:10D1600042BFAB68F6186E6162796969002003F00E
:10D170007BF863889A072AD05FBB6179012003F0AE
:10D18000BDFA94F8761001222046FFF7C3FC286808
:10D1900003F0DEF906232B7101236B7103B0BDE8A8
:10D1A000F08FB8F1030F03D1360106F5E776CEE72D
:10D1B000B8F1020F0BBF0B360A36B600F600C6E711
:10D1C00062794FF4A571002003F062F8D1E7002FD7
:10D1D000D7D06688286806F00203002B0CBF4FF0FA
:10D1E00001094FF000094FF0070319BFD4F8588028
:10D1F000B4F85C70D4F85080B4F8547003704FF0F9
:10D20000000A01234FEAC909C6F38016437049EAB0
:10D21000861B80F803A051460AF0C4FC28685246D9
:10D2200059460AF0C6FC1BF0080FD94617D0626CAD
:10D23000BDF804302868C2F30B2262F30B0394F8A4
:10D240004620ADF804301209C3F3072362F3071335
:10D250008DF805300322022301A90AF079FC286821
:10D260000AF011FD2B8AC0F1FE06FA1AB242B4BFD1
:10D27000D6B2F6B233449F422ADD002249F01001B3
:10D2800028680AF096FC28680AF0FDFC2E8ABF1B6D
:10D29000C0F1FE06B7422868B4BFFEB2F6B20AF08B
:10D2A0007DFC81190131C9B220460BF018FD042222
:10D2B000C0F307238DF80400C0F307408DF8053054
:10D2C0008DF80600032328680DEB02010AF040FCEC
:10D2D00063885B0606D594F9142094F844106079AD
:10D2E000FEF7B6FE298A2868324641440AF095FCCA
:10D2F000288A06442E824AE79825002010B5084C5B
:10D30000B0F85C30228A9A4205D00121FFF700FF75
:10D310000723237110BDBDE81040FEF777BF00BFA3
:10D320009825002038B543881E4D13F0020F04469F
:10D330000FD1DB070DD42A8AB0F854309A4203D1BA
:10D34000BDE83840FEF762BFBDE838400121FFF775
:10D35000DFBE0020617903F0D1F96388617913F0B1
:10D36000020F14BF0C20222002F07CFC02232B7140
:10D37000AB7C4BB101F0FEFE6379033B012B94BF04
:10D380004520402003F094F96379033B012B94BFBF
:10D390002820002003F04AF92868BDE8384003F04F
:10D3A000D7B800BF9825002010B50948037903F0CD
:10D3B000FF0453B924222146043007F019FD03F07D
:10D3C00083F901F0F5FE204610BD0C24FBE700BFF9
:10D3D0009825002010B5094C002323712060FFF729
:10D3E000E3FF20B140F2F6212D20F3F767FBE36A5B
:10D3F00013B940F2F921F7E710BD00BF98250020CE
:10D40000014B024ADA627047982500204CDB00008D
:10D41000044B054A1A60054B054A1A60054B064A3B
:10D420001A607047540800207DC900005808002089
:10D43000593B00005008002045C800002DE9F34783
:10D4400004460E4600297BD000F1300528460BF03B
:10D4500087FE28B9638818076CD528460BF05CFE58
:10D4600028460BF05EFE02F0A7FD2179252002F090
:10D47000F9FB364D28680379D90623D5C3789A0677
:10D4800020D00AF035FA074604F1300094F8048001
:10D490000BF066FE421C3B46D2B241462046FEF7E8
:10D4A0002FFD0422C0F307238DF80400C0F30740CA
:10D4B0008DF805308DF80600032328680DEB020176
:10D4C0000AF046FB46B32868D5F80C800AF010FA3B
:10D4D00004F1300A814650460BF059FE074650468B
:10D4E0000BF03EFE013F391A1FFA89F22079C9B2CA
:10D4F0000BF077FE63881B07804408D5AB680121D9
:10D50000204698440BF0EBFC4044C4F828012279F3
:10D510004146002002F0A8FE286803F019F826B959
:10D520002179304602F056FDE86005232B7102B0E8
:10D53000BDE8F087204602B0BDE8F047FEF766BEC2
:10D540000A4690F87610FFF7E5FA92E79825002052
:10D5500070B5174E044601253030B5710BF000FE52
:10D56000F8B96388DA0604D52046BDE87040FEF7B6
:10D570004DBEB279002AF7D0B4F8542003F023034B
:10D58000134305D020460021BDE87040FFF7C0BD21
:10D59000FEF770FD0028F5D1FEF778FD0028F1D1E7
:10D5A000E2E729462046BDE87040FFF747BF00BFCD
:10D5B0009825002070B5114D0026012104462E82C9
:10D5C0006E710BF08CFCAB680344AB60B4F8483070
:10D5D0000133A4F84830FDF7AFFD4FF47F73B0FB83
:10D5E000F3F202FB1300AB6894F876101844A860BD
:10D5F00032462046BDE87040FFF78CBA98250020DF
:10D6000010B5094CA06A4388092B07D1FFF7D2FF58
:10D61000A06A0121BDE81040FFF710BFBDE810402F
:10D620000121FEF7ABBF00BF98250020F8B5867D2D
:10D63000B31EDBB2012B04468CBF0027012796B333
:10D64000023E18BF0126012B2DD800F1700190F881
:10D650006F0009F093FF054663889B0605D4082DEB
:10D660002CD02846FCF76AFF40BBE577A77784F803
:10D670006860FCF7A7FF05460CF02DF9164BA5FBDB
:10D6800003351B1845EB01050022C4E9183584F861
:10D69000762011462046FEF705FD70B940F2934111
:10D6A0002D20F3F70BFA0825D6E704F1690130467F
:10D6B000FCF72AFE0028D8D10020F8BD002EF4D0B7
:10D6C000637F002BF8D0D4F81730C4F86930B4F871
:10D6D0001B30A4F86D30C8E740420F002DE9F04F31
:10D6E00007460C4605460FCF9BB00EAE0FC60FCFB8
:10D6F0000FC697E80F0086E80F0006A86E7995F828
:10D7000012900BF0EEFCA37A029323780393237D0F
:10D710006178013BDBB2022B01F07F0800F28180CF
:10D72000684A1344C9069F7B06D4A37D013BDBB244
:10D73000022B76D813449E7BB9F1010F05D1042F3B
:10D7400008BF0327042E08BF0326617A06A80BF042
:10D75000CFFC237DA27E022B08BF617D02F1010276
:10D7600006BF0131C9B20121D2B206A80BF0C2FC3A
:10D7700018F0080F6CD106A80BF009FD6378DA06E3
:10D78000824653D4F3F79AFF394681465046FEF756
:10D7900045FBCDF8008001460123324648460BF098
:10D7A00007F92279E37843EA0223627940F2712192
:10D7B00043EA024300F2D7204B43B0FBF1F0484369
:10D7C000984238D84FF0000B94F818A00593A37C2A
:10D7D00004930AF1FF33D3F1000AE86C4AEB030A21
:10D7E00008F072FB8146E86C08F07EFB484538BFC4
:10D7F000484680B2059B0DF1180960B308A9CDE930
:10D800000A3BCDF82090ADF824808DF830708DF86B
:10D8100031600BF0FEF9059BE8B945201BB0BDE86F
:10D82000F08F40F229310620F3F748F928224146CB
:10D8300000F098F9B5E7E379A27942EA0322237A66
:10D8400042EA034201FB02F3984298BF0346B9E75C
:10D8500000239B46B8E7CDE9103B049B8DF84D3083
:10D86000039A029B8DF83C708DF83D608DF848A0BE
:10D870008DF84E308DF83820ADF83A800EAF0FCFCE
:10D880002E460FC60FCF0FC697E80F0086E80F0091
:10D8900099E803002863A986E37A13F0FD0F14BF0B
:10D8A0000123002385F86F30E3682B67238AA5F8EE
:10D8B0007430E27D95F8463062F3071385F8463000
:10D8C0000020ABE7503F04002DE9FF41564E32796E
:10D8D000044602F0FF0312B90278FF2A04D140F691
:10D8E000A9112D20F3F7EAF83382B3607371B37195
:10D8F00080F891304D4B00934D4B01934D4B02936B
:10D90000F36A68465B68039302F00CFE02F03CFA8F
:10D9100002F0DAFE01F04CFC474802F043FB04F150
:10D920003005464802F0F8FD28460BF0F5FB284686
:10D930000BF0F7FB02F040FB2179252002F092F971
:10D9400094F9140002F028FB04F15001E06C08F097
:10D950004AFA04F158010746E06C08F06BFA804679
:10D960001FB194F82430002B38D1B8F1000F37D014
:10D9700094F82550A37F13B963885B0709D5D4E9D0
:10D9800018126FF000439A4208BFB1F1FF3F29D14E
:10D9900085BB002F08BF474694F8933003B9AFB159
:10D9A000638813F0100511D1606CC0F30B200BF0ED
:10D9B00041FB94F8463084F8450023F00F03C0F390
:10D9C0000320184384F8460084F8935030680330ED
:10D9D000FCF744FEB07404B0BDE8F0810125C9E74E
:10D9E0004546C7E70BF077FFD4E91823904271EB67
:10D9F0000303CDD3012205EA02012046FEF752FBC4
:10DA000068B1FCF7DFFD05460BF065FF0C4BA5FB8D
:10DA100003351B1845EB0105C4E91835B9E7002D9E
:10DA2000B7D040F6DE115CE798250020B9CA0000A7
:10DA3000E5C30000ADC20000D6BE898E5555550025
:10DA400040420F0037B50446FFF73EFF042120781F
:10DA50001A4DF3F7FDFCA86120780621F3F7F8FCD6
:10DA6000AB69E8612BB120B140F616212D20F3F708
:10DA700025F820460BF025F9618811F0100118D027
:10DA800000212046FEF77AFD94F892305BB168469B
:10DA9000FDF71AF838B1694604F1360009F077FE4F
:10DAA000002384F89230204603B0BDE83040FEF7F2
:10DAB0007FBA2046FFF7C2FCE6E700BF98250020AA
:10DAC000024B9862DB6A1B68184700BF982500204C
:10DAD00043881A0710B5044611D5036A10493C2241
:10DAE00080F89D201B88A0F89E30FF2380F8BB3073
:10DAF0004FF6FF73A0F8BC3094300AF0B8FA638890
:10DB0000DB0743BF236A3C2219883C2258BF4FF6EB
:10DB1000FF712046FEF734FBFF2384F8913010BDDF
:10DB2000718C010005C500000DC70000C5C60000CE
:10DB30001B8E010051D5000025D30000FDD200004E
:10DB4000BDC10000158E01002B8F010045DA0000D9
:10DB500081C2000001D6000044DB00002CDB000085
:10DB600024DB00000138022808B503D9C3212F2087
:10DB7000F2F7A4FF13290A4B05D811290CD8102954
:10DB800007D0D121F3E71529FBD103EB4003D88857
:10DB900001E033F8100008BD03EB40039889FAE771
:10DBA000623F0400F8B52F4B1A88402842EA000271
:10DBB0001A8005D104219868BDE8F840F5F7BABE8F
:10DBC000802801D10521F6E700F00302032A04D1E1
:10DBD00040F6CA113120F2F771FF10F0020418BFAD
:10DBE000D960C50705D5CA781961062A0DD00B2A58
:10DBF00018D02CB1DA68D278052A1FD00B2A2AD087
:10DC0000820644BF08221A75F8BD9A6892F89F10E0
:10DC10001929EED1002600270121C2E9406782F8C8
:10DC2000A310E6E79A6892F89F10132901BF00211C
:10DC300082F8A310012182F8E210DAE79A6892F8DC
:10DC40009F101729DCD100240025C2E9424501219B
:10DC500082F8A410D4E79A6892F89F101229CFD1C5
:10DC60000021F5E7C825002013B5044601A8FCF7FC
:10DC7000D3FA20B940F2CA713120F2F71FFF3222E5
:10DC80000021019807F0B4F8019803210AF094F8F4
:10DC90000198037823F0100303702146FCF754FF2A
:10DCA000019906482246FDF71DFBFCF7CBFA10B997
:10DCB00040F2D471E0E702B010BD00BFCC250020D7
:10DCC00070B5274CA36893F8D66293F8D752002E0C
:10DCD0003FD193F87C10002D3DD193F87D2083F83F
:10DCE0007C1083F87D20FF2283F87E201D4B1B686B
:10DCF0000BB1A0689847A36893F84C31012B02D070
:10DD000056EA050303D018480021FCF70FFAA06873
:10DD100044300AF03AFA0546A06800F27511FDF7A2
:10DD20008DF9A0680621F5F705FEA06844300AF0D9
:10DD30002CFA8542044610D204F048F80146601BD4
:10DD4000322838BF322006F0B5F8B0FA80F040092A
:10DD500070BD3146BFE72A46C1E70120F8E700BFA2
:10DD6000C825002070080020CC2500200029A0F143
:10DD70000E0310B508BF1F21182B22D8DFE803F0CF
:10DD80000D2121210D210D21120D212121212136CD
:10DD900021213C21212F2F2F4700BDE810400021D9
:10DDA0000BF03CBA1E4CA36893F89E20222A0AD19D
:10DDB000201DFCF7BBF9A368002283F89E2083F89E
:10DDC000DC20002010BD2F2AFBD193F89F30A3F157
:10DDD0002102062AEFD92F2BEDD02A21E8E7114B9B
:10DDE0001B68002BEDD0BDE8104018470E4B1B6898
:10DDF000002BE6D01D20F6E70C4B1B68002BE0D073
:10DE000007480A46BDE81040806820211847084BA3
:10DE10001B68002BD5D0BDE810400648184700BF4E
:10DE2000C82500206C08002084080020600800201D
:10DE300094080020CC250020134B097902469868ED
:10DE400090F89E30222B13D02F2B11D0292B11D0DC
:10DE5000042B11D0102B11D01E2B11D090F89F0045
:10DE600024280FD0302B14BFFE202620FFF77EBFC2
:10DE70001620FBE72320F9E70E20F7E71220F5E74D
:10DE80001420F3E71720F1E7C825002008B50C4B54
:10DE90009B6893F83221FE2A04D040F2D9713120D8
:10DEA000F2F70CFE83F8320111B9A3F8DE1008BDB9
:10DEB0000022A3F8D820012283F8DC20F7E700BF76
:10DEC000C8250020104B1A7DCAB970B99B68D96962
:10DED00041F64B52914215D9B3F86C10B3F850206B
:10DEE00091420FD81846F5F779BC1A88120708D561
:10DEF0009B6893F8A000083818BF012070470020E5
:10DF000070470120704700BFC82500204368D3F840
:10DF1000903013F0300F2DE9F74304460D4656D1EB
:10DF2000084609F0FDFF30B92946204603B0BDE898
:10DF3000F0430AF030BA2846666809F0EDFF07465C
:10DF4000284609F0E5FF8046284609F0E7FF8146AC
:10DF5000284609F0DFFF443600904B4642463946DA
:10DF600030460AF047F91B4B1A88920711D5DA6838
:10DF7000D278142A0DD16268D2F8903043F01003A1
:10DF8000C2F8903020460AF0D8F9002003B0BDE86E
:10DF9000F083626892F89E101E29ECD092F843211B
:10DFA000002AE8D1626892F84221002AE3D1616830
:10DFB000D1F8902042F02002C1F890209A681146D2
:10DFC00002F5BF7231F8440BFDF79CF8DAE7012047
:10DFD000DCE700BFC825002010B5164BDB681979B7
:10DFE000436893F89E200A2A09D193F829218A428E
:10DFF00005D1002283F89E2083F8DC2010BDD3F8E1
:10E00000902012F0080407D022F00802BDE810406A
:10E01000C3F890200AF09BB9FF2905D1342283F878
:10E020009E2083F8CC42E9E740F2DE413120F2F74E
:10E0300045FD00BFC825002010B504460879626878
:10E04000262892F89E303BD8112807D80E2839D1BF
:10E0500022460121BDE810400BF0E0B8A0F1120209
:10E06000142A2FD80FF2040C5CF822F051E00000C3
:10E07000C5E0000051E00000C5E00000C9E000007C
:10E0800051E00000C5E00000C5E00000C5E0000070
:10E09000C5E00000C5E0000017E10000C5E0000099
:10E0A000C5E00000C5E00000C5E00000C5E00000DC
:10E0B00005E10000C5E00000C5E000001FE1000030
:10E0C000FF2833D0002010BD222B01D02F2BF9D1F7
:10E0D00020460AF029F9636893F89F20232AF1D09B
:10E0E00093F8F32022F0010283F8F320626892F89B
:10E0F000F33023F0080382F8F3301A212046FCF7AE
:10E1000015F8DFE7292BDDD10C4B1B68002BD9D08C
:10E1100020469847D6E7332BD4D1094BF5E7094B76
:10E120001B68002BCED020469847CBE7064B9B6957
:10E13000002BC7D0012382F8CE32C3E77408002039
:10E14000880800208C080020C8250020F7B5934CD3
:10E150000546002840F0DD8023881F0752D5A368BC
:10E1600093F83221222A13D02A2A01D01C2A05D161
:10E17000002283F854218A480AF0D6F8A36893F85D
:10E180003221FE2A11D14FF4AA613120F2F796FC18
:10E1900083F85601834B1B68002BECD0A06800F578
:10E1A000AB7100F59C709847E5E7FE2283F83221B9
:10E1B00093F89F201B2A08D1002683F8E160784855
:10E1C0000AF0C5F8A36883F89F60A36893F89E20BF
:10E1D000342A3AD0402A41D0212A0AD193F89F20EC
:10E1E000A2F12101062901D92F2A2CD12F2283F84F
:10E1F0009E20A36893F8A020082A02BF022222775B
:10E2000083F832212388DE0757D5A368276993F85E
:10E210009F30123B0B2B0DD8FB78023BDBB2092B56
:10E2200000F2B780012202FA03F340F233321342C4
:10E2300000F0AF803846FCF777FC98B9394658486B
:10E240000AF0A9F889E02222D1E7012283F8CD2241
:10E25000002283F89E2083F8DC20CAE750480AF0A9
:10E2600063F8C6E7FE78012E01D9162E0FD1A368F8
:10E2700093F89E000AF080F848B1A36893F89E20B6
:10E28000212A04D0222A40D12F2283F89E20112E49
:10E2900067D058D8072E66D00D2E66D03046FDF7D1
:10E2A000D9F90346002855D1FF2EC7D1A369002B09
:10E2B000C4D0A368012283F8CE222388580706D54C
:10E2C000A26892F8A020072A04BF012222779907AA
:10E2D0000FD5E368DE780D2E49D0112E49D0072ED8
:10E2E00049D03046FDF7C0F90346002845D02C48F8
:10E2F00098472388DA060CD5A36893F89F200B2A49
:10E3000007D10C2283F89F2003E0162E0CBF202596
:10E310000225237D1B0713D5A36893F89F30123B7A
:10E320000B2B38D9002601A903200196F4F70AFA2D
:10E33000019B2BB11E720C22A1680198FCF70CFE08
:10E34000284603B0F0BD142EA8D1174B1B68002B34
:10E350003FF474AF2169124898470028ADD00546B4
:10E36000D7E7124BF6E7124BF4E7124BF2E7124BEA
:10E37000BDE7124BBBE7124BB9E7FF2E06D1A268EF
:10E38000342182F89E1082F8CC02B2E740F2445168
:10E39000FBE60825BDE70825D2E700BFC825002019
:10E3A000CC25002064080020800800204B93010049
:10E3B00039E0000039DE0000B9920100D792010077
:10E3C000D9DF0000024B002098611862704700BF3F
:10E3D000C825002008B5054B00229A611A62FCF797
:10E3E000F5FEBDE80840FDF7FBB900BFC8250020D9
:10E3F000024B9869003818BF01207047C8250020DB
:10E400002DE9F043814CB4F800800E46A16818F461
:10E41000007F0ABFB1F8D2200023013201F190053C
:10E4200087B007461ABFA1F8D23081F81732A1F899
:10E43000D22028460AF067FF28B1434601F5B6729C
:10E440002846FDF73FFB238803F4C06343B1A0686F
:10E4500090F8A230002B00F0AF80032B00F0B280C8
:10E46000A168238891F8A220012A04D11D0544BF88
:10E47000022281F8A220002F40F07C8158065DBF67
:10E48000B1F83022013292B23A46A1F8302203F0BC
:10E490000A020A2A0DD1E268D278022A09D123F0B1
:10E4A000080330462380FFF751FE08230643F6B2E7
:10E4B00023803046FFF74AFEA3690643F6B2002BDD
:10E4C0005FD01422002101A806F092FCA36893F803
:10E4D0007D0002F0D3FCA368054693F87D0002F0AE
:10E4E000C5FCA2681388ADF80430B2F89830ADF8D6
:10E4F0000830D3694FF47A7105F5FA75B5FBF1F57B
:10E500000544ADF80A5041F27070A3F57A75854262
:10E5100099BFB3FBF1F303F5506340F2E241B3FB63
:10E52000F1F39BB2ADF8063092F8CE3233B12069E8
:10E53000C31C049309F03EFC8DF81400A2689DF8FA
:10E540000C3092F8CD2262F300038DF80C3001A854
:10E55000A3699847A3680499002283F8CE2283F820
:10E56000CD2271B193F8CC225AB993F89E20342A67
:10E5700007D09DF8142022B10878FF2827D11B2A44
:10E580002CD9A36893F83221FE2A4FD1002E4DD109
:10E5900093F8A020073A012A48D993F840312BB3C9
:10E5A000A36893F84121A3F8D66083F834210121B0
:10E5B0000220FFF76BFC39E0012180F8A210F5F78B
:10E5C000B9F94DE7022380F8A2300121F7E70728C7
:10E5D000D7D1022AD5D14878FF28D2D1012083F89B
:10E5E000CC02C3F8D01283F8CF22CAE7A06890F813
:10E5F0009F30A3F11105EDB20C2D40F27B81D0F8D4
:10E600009030DA0704D531460920D2E7C82500202A
:10E61000990740F10E8131460C20FFF737FCA268C4
:10E6200092F8E33043F0010382F8E330A568B5F8CF
:10E63000103295F814820133A5F81032B8F1000FAA
:10E6400000F0B182F4F770F810B10023A5F8103291
:10E65000A16891F8A230012B40F2F18291F8A0302C
:10E66000082B40F0C182B1F8D230022B40F2E78291
:10E67000B1F8D4500135ADB2B1F89830DFF8A082CE
:10E680002B44A1F80832D8F80030002B00F0DB82D0
:10E690004B8E012B40F2D782F4F73CF80246A0687B
:10E6A000D8F80080B0F89810C047A36800F10108BE
:10E6B000B3F832901FFA88F8A36893F81522002A5D
:10E6C00052D1012D50D993F89F200AB10C2A4BD179
:10E6D00093F89E20002A47D193F8A020002A43D126
:10E6E00093F8A220022A3FD193F81722002A3BD1A7
:10E6F000586907F0B8F9002836D0A36893F832219A
:10E70000FE2A31D1B3F80A22012A2DD9B3F810120A
:10E710009A8C914228D2B3F82E0128BB521A92B299
:10E72000013DADB2B5FBF9F5954228BF154619FB81
:10E7300005881FFA88F893F88B307BB9A268D2F865
:10E7400084305BB1B2F8CE30B2F898209B1A9AB2FE
:10E750001BB2002B02DD9845A8BF9046003DA36880
:10E7600018BF012583F81252A368B3F898008044BB
:10E77000A3F80C822288A36855065BBFB3F81C225D
:10E78000B3F80E1200225218A3F81C2293F840315D
:10E790002BB9A36893F8A030073B012B07D8A368D7
:10E7A000B3F8D620B3F80E120A44A3F8D620A26814
:10E7B00092F8DC0030B1B2F8D830B2F80E120B4447
:10E7C000A2F8D83092F9E0100029C1BFB2F8DE30CB
:10E7D000B2F80E525B19A2F8DE3092F8C1305BB984
:10E7E000002F40F07B82237F022B40F0308292F892
:10E7F0003431062B18BF1623A26892F8C0202AB91C
:10E80000A268484882F8C130FCF786FFA0680AF089
:10E81000DAFD454B1B681BB1444AA0681168984754
:10E82000A368002283F8132207B0BDE8F043FBF78A
:10E830002FBD5A0702D531461320BAE6190706D56F
:10E8400090F8283180F8343131460720B1E61A06B5
:10E8500002D500211B20ACE613F030013FD090F828
:10E860004331002B40F04082A36893F84231F3B16A
:10E87000A06890F89F30262B00F5A17100F2D622F7
:10E880002BD090F89E30A3F1260CDCF1000343EB73
:10E890000C0309F083FCA268D2F8903023F0200327
:10E8A00043F01003C2F89030002382F84231A06890
:10E8B000D0F89030DA0640F1178200F27511FCF7BB
:10E8C000BDFBA368B3F86620A3F83421B3F86A202F
:10E8D000A3F83621002115206BE60123D9E713F0B8
:10E8E000400201D0242064E6DB0540F1FD811146A1
:10E8F0001E205EE6123B0B2B54D8DFE803F00653D4
:10E900005353091953535353534400210B2050E6DA
:10E91000FCF774FF00283FF489AE0021042048E68C
:10E9200090080020CC2500205C080020F004002086
:10E9300090F8C832012B08D100210520FFF7A6FA74
:10E94000A368002283F8C82270E6A36893F8C8324F
:10E95000022BD8B27FF46AAEA36893F8E250062285
:10E960001DB183F834210021E8E79B48032109F019
:10E97000FDFCA36893F8F23013F0040F294614BF8E
:10E9800011200D20DAE70021062012E600211120D7
:10E990000FE693F84C21012A04D193F84D31002B56
:10E9A00000F0B381A36893F89E2082B993F89F206A
:10E9B000113A0C2A40F2B08193F8D020002A00F0DE
:10E9C000AB8101211220F4E500212020F1E50A2A83
:10E9D00040F09E8193F8292183F83421012134E706
:10E9E000A36893F852319BB1A36893F8E33013F016
:10E9F00003050DD101210C20FFF748FAA36893F815
:10EA0000E32042F0010283F8E32083F852519BE7B0
:10EA1000A36893F8423153B3A36893F8433133BBEF
:10EA2000A06890F89F30262B00F5A17100F2D62245
:10EA30001BD090F89E30A3F1260CDCF1000343EBD1
:10EA40000C0309F0ABFBA368002283F842210121EB
:10EA50001420FFF71BFAA368B3F86620A3F834214B
:10EA6000B3F86A20A3F83621E0E50123E9E7A368BB
:10EA700093F84C21012A70D193F84D31002B6CD1C1
:10EA8000A06890F89F50A5F12103062B65D92F2D82
:10EA900063D090F87C104B1EDBB2032B09D890F8A2
:10EAA0007D20DFF838E1013AD2B2032A1EF803C014
:10EAB00004D940F217310620F2F700F8BCF1020F3A
:10EAC00090F84E3110D0BCF1030F0FD0BCF1010F04
:10EAD00004D1012B14BF002301234BB90B3D042D9E
:10EAE00023D90121162064E5022BF3E7042BF1E77B
:10EAF0001EF8022090F84F31022A24D0032A24D095
:10EB0000012AEBD1012B14BF00230123002BE5D0F8
:10EB1000B0F8983000F53572B0F8500108F06EFB8F
:10EB20000146A8B92C48FBF701FBA36893F89E2087
:10EB3000002A7FF47BAD93F8CC32002B3FF476AD06
:10EB40000121FF2035E5022BDDE7042BC6D1DFE7ED
:10EB5000A368282283F89E2068E5A36893F85631BD
:10EB600013B10121222024E5A36893F854313BB16D
:10EB70001B4B1B6818489847FE28D6D0012118E582
:10EB8000A36893F85E3113B101211D2011E5A3683C
:10EB900093F8603113B1012126200AE5114B1B685F
:10EBA000002BE7D1C1E7F3F7AFFD08B1A5F810825C
:10EBB000F3F7C2FD00283FF44BAD95F8173201334F
:10EBC000DBB2022B85F8173282BF0023A5F8103282
:10EBD00085F817323CE500BFCC250020803F0400BB
:10EBE000980800207808002091F8D0301BB191F8E7
:10EBF0009E30102B23D1B1F8D450B1F8D2204B8ED7
:10EC00000135AD1A01F190004FEA8308A5EB8305A9
:10EC10000AF079FBA8B1D1F8C820531CD1F8C42060
:10EC20009B1AA3EB0803B1F82E21AB42A8BF2B46D9
:10EC3000151F9D42B8BF1D46012D3FF71CAD012594
:10EC40001AE52B46EFE74FF00109C84634E5012BE2
:10EC500009D192F8A130002B7FF4CEADA06800213D
:10EC6000F4F768FED5E55EB1F00635D4310735D44A
:10EC7000B20635D4B30735D140F64C1131201BE72D
:10EC800038B1B2F8D800B2F8DA30984201D3222372
:10EC9000B2E5002905DDB2F8DE10B2F8DA309942AB
:10ECA000F5D2B2F8D610B2F8D43099420BD2A3689C
:10ECB00093F8A210B3F8D22051B1B3F8D4309342F4
:10ECC000CCD8082398E592F84031002BDFD1EEE74D
:10ECD000052AC3D93E238FE51E238DE53D238BE511
:10ECE000232389E52A2387E5A36893F89F202B2A0D
:10ECF0003FF46AAE322A3FF449AE232A7FF452AE83
:10ED000093F84C21022A7FF444AE0021172050E4EE
:10ED10000C2D3FF60AAF89E40C2D7FF687AC93F8F3
:10ED20005331002B3FF45CAE01210E20FFF7AEF80B
:10ED3000A368002283F8532106E600BF73B56C4D2B
:10ED4000002401262E71A8602C802C752C77FF23BF
:10ED500080F81332AB681888FBF758FAAB6818884C
:10ED6000FBF780FAAB68B3F80A22EAB193F83221D4
:10ED7000FE2A19D193F84031B3B1AB6893F8A020C3
:10ED8000073AB24210D993F84121A3F8D64083F84C
:10ED9000342102203146FFF779F8AB68022083F86E
:10EDA0001242FEF761FF04E0AB6893F83201FE28DF
:10EDB000F7D1AC68638EB4F80E12B4F81022012BB0
:10EDC00001F1FF3189B238BF0123B1FBF3F31344E2
:10EDD000A4F81032B4F8D2300B44A4F8D23004F1C5
:10EDE00090000AF090FA20B1D4F8C4300B44C4F873
:10EDF000C430B4F80A32012B9CBF0133A4F80A32A4
:10EE0000002609B184F8176294F89F3084F81262E2
:10EE1000A3F10B02012A1FD8B4F89830B4F8D42219
:10EE20009B1A190432D404F2D62104F1A60008F08A
:10EE3000AEFCAB6883F89F60FF2283F8FA20A968D4
:10EE4000B1F80E2201F1900008F0E7FCA0B340F603
:10EE5000D7013120F1F732FE262B17D1B4F8D42296
:10EE6000B4F898309B1A1A0410D484F89F60FEF707
:10EE700027FFAB68014630B983F84C0102B0BDE80A
:10EE80007040FFF7BDBA83F84C61D8E794F89E3024
:10EE9000262B01D0282BD2D1B4F89830B4F8D42244
:10EEA0009B1A1B04CBD4002384F89E30FEF708FF86
:10EEB00001460028C3D1E1E70E4B0F49009303C977
:10EEC0000E4B0F4AF3F720FA296A19B195F824007E
:10EED00001F0D0FBAB6893F89F30123B0B2B04D8AA
:10EEE00002B0BDE87040F3F707BA02B070BD00BFD2
:10EEF000C825002001E40000CC250020C5DE00006C
:10EF0000A5DB000038B50446084694F8C83213B1B2
:10EF10000C25284638BD94F89F30163B012BF7D8B6
:10EF200094F8EC3203F0FF05002BF1D1A1B194F875
:10EF30002E3223B940F6A1113120F1F7BFFD074B66
:10EF40009968052301F5887201F21E2105F06EFC17
:10EF5000012384F8C832DCE70223FAE7C825002041
:10EF6000D0F8DC32C269934210B5044604D1D0F81F
:10EF7000E012426A914223D02288A4F8CA21A3F564
:10EF80007A7141F2707291429DBF4FF47A72B3FB75
:10EF9000F2F303F5506340F2E24288BFB3FBF2F3B1
:10EFA0009BB2A4F8CC31B4F8E032A4F8CE31B4F876
:10EFB000E2320949A4F8D03104F5E07009F060F8B4
:10EFC00002212046FBF778FC002384F89F300323BE
:10EFD00084F8A23010BD00BF7D84010008B5FCF7A5
:10EFE00055F9024B024A1A6008BD00BF8008002094
:10EFF0000DDF000038B590F89E300E3B012B044623
:10F000003CD8B0F89830B0F8462201339BB29A420F
:10F0100034D10388A0F8CA31D0F8503241F270726E
:10F02000A3F57A7191429DBF4FF47A72B3FBF2F36C
:10F0300003F5506340F2E24288BFB3FBF2F39BB2A8
:10F04000A0F8CC31B0F85432A0F8CE310025B0F899
:10F050005632A0F8D03180F8C951094900F5E07066
:10F0600009F00EF884F8445202212046FBF786FC92
:10F0700003212046F9F726FD84F89E5038BD00BFD5
:10F080007D840100B0F82A320B4470B5A0F82A3212
:10F09000B0F8D23000F190060B440446A0F8D2300C
:10F0A00030460D460AF040F9A0B1D4F8C4300B4404
:10F0B000C4F8C4302146304609F0ECFBD4E93123D2
:10F0C0009A4207D300231649C4F8C43004F5B67039
:10F0D00008F0D6FF94F8DC3023B1B4F8D8302B44D4
:10F0E000A4F8D83094F9E03023B1B4F8DE302B44E2
:10F0F000A4F8DE3094F8403123B994F8A030073BEF
:10F10000012B04D8B4F8D6302B44A4F8D6302046CE
:10F11000FFF770FFB4F898100D44A4F8985070BD34
:10F12000E3870100014B1874704700BF542600208C
:10F13000034B00214FF480521970A3F8012070474F
:10F14000D426002070B50646022014460D4600F075
:10F1500023FA064B01221A70054B033CC3F81045F5
:10F16000C3F80865C3F8045570BD00BFD42600205D
:10F1700000F0004008B5022000F00EFA09480A4BE2
:10F180000A494FF0010C80F800C000224FF4000043
:10F19000C3F80021C3F80421C3F80821C1F804050D
:10F1A00008BD00BFD426002000F0004000F0014060
:10F1B000114B1A786AB1114A11494FF40000C2F894
:10F1C0000805D1F800213AB91021002099705A7031
:10F1D0001870002000F0E0B9D1F80421002AF3D023
:10F1E000D1F8082112B110210022EEE7D1F8001465
:10F1F0000122C9B2E9E700BFD426002000F0014097
:10F2000000F0004008B5022000F0C6F9064B0748A0
:10F21000002201210170C3F80021C3F80421C3F8C2
:10F220000821196008BD00BF00F00040D42600206E
:10F2300008B5114B1A78587892B1104AC823D2F801
:10F24000001141B1D2F8040120B1D2F80801B0FA9E
:10F2500080F0400908BD013B13F0FF03EFD101E04E
:10F26000022803D1F5213B20F1F728FCA0F1010091
:10F27000B0FA80F0400908BDD426002000F000401C
:10F280000A4B1A787AB10A4BD3F800214AB1D3F865
:10F29000042132B1D3F808211AB9D3F80004C0B25E
:10F2A0007047102070479878704700BFD426002020
:10F2B00000F00040024B00221A809A70704700BF95
:10F2C000D82600202DE9F843044601201D460E46AD
:10F2D0009DF820902F4F904600F05EF904F0030057
:10F2E00040EA054040F08070C7F80405C7F808659B
:10F2F000294E357105F086FB38B9D7F8182522F06C
:10F30000FF0242EA0802C7F81825244B244AC3F832
:10F31000082514F0FB0F05D1224AC3F89825FC3AC2
:10F32000C3F89C25B9F1020F2FD81F4B13F80950D1
:10F33000B9F1000F20D1174B012CC3F8205506D08E
:10F340000123022C7370F4700BD9BDE8F88303F528
:10F3500080331649164AC3F89815C3F89C25747073
:10F36000F4700C4B012200213270C3F80011C3F875
:10F3700000121A60BDE8F8830AF0DBFA0028DAD13F
:10F3800040F2EB113C20F1F799FB4FF4F1713C2076
:10F39000F1F794FB00F00040D826002000F0014077
:10F3A0000000020200F100409840040050110040AB
:10F3B0000CF00040284B5A7870B5002A42D0274AFA
:10F3C000C2F80C15C2F81005DC7801259D70ECB16F
:10F3D000042C13D0197881B31B79023B0021012B37
:10F3E000C2F8041105D81E480323C0F85011C2F812
:10F3F0001C351C4B1C4AC3F8042570BD00211D7030
:10F40000C2F80411C2F80052156070BD1B78F3B148
:10F41000144BC2F804414FF40034C3F80445D2F849
:10F42000006116B15560C3F808450B7803704B783E
:10F43000043343708B78837070BD40F20D113C2013
:10F44000F1F73CFB4FF404713C20F1F737FBE1216D
:10F450003C20F1F733FB00BFD826002000F000402D
:10F460000010004000F00140000002020A4B1A7830
:10F470006AB10A490A48C1F808050022C1F898256E
:10F48000C1F89C25C1F89825C1F89C251A70002266
:10F49000A3F80120704700BFD826002000F00140EB
:10F4A0000000020208B50B4B1B784BB10A4BD3F896
:10F4B000042152B1D3F80004003818BF012008BD60
:10F4C00040F276213C20F1F7F9FA40F277213C2016
:10F4D000F1F7F4FAD826002000F00040F8B5184BF8
:10F4E0001B783BB3174CD4F8043113BB164B0222E4
:10F4F000C4F804231F691A6942F010021A61D4F893
:10F50000043107F0100753B9104E4FF40045C6F808
:10F5100080510AF029FAD4F80431002BF7D027B92A
:10F52000094A136923F010031361064B0222C3F842
:10F530000823F8BD40F287213C20F1F7BFFA00BF55
:10F54000D826002000F0004000ED00E000E100E0DF
:10F55000014B01229A60704700F0004008B50B4B48
:10F560004FF40042C3F88020BFF34F8FBFF36F8F7B
:10F57000074B0022C3F80025C3F80025FFF776FFEC
:10F58000044B4FF40002C3F8082508BD00E100E079
:10F5900000F0004000F0014038B5144C0023C4F8DE
:10F5A0000035C4F800350546FFF760FF104B4FF4F7
:10F5B0000002012DC3F8082503D0022D08D085B91B
:10F5C00038BD0223C4F800350A4BC4F81435F7E7F8
:10F5D0000321C4F800150749C4F81415C3F804251D
:10F5E000EEE782213D20F1F769FA00BF00F000400C
:10F5F00000F00140DD260020094B9B78012B0CD048
:10F60000022B09D1830706D40649074B00200122AB
:10F61000C1F840051A61704770474207F4D570473A
:10F62000E8270020008000400010004070B54D4EDB
:10F63000431E82B0044686F82400032B00F28C801F
:10F64000DFE803F03C413702474B0522C3F81025A1
:10F65000464A454B525CC3F80825C3F854157378E5
:10F66000012B64D0404DD5F80032FF2243F488735B
:10F6700086F85820C5F8003205F0DAF988B1E31EA3
:10F68000012B32D9D5F83C3723F00043C5F83C377D
:10F69000D5F87C37002223F0004386F85720C5F8C0
:10F6A0007C37204601F076FC05F0D8F980B102B035
:10F6B00070BD2D4B0622C3F81025C9E72A4B032243
:10F6C000C3F81025C4E7284B0422C3F81025BFE770
:10F6D00005F0D4F90028EAD1234AD2F8683543F47A
:10F6E000C023C2F8683502B070BD0122C5F80423FA
:10F6F000D5F83C3786F8572023F0004323F0FF036A
:10F7000043F0004343F07D03C5F83C37D5F87C3720
:10F7100086F8562023F0004323F0700343F00043A3
:10F7200043F06003C5F87C37EA632A64B9E796F9C9
:10F730002520F07801AB01F045FC9DF9040001F0B3
:10F74000A5FB9DF8050001F0C5FC00288AD040F219
:10F75000DE513E20F1F7B2F940F675513E20F1F747
:10F76000ADF900BFE8270020001000409C400400D5
:10F770002DE9F0470D4682B01746064638BB0423F4
:10F780000DEB03088DF804308DF8060002F01EFB27
:10F7900001284FF0FF3088BF00208DF8050040465B
:10F7A00005F092FB002840F0F080C34C012384F860
:10F7B0006D307B1E94F8261084F82470032B00F221
:10F7C0007581DFE813F03C0137013201E7000023C7
:10F7D0004FF002098DF804908DF8063002F0F6FA29
:10F7E00001280DF104084FF0FF3088BF00208DF88C
:10F7F0000500404605F068FB002840F0C680012364
:10F80000AD4C9E4284F86D3040F03C8194F8261057
:10F810003846FFF70BFF237884F80290012B00F0A5
:10F820009B80A5F12901002B36D1A44BA44AC3F833
:10F83000AC25236BA14A1944A24BC3F8401503F52C
:10F84000A073C2F8A835E36C43F40023E3644FF4DB
:10F850000023C2F8043594F8553043F00202DB0768
:10F8600084F855200DD5984BD3F8002242F00102C0
:10F87000C3F80022D3F8503503F0F603022B00F052
:10F88000F780904B0122DA64D3F84C358B422CD3AD
:10F89000002002B0BDE8F087236B884A1944894BE9
:10F8A000C3F8401503F5A073C2F8A835E36C43F420
:10F8B0000023E3644FF40023C2F8043594F8553074
:10F8C000DF07DED59D07CED45807DAD57B4B7F4ABC
:10F8D000C3F8AC25A3F5B833D3F84031002BD0D012
:10F8E00040F214613E20F1F7E9F8238D952B10D9F1
:10F8F000002E00F0A980012E40F0C980744801F16B
:10F9000029037449C36001F0D3FB0130012800F2E0
:10F91000B480404605F0E4FA002840F0BD80A378AA
:10F920009DF80420012B00F09F80022B08D1920744
:10F9300006D46449644B00200122C1F840051A61D5
:10F94000012002B0BDE8F0873B8D634A03F5FA73EE
:10F95000A2FB0323A5EB9315216B5A4B574A29446D
:10F96000C3F8401503F5A073C2F8A835E36C43F45F
:10F970000023E3644FF40023C2F8043594F85530B3
:10F9800043F0040384F855309AE740F6BC213E204A
:10F99000F1F794F84C4B0522C3F81025DFF83C91A1
:10F9A000DFF824A119F80130CAF80835CAF854154F
:10F9B00094F925204346384601F004FB9DF90400E4
:10F9C00001F064FA9DF8050001F084FB002868D17D
:10F9D00005F044F890B14FF08052DAF88835D2F84B
:10F9E0002023022F0CBFC2F30662C2F3062223F4C7
:10F9F000FE4343EA0223344AC2F8883523780122C1
:10FA00009342A27009EB47079ED0B98E324A01F5A6
:10FA1000FA71A2FB0121A5EB9111002B7FF43CAF01
:10FA2000264B294AC3F8AC2503E7274B0622C3F827
:10FA30001025B3E7244B0422C3F81025AEE7224B70
:10FA40000322C3F81025A9E7214801F12803214921
:10FA5000C36001F027FB013001287FF65AAF40F266
:10FA600035713E20F1F72AF851077FF562AF67E75D
:10FA700040F20D613E20F1F721F840F23F713E2047
:10FA8000F1F71CF84FF4FB613E20F1F717F840F254
:10FA900043713E20F1F712F840F6F4213E20F1F7D1
:10FAA0000DF840F2DE513E20F1F708F840F67551AE
:10FAB0003E20F1F703F800BFE827002000F00140E6
:10FAC000041000400080004000100040081000407A
:10FAD000FC040020DC400400D34D62109C40040074
:10FAE0001B4B10B570220021184605F081F945F630
:10FAF000FF72A0F8582004F067FF10B904F06EFF01
:10FB000060B114482422FF2105F072F94FF08043C0
:10FB10000022C3F8082EC3F8102E10BD04F068FFB1
:10FB20000028EED104F084FF78B904F077FF044692
:10FB300058B908483822FF2105F05AF94FF08043A0
:10FB4000C3F8084EC3F8104E10BD02484022DAE751
:10FB5000E8270020000E0040962808B507D8064B7D
:10FB600095288CBF002201221A70188508BD4FF419
:10FB700001713E20F0F7A2FFE8270020024B185C3D
:10FB800000F51660704700BF9C400400014B93F8DD
:10FB900048007047E827002030B40C4B0C4A93F81B
:10FBA00048101D6C586C02EB8102401BD36ED2F8DA
:10FBB0008040916D074A03F2E7331B1B0844A2FB08
:10FBC000032300EB931030BC704700BFE8270020F0
:10FBD0009C400400D34D6210024B586C1B6BC01A42
:10FBE000704700BFE827002010B40A4B0A4A93F878
:10FBF00048101C6B186C02EB8102001BD36E916DD8
:10FC0000064A10BC03F2F313401AA2FB0323A0EB35
:10FC100093107047E82700209C400400D34D6210E9
:10FC200010B40D4A0D4992F84800146B136C01EBA7
:10FC300080011B1BC86E896D946B5B1A084900F22A
:10FC4000F310A1FB0010A3EB9010D16B001941F150
:10FC5000000110BC704700BFE82700209C40040052
:10FC6000D34D6210013908B5C9B2144B032983F88A
:10FC700054001DD8124B134A03EB810140F0007071
:10FC8000D1F89C3043F4801343F4847340F4403043
:10FC9000C2F81435C2F81805D2F8503503F0F7034E
:10FCA000032B00D008BD40F2FD213E20F0F706FFF7
:10FCB00040F2E6213E20F0F701FF00BFE8270020D8
:10FCC0009C40040000100040224BD3F8002222F098
:10FCD000020242F4801210B5C3F800221E4C1F4AE3
:10FCE000C4F8A02502F5DE421C32C4F8A4254FF466
:10FCF0008022C4F804250278032A26D1012919D0CC
:10FD0000D3F814451649427824F47024C3F81445F6
:10FD1000086A02F03F0242F40C3240F0030042F461
:10FD200020720862C3F80009C3F81029012381F882
:10FD30006C3010BDD3F81415427821F4702040F4D3
:10FD400000200749C3F81405E2E740F252313E2093
:10FD5000F0F7B4FE0010004000F001402C1100400C
:10FD6000E827002008B504F079FE50B1054AD2F822
:10FD7000743723F0807323F0010343F08073C2F8DB
:10FD8000743708BD00100040F8B54B4B0222C3F891
:10FD90008020BFF34F8FBFF36F8F484C00220123A9
:10FDA000C4F8FC2FC4F8FC3F04F068FE28B1D4F876
:10FDB0003C3743F48063C4F83C3704F023FE60B161
:10FDC0003E4AD2F83C3723F0004323F0FF0343F0D0
:10FDD000004343F09603C2F83C3704F03FFE40B1C5
:10FDE000364AD2F8403723F47F4343F4B053C2F885
:10FDF0004037324C324BC4F8783701F07BF938B1D8
:10FE00004FF08053D3F83033591C18BFC4F84C3727
:10FE10004FF010231B6E5A1C0AD02849D1F88C25AC
:10FE20001B0403F47F0322F47F021343C1F88C35D3
:10FE3000224D244A244C40F20311C5F83415107C9D
:10FE4000012340F25B6284F82430C5F83825C5F8F8
:10FE500030350323C5F81035022740F20123C5F8D9
:10FE60005036C5F8007201F04BF9184B184AC3F828
:10FE700004250026A4F84860666484F8556003F001
:10FE800049FAC4E90E0103F053FA26702063962361
:10FE90002385D5F800392362226F074B84F86C6004
:10FEA0001021C3F88071C5F804131F6002B1904798
:10FEB000BDE8F84001F0EAB800E100E000100040C1
:10FEC0002C000089FC040020E827002000F00140FD
:10FED0000000020C026838B52C4B2D4C110E12029A
:10FEE000C3F82415C3F81C254268C3F83C25027AE0
:10FEF00084F8262090F809C0827A84F854200CF106
:10FF0000FF31C9B203293CD8224D05EB810142F0F3
:10FF10000072D1F89C1041F4801142F4403241F457
:10FF20008471C3F81415C3F81825D3F8502502F0CE
:10FF3000F702032A20D0BCF1030F84F824C00DD0AF
:10FF4000BCF1040F11D0BCF1020F14BF0322042234
:10FF5000C3F81025C37A84F8253038BD0622C3F8CB
:10FF60001025C37A84F8253038BD0522C3F8102542
:10FF7000C37A84F8253038BD40F2FD213E20F0F7E9
:10FF80009DFD40F2E6213E20F0F798FD0010004074
:10FF9000E82700209C400400014B83F825007047AF
:10FFA000E8270020034B020E0002C3F82425C3F803
:10FFB0001C05704700100040014B83F82600704775
:10FFC000E827002000B583B001AB00F0FBFF03B0D1
:10FFD0005DF804FBF0B5894C94F85530DD0783B02B
:10FFE00040F1F38000280CBF0422022200230546C2
:10FFF0000E468DF804208DF8063001F0E7FE01284A
:020000040001F9
:100000004FF0FF3088BF00208DF8050001A804F0F4
:100010005BFF002840F0D480012384F86D3094F811
:100020005530774F43F0020384F85530D7F800324B
:1000300043F00103C7F80032002D3AD0012D00F043
:100040009F80704BD3F84C75238D952B00F2C780A1
:1000500001A804F045FF002840F0BC80A3789DF87B
:100060000420012B22D0022B12D0206B381A15B19C
:10007000293003B0F0BD6449644A01EB4606B38EF3
:1000800003F5FA73A2FB032300EB931003B0F0BD5A
:100090009307EAD45B4A5A4B0021C2F8401501226B
:1000A0001A61206B381A002DE2D1E4E75207F1D52E
:1000B000DBE7731E94F8261084F82460032B00F20B
:1000C0009880DFE803F058534E024D4B0522C3F8E9
:1000D00010254D4B4A4F5B5CC7F80835C7F85415DF
:1000E00094F9252001AB304600F06CFF9DF9040027
:1000F00000F0CCFE9DF8050000F0ECFF002873D165
:1001000004F0ACFC90B14FF08052D7F88835D2F8AB
:100110002023022E0CBFC2F30662C2F3062223F490
:10012000FE4343EA0223364AC2F88835354A344949
:100130000123A370D3640B60238DD2F84C75952BEB
:1001400086D93348334907F12803C36000F0AAFF7A
:10015000013001287FF67CAF40F235713E20F0F788
:10016000ADFC274B0622C3F81025B2E7244B04222E
:10017000C3F81025ADE7224B0322C3F81025A8E7EA
:1001800094F826103046FFF751FA1E4B0222A27057
:10019000DD647D60D3F84C75238D952B7FF658AFC9
:1001A0001B481C4907F12903C36000F081FF01309F
:1001B00001287FF64DAF40F23F713E20F0F77EFC04
:1001C00040F6BC213E20F0F779FC4FF4ED613E2073
:1001D000F0F774FC40F6F4213E20F0F76FFC40F29B
:1001E00043713E20F0F76AFC40F2DE513E20F0F70A
:1001F00065FC40F675513E20F0F760FCE8270020D2
:1002000000100040008000409C400400D34D62106C
:10021000FC040020DC4004000F4A92F8553043F003
:10022000020382F8553050B90C4A0D4BC2F8AC3578
:10023000D3F8002242F00802C3F800227047074BAF
:10024000074A0849C3F8AC15D2F8003243F004035A
:10025000C2F80032704700BFE827002000F00140DC
:10026000001000400410004008B5FFF781FA00B10B
:1002700008BD054B05490122C1F840051A6102205D
:10028000BDE80840FAF788BE00100040008000403A
:10029000F8B51E4D95F849309BB3044616460846FE
:1002A00054B1012C1CD00020296B3246411A204643
:1002B000FFF75EFA48B1F8BD012B6F6C95F8481056
:1002C00017D000F0EBFD3844EEE7114B1149012245
:1002D000C1F840051A610220BDE8F840FAF75CBE9B
:1002E000012B6F6C95F8481007D000F005FE3844DC
:1002F000DAE700F0F1FD3844D6E700F0DDFD3844E0
:10030000D2E740F64F013E20F0F7D8FBE827002067
:1003100000100040008000404D4A4E494E4870B5E4
:100320001024D2F804534D4EC2F8084302234C4C1B
:10033000C1F88031C2F8003200214FF46023C6F8C2
:10034000401584F85510C0F80835D2F85035DBB2A6
:1003500082B005F01005002B44D1238D952B04D9D4
:10036000A378012B69D0022B5DD0394B0022C3F852
:100370001021D3F83C1784F8572021F00041C3F82E
:100380003C17D3F87C17227121F00041C3F87C1789
:1003900094F86C102280A270E9B184F86C20D3F834
:1003A00000222D4922F4801242F00202C3F80022FA
:1003B0004FF48022C1F80825D3F81415226A21F4DD
:1003C0007021C3F8141522F0030226492262C3F8F3
:1003D0000029C3F810191DB11D4B1022C3F80423C6
:1003E00002B070BDFF238DF807300123C2F8101151
:1003F00013619DF807304BB90CE09DF80730013BC5
:10040000DBB28DF807309DF807301BB1D2F8103100
:10041000002BF2D09DF80730002B9ED140F68F01C3
:100420003E20F0F74BFB00F04FFE013001289CD935
:1004300040F6A6013E20F0F741FB00F03FFE013000
:10044000012892D94FF40A613E20F0F737FB00BF34
:100450000010004000E100E000F00140008000409A
:10046000E827002080320200274BD0B50022274C1D
:10047000C3F84825C3F84425C3F84025C3F84C25E4
:10048000FFF74AFF00F008FE94F86D3023B104F046
:1004900021FD78BB84F86D00002004F027FD70BBBF
:1004A000E26C1B49184B42F0446242F40032C1F83E
:1004B0000825184AC3F84805002600270221E064F1
:1004C000C3F844052076C3F84005C4E91067C3F8B3
:1004D0004C05C3F84801C3F84401C3F84001C3F810
:1004E0004C01C2F88010BFF34F8FBFF36F8FC2F87B
:1004F0008011D0BD40F25D513E20F0F7DFFA4FF49D
:10050000AC613E20F0F7DAFA00800040E8270020D6
:1005100000F0014000E100E0014BC3F83C057047EA
:100520000010004010B50446074804F0DFFC28B96D
:1005300094E80F00054C84E80F0010BD40F6F4016C
:100540003E20F0F7BBFA00BFF9F500005C28002060
:1005500008B5174B174993F85520C1F8040542F028
:10056000010C1865900783F855C00CD5D1F80032FE
:1005700043F00103C1F80032D1F8503503F0F6031F
:10058000022B10D008BD5307FCD50B4A0B490C4B6E
:10059000C2F8AC15D3F84031002BF3D040F214610F
:1005A0003E20F0F78BFA40F20D613E20F0F786FA1C
:1005B000E82700200010004000F001400810004033
:1005C0000080004038B5154B196B5A6C08448242C4
:1005D0001ED2134901244C64D1F844251C760532FF
:1005E0008242D86105D30F4BD3F8042102B91C61B4
:1005F00038BDDA6C0C4C0025C1F8445142F480023D
:10060000C1F844054FF48001DA64C4F8041538BD1C
:1006100040F606113E20F0F751FA00BFE82700200F
:10062000008000400010004000F0014010B50F4C69
:1006300094F849C094F848100222BCF1010F034617
:100640002276208D94F824200BD000F083FCE0610A
:10065000636C074A00210344C2F84411C2F84435D0
:1006600010BD00F059FCE061F2E700BFE827002070
:1006700000800040C30003F1804303F5F83310B459
:10068000084A094CC3F81025012202FA00F0E26C76
:10069000C3F81415054B0243E26410BCC3F804050B
:1006A000704700BF04110040E827002000F001401F
:1006B000044BC3F86005D3F8002242F04002C3F8AF
:1006C0000022704700100040054BD3F800220021A3
:1006D00022F04002C3F80022C3F86015704700BF43
:1006E00000100040044BD3F84835024603F07F0366
:1006F0005B420120137070470010004010B51B4C86
:10070000238DE170952B8CBF0023012382B02370D1
:1007100030B9A3780122022B627005D002B010BD5F
:100720000223637002B010BD8C4694F9252094F822
:10073000261001AB604600F045FC9DF9040000F076
:10074000A5FB9DF8050000F0C5FC50B9084AD2F899
:100750000032FF2143F4887384F85810C2F8003245
:10076000DCE740F2DE513E20F0F7A8F9E827002050
:1007700000100040024B0022C3F84025704700BF24
:100780000080004030B4044BD3E918459B6EC0E9AB
:10079000004530BC0B607047E82700202DE9F0438E
:1007A000BE4BBF4C0127DF64D3F84C55236B94F844
:1007B000546085B0ED1A03F027FB94F8563020669C
:1007C0000022A5666266002B70D0B64BD3F80401F8
:1007D000D3F8101100295FD1002840F05181D3F8DF
:1007E0000021002A00F04682FF22C3F800015F6169
:1007F0000292029A2AB908E0029A013A0292029AF7
:100800001AB1D3F81C21002AF6D0029B002B00F06D
:100810000A83A44B94F85910D3F8482502F07F02BC
:100820009142C0F080829F4B01210020C3F81C013F
:1008300084F85820C3F8081319649963974B9949B1
:1008400001228020C1F804031A64D3F84025D3F8AC
:10085000445502F56A521832954240F2F881D3F8B5
:100860004025E06C02F51C52103240F40020E06498
:1008700001F5F031C3F840258B488C4A0025C3F8B8
:1008800040514FF40023C1F8A805C1F8AC25C1F8C8
:10089000043505B0BDE8F08384F856208021844AF1
:1008A000C3F808134FF40023C2F80835238D94F8D9
:1008B00002C0952B40F28E80BCF1010F00F08280C7
:1008C000BCF1020F00F01C82794BE26CC3F80825E2
:1008D00074490023E36484F85530D1F80022237E64
:1008E00022F48E7222F00102C1F800224BB16B4B50
:1008F000D3F84431003B18BF0123BCF1010F00F0D5
:100900008280BCF1020F07D00027664BD3F810217C
:10091000D2B147F0100718E0624AD2F80C11002952
:10092000D2F8001407BF042700220222062711F084
:10093000010F18BF17462BB107F00B0242F001025E
:1009400047F00107002AE0D0564B0022C3F80021EF
:10095000C3F80C21C3F81021C3F80421C3F80821FF
:10096000C3F86C214D4B94F84910D3F84825D3F8BF
:1009700044350229C4E9103268D0BCF1020F65D0B9
:1009800094F82410637884F8481084F849C0002B48
:1009900070D017F0110F40F0AF81207994F80080EB
:1009A000B3F1010918BF4FF00109012800F00381DC
:1009B000022800F0938000287CD040F67F213E2062
:1009C000F0F77CF800F07AFB0130012800F23A825F
:1009D00094F802C0364BE26CC3F808253149002375
:1009E000E36484F85530D1F80022237E22F48E721D
:1009F00022F00102C1F80022002B7FF478AFBCF195
:100A0000010F7FF47EAF274BD3F80C21002A40F072
:100A10001C81D3F81071002F96D0C3F80021C3F8C1
:100A20000C21C3F81021C3F80421C3F80821C3F82E
:100A30006C211A4B94F84910D3F84825D3F8443563
:100A40000229C4E910324FF0300799D194F82410EC
:100A5000CB1E012B96D8134BD3F8143484F849C01D
:100A600013F0060F63780CBF0421032184F84810AB
:100A7000002B8ED12380A370237123761D464AE07C
:100A80000B4A8020C3F808034FF40023C2F808354E
:100A900084F8561005B0BDE8F08300BF0080004028
:100AA000E827002000100040408100401410004062
:100AB00000F00140208DBCF1000F00F0C881012B37
:100AC000019240F02881BCF1010F00F09D8100F0FF
:100AD000E5F9019A8118206B091A03E0B748FFF77E
:100AE000F9F961690023B8F1010F2380A370237124
:100AF00008D13B358D4200F2A380B14A84F80080D2
:100B0000C2F84031E2784846FEF732FE054600283A
:100B100000F0E780002594F86C30FBB1A94BAA499E
:100B2000D3F8002222F4801242F00202C3F800221D
:100B30004FF48022C1F80825D3F8142522F470223E
:100B4000C3F81425226A22F00302C3F800292262A6
:100B50009E4AC3F81029002384F86C30FB076CD43C
:100B6000B80748D417F0280F00F0A68087F02001BE
:100B7000E36FC1F3401128469847A378022B89D12F
:100B8000237E002B86D0022B00F0F280012B40F058
:100B90005481E369626C934240F24A81884AC2F808
:100BA0004435E36C884A43F480034FF48001E364E6
:100BB000C2F804156EE78148FFF78CF994F84930C4
:100BC000002B00F02B81012B00F0068194F84830B7
:100BD0007F4A216C02EB8302236BC91AD36E926D9C
:100BE000891A7C4A03F2F313A2FB0323A1EB9311AE
:100BF0006069014476E703F031FF002863D103F018
:100C00003DFF00285FD16F4BD3F85034D9015AD53E
:100C10001A0705D013F0F00F02D013F4706F52D101
:100C2000684AD2F85414C3F30442012A4BD1012973
:100C300049D0C3F34253022B45D8636F98479CE7D2
:100C4000604B4546C3F8108065E708277CE65E4C9C
:100C500000224FF40025C3F84025C3F84021C1F815
:100C60000803C4F80855C3F84021C1F80803C4F8C4
:100C700008550FE7D3F8481594F85700C3F81C211E
:100C800001F07F0184F8581000285CD194F85920B5
:100C9000D3F874358A4272D89AB20F2A02D9B3F5C2
:100CA000003F6CD3474B01221A649A63454BD3F83B
:100CB0001C310393039BC1E5FB067FF55EAFD4F8BF
:100CC0008030984759E7236D5B78B34298BF87F02F
:100CD0000400A36F94BFC0F380000020294698470A
:100CE0004BE7374BC3F84005A3F5E04301221A61F7
:100CF0000220FAF751F90EE7FFF70EFB00250AE78D
:100D000000F0E2F9013001287FF662AE40F6A6015C
:100D10003E20EFF7D3FEBCF1010F7AD000F0ECF8E3
:100D2000019A8118D7E6D3F83C1721F00041C3F8A7
:100D30003C17D3F87C17002021F0004184F85700BD
:100D4000C3F87C176FE594F859008842AED2D3F807
:100D50003C1784F8572021F00041C3F83C17D3F822
:100D60007C2722F00042C3F87C271F649F639DE725
:100D7000636CE169124A0B44C2F8443511E7114A29
:100D8000D2F83C3723F0004323F0FF0343F0004345
:100D9000012143F07D0384F85710C2F83C37D2F8A4
:100DA0007C3723F0004323F0700343F0004343F00B
:100DB0006003C2F87C37116478E700BFF027002099
:100DC000008000400010004000F00140803202002E
:100DD0009C400400D34D621094F84820531ED9B2B1
:100DE000032939D81F4B03EB820203EB4103906DBB
:100DF000216BB3F89420236C591A1B4B091AA3FBDF
:100E0000022301EB9311F3E600F066F8019A8118D2
:100E100061E600F051F8019A81185CE640F25F71DA
:100E20003E20EFF74BFE40F684313E20EFF746FEC2
:100E30004FF446613E20EFF741FE40F65F413E2011
:100E4000EFF73CFE4FF40A613E20EFF737FE40F625
:100E50004F013E20EFF732FE4FF42A713E20EFF7AC
:100E60002DFE00BF9C400400D34D6210024B03EBEB
:100E70008003986D704700BF9C400400024B03EB59
:100E80008003D3F8800070479C400400024BC0B23E
:100E9000C3F80C05704700BF0010004010B50446B1
:100EA0000846FFF7EBFF034BA3FB0030A4EB9010C9
:100EB00010BD00BFD34D6210054B064A33F8113008
:100EC00003F2E733A2FB0323023800EB93107047D1
:100ED0005C410400D34D6210054B064A33F81130D3
:100EE00003F57A73A2FB032300EB9310704700BF56
:100EF0005C410400D34D621010B504460846FFF76C
:100F0000BDFF044A00F2E733023CA2FB0330A4EB2E
:100F1000901010BDD34D621038B50C4D35F811103E
:100F200005EB8205EC68214401F6B7314FF47A7481
:100F300004FB001406481D46A0FB04341046FFF7CE
:100F400095FF0535A4092C44204438BD5C410400BC
:100F5000D34D621070B5064608461546FFF78EFF62
:100F60000A4B03EB85034FF47A71DC68084B04F6F7
:100F7000B734024601FB0644A41A2846A3FB0434F6
:100F8000FFF774FFA4090530204470BD5C410400E4
:100F9000D34D621010B5044603F04AFD78B1084AFB
:100FA000D2F84037E01E23F0004301289EBF23F40F
:100FB0007F4343F0004343F44443C2F8403710BD3D
:100FC000001000402DE9F04F244C83B006469846AF
:100FD0000D46174600F0B6F82378B342814602D199
:100FE0006378AB4224D0731EDBB2032B31D81C4A8A
:100FF0002946D05C0DF107033A4600F0A9F8824675
:1010000018BB28469DF907B0FEF7B8FD53460246C7
:101010004146584600F064F8B8F800302670657014
:10102000A380A071A77084F8039003B0BDE8F08F8F
:1010300094F90230BB42D6D1E3788342D3D1A3885E
:1010400094F90600A8F80030EFE73D217520EFF78E
:1010500035FD40F26B410620EFF730FD140500200E
:101060007C410400014B1860998070476C28002077
:10107000024BD86019745A82704700BF982800202C
:10108000014B1B681B681847A0080020014B1B6818
:101090005B681847A0080020014B1B689B68184735
:1010A000A0080020014B1B681B691847A0080020FE
:1010B000014B1B685B691847A0080020014B1B68A7
:1010C0009B691847A0080020014B1B68DB69184783
:1010D000A0080020014B1B68DB6A1847A00800200D
:1010E00010B4034C2468E468A44610BC604700BFF9
:1010F000A0080020014B1878704700BF902D0020F9
:1011000000220F4938B50446134644FA02F0C007DE
:10111000D5B248BF581C02F1010244BFCD54C3B23E
:10112000042AF2D1064DC3F10402042BD2B24FF0CF
:10113000FF0188BF0022E81803F05AFE2C7138BD69
:101140009C2D0020014B187D704700BFB82800205F
:10115000042810B511D883B104280CBF102428240A
:10116000A1420AD2064C54F8200018B141568A42D6
:10117000A8BF0A461A70002010BD6FF01500FBE7EB
:10118000B828002030B50346114890F91C209A4237
:1011900019DD90F924209A4217DA9A1A846AA05C21
:1011A0000C4A15569D420DD00E32002918BF013051
:1011B0009442C0B206D129B1013BDBB2012B01D868
:1011C0000130C0B230BD0D20FCE70020FAE700BFBF
:1011D000B82800208041040008B5054B93F91C3065
:1011E000984203DAFFF7CEFF024B1B56184608BDA4
:1011F000B82800208041040010B51C4C94F82C3015
:1012000073B9012384F82C3003F0F2FB48B1184B7A
:10121000A362D823236284F824300823A3612377B0
:1012200010BD03F0FBFB0028F1D103F001FC002806
:10123000EDD103F0BFFB38B10E4BA362D82323627C
:1012400084F824300423E9E703F0BEFB0028F3D13F
:1012500003F0C4FB0028EFD103F0D4FB0028EBD14E
:101260004FF4DF71742003F06BF900BFB828002041
:10127000BB4104008E4104004FF0804201235360C3
:101280000023C2F80031014A13707047E52800209E
:10129000014B01221A707047E52800204FF080436F
:1012A000D3F8003123B9034B187800F001007047E0
:1012B0000120FAE7E528002070B50A4D0126044612
:1012C0002E70FFF7EBFF30B94FF080436E706C600B
:1012D000C3F8046370BD002CFCD0A04700236B60F2
:1012E000F8E700BFE8280020024B00221A705A706D
:1012F0005A607047E828002010B5034C208100F0A8
:101300002BFD608110BD00BFE8280020014B9889AB
:10131000704700BFE8280020014B1889704700BFC4
:10132000E8280020014B5889704700BFE8280020BA
:1013300008B509B3F8B14FF0FF331A46E0FB0132AC
:101340000E498A4204D940F2D3116D2003F0F8F817
:10135000180D40EA0230C3F30F134FF22441B0FBE3
:10136000F1F203EB0040064B03FB1200B0FBF1F07F
:1013700040EA0240013008BD0846FCE73F420F004A
:10138000000024F410B5EFF3108472B6064A937B84
:101390000133DBB29373937B012B01D108F0F0F89A
:1013A00004B962B610BD00BFE828002038B5FFF7C9
:1013B000E9FFFFF773FF094C4FF0804540B108F09B
:1013C00009F901232B610423E3730023237438BD3F
:1013D0000323E3730123C5F80433F6E7E82800206C
:1013E00010B5EFF3108472B6094A937B23B94FF41A
:1013F000F8716D2003F0A4F8937B013BDBB293738B
:10140000937B0BB9FFF738FF04B962B610BD00BF7C
:10141000E8280020024BD87B003818BF0120704715
:10142000E828002073B51B4D6B7C63B9E86900F0B8
:10143000030008F0BFF830B1EFF3108372B6EA7B17
:101440001AB103B962B602B070BD0122EA7303B9E2
:1014500062B64FF080430822C3F808234FF420738C
:10146000ADF80630BDF80640A4B2631E9BB2ADF8DD
:101470000630002CF6D14FF080460748C6F80C41E4
:1014800008F039FA85F82140FFF790FF0823C6F8E5
:101490000433D8E7E8280020082900202DE9F0418E
:1014A000384C94F82230002B69D04FF08043D3F8A9
:1014B0000071D3F8046157B10122C3F8082363789F
:1014C0002BB16368002565700BB1984765604EB11C
:1014D0004FF080430022C3F804210222C3F80823FE
:1014E000FFF7A0FF4FF080462748D6F80C8194F80C
:1014F0002150EDB208F003FA20B14FF423716D20B2
:1015000003F01EF847B1E37B032B05D10423E373FB
:1015100008F060F801233361B8F1000F16D04FF0E6
:1015200080430022C3F80C21E37B042B02D040F25D
:10153000AA21E4E703F086FAC0B14FF0804300220D
:10154000C3F8342C0223E373FFF74AFF4DB10023A5
:1015500084F82130E37B022B01D1FFF727FFFFF74F
:101560003FFFBDE8F041084808F0D8B903F04AFA57
:101570000028E2D103F05CFA0028DED1E2E7BDE802
:10158000F08100BFE82800200829002010B5044C95
:10159000E06900F0030008F00DF80028F8D010BD55
:1015A000E8280020F8B5054650B10278042A07D88B
:1015B000437842B9013B1F2B02D88378212B07D9EE
:1015C0006FF0150077E0002BFAD18378002BF7D16C
:1015D000814B0127C3F88070BFF34F8FBFF36F8F2C
:1015E0004FF08046C3F880717C4C4FF0FF33C6F853
:1015F00008330023C6F80031C6F80431C6F80C31B0
:10160000A373AB88A38107F0C0FF08B12770A7734D
:10161000D6F80C24D6F80C34D20303D5DF0701D555
:10162000FFF736FE4FF4AF60FFF766FE2B78A97820
:1016300063740022E261A1742274042B4ED8DFE8A7
:1016400003F005033B494B000123E36107F0A4FFCE
:1016500000284ED007F0A7FFE36903F00303984288
:1016600047D1AB79002B3ED1FFF790FFA37C6BB144
:101670002B785BB9FFF712FE054603F0E1F86FF037
:101680000043002D00F0A580C4E905034FF080431E
:10169000D3F80C24D3F80C34D20303D5DB0701D5DF
:1016A000FFF7F6FD4C4A01230020E07384F8223056
:1016B000C2F880311360F8BDFFF764FE4FF080433D
:1016C000D3F80C14D3F80C24CE03F9D5D007F7D5F2
:1016D0000223BAE7424BB8E7424BB6E74FF47F71BB
:1016E0006D2002F02DFF4FF080430222C3F8042347
:1016F000BCE74FF080430122DA600022C3F80421E6
:10170000E269C3F8182503F055F910B34FF0805380
:101710004FF08042D3F84432C3F34233C2F83C3531
:1017200003F048F910B34FF080430122C3F84C2571
:101730004FF0804301229A600222C3F80423AA7961
:10174000002A93D1D3F8042391071CD440F2B3317B
:10175000C6E703F039F90028D8D103F03FF9002893
:10176000D4D103F04FF90028D0D1D9E703F02CF9F8
:101770000028D8D103F032F90028D4D103F042F97F
:101780000028D0D1D4E7184A1669116941F0100138
:101790001161D3F8043106F010060BB908F0E6F831
:1017A0004FF08047D7F8043183B1FFF7EFFE26B939
:1017B0000D4A136923F0100313614FF08043022296
:1017C000C3F808230022C3F804214FE708F0CCF83F
:1017D000E8E7C4E9053059E700E100E0E828002027
:1017E000010002000100030000ED00E010B50D4C07
:1017F00004F1200008F083F848B9E37B022B01D103
:10180000FFF7D4FDBDE81040074808F087B8074A45
:10181000012384F82130BDE81040C2F80031FFF701
:10182000B1BD00BFE82800200829002000E100E049
:10183000064B1A7810B5044632B901221A70FFF728
:10184000A1FD2046FFF738FD002010BD0B29002028
:1018500010B5054C23782BB1FFF746FD002323700C
:10186000FFF7BEFD002010BD0B290020034610B37A
:10187000007888B91A79012A1ED85A79012A1BD80A
:101880009A680E49643A8A4216D8D8680C4B984236
:101890002CBF00200120704701280CD11A79012AA1
:1018A00009D85A79012A06D8DA680449643A8A4282
:1018B00001D89868EAE70020704700BF3C86010025
:1018C0000040420F10B5054C236813B19847002320
:1018D0002360BDE8104001F08FBB00BF0C29002041
:1018E00038B5044620B94FF4D5716A2002F028FEBD
:1018F00090F82850072900F2EC80DFE801F0044658
:101900004676808AA39190F82630033B012B02D9BA
:1019100040F2B511E9E7052390F8241080F826304D
:10192000002380F8293061BB714B0122C3F84015B8
:10193000C3F84011C3F84415C3F84411C3F848155F
:10194000C3F84811C3F84C15C3F84C11DA6007F01E
:1019500089FE2378012B0FD101F0DCFCC4E90601DC
:10196000236A0021284698470146204607F091FE49
:10197000022840F0B18038BDD4E90423C4E906232D
:10198000EEE7BDE83840FFF79DBF90F82630DA1E3D
:10199000012A02D94FF4EB71A7E790F824202AB16D
:1019A00021462846BDE8384007F042BE042B0CBF54
:1019B00002230123012980F82630036A0AD1052178
:1019C000284698470028D6D00378002BD3D040F281
:1019D000EB118AE70621284698470028CBD00378E8
:1019E000002BC8D04FF4F8717FE790F82630052B14
:1019F00002D040F2F71178E7036A0221B2E790F8CB
:101A00002630052B02D040F2FD116EE7036A01215A
:101A1000A8E790F82630052BB3D040F2032164E705
:101A200090F82630052B02D04FF402715DE7036A6F
:101A30000A21284698470146204607F02AFE40F230
:101A40000B2152E790F82630052B07D090F825207F
:101A50000AB1032B02D040F20F2146E794F824206C
:101A6000002A9DD194F8293093B1022384F82630BE
:101A700084F82920236A08212846984700283FF443
:101A80007AAF0378002B3FF476AF40F21B212CE7AE
:101A900094F8252062B194F8270084F82530214677
:101AA00001F03EFD00287FF466AF4FF408711CE79B
:101AB000022384F826300721236A28469847002805
:101AC0003FF459AF0378002B3FF455AF40F2272184
:101AD0000BE74FF40B7108E720B1012805D1236A09
:101AE00004213FE7236A03213CE740F23D21FCE665
:101AF000008000402DE9F8438846074680B300F097
:101B000037F84FF0000905465FFA89F6AE420AD26F
:101B1000304600F033F890F8264009F10109002C16
:101B2000F2D1FF2E03D16FF00B00BDE8F8833046F1
:101B300000F024F80546848480F8264080F8286068
:101B400001460A4801F0A0FB202885F827000AD0AA
:101B500001232F6285F82630204688F80060E4E7EC
:101B60006FF01500E1E76FF02200DEE7E1180100F9
:101B7000014B1879704700BF10290020054B1A79D6
:101B8000824283BF1B6800EB400003EB0010002083
:101B9000704700BF1029002010B510F003040A465A
:101BA0000BD107490A71086030B102EB4202120101
:101BB000214603F01DF9204610BD6FF00D00FBE734
:101BC0001029002043F60952C0F3080302FB03F377
:101BD000400A03F5807302FB00F000EB53207047CE
:101BE00043F6095CC0F3080210B50CFB02F2C0F327
:101BF0004E24030E43EA01230CFB04F0090E02F508
:101C000080724FEA411C00EB52205A01B2EB030EE6
:101C10004CEAD36C6CEB01044FEA841C4FEA8E1241
:101C2000B2EB0E024CEA9E6C6CEB040C4FEACC0C4F
:101C30004CEA527CD200D31841EB0C01DA03C90301
:101C4000801841EA534141F1000110BD430B48F2B5
:101C5000376C0CFB03F34FEA134C00B5104B43F603
:101C6000095E0EFB1C0000FB03F35B0D0EFB03FE85
:101C700003EB4C230EF5745C0CF1080CB0EB5C2FFD
:101C800008D80EF5807EA0EB5E20C0B20B6010700D
:101C90005DF804FB013300200B6010705DF804FB5D
:101CA0006F0C0100F8B5274DA94246D8264E274FA4
:101CB000450F45EAC105A6FB0514C0F34F31A40B3F
:101CC00001EB054107FB1411A6FB0151890B41EA09
:101CD00004411F4C04FB110448F2376C600B0CFBF1
:101CE00000F04FEA104C43F6095E1A480EFB1C4503
:101CF00005FB00F0400D0EFB00FE00EB4C200EF546
:101D0000745C0CF1080CB5EB5C2F12D80EF5807EDC
:101D1000A5EB5E2E5FFA8EFE069D85F800E00D06AF
:101D200028184FEA112141F1000118605960146030
:101D3000F8BD01304FF0000EEEE796219B2002F037
:101D4000FFFB00BFFF7F841E83DE1B43000024F4E3
:101D50000080841E6F0C0100420B48F2376303FBC6
:101D600002F2120C43F6095C074B0CFB120101FB5B
:101D70000333013B5B0D0CFB03FC5002B1EB5C2F0A
:101D800088BF0130184470476F0C01001F2810B540
:101D90009FBF054B182460431C189DBF19506260FB
:101DA0000120002010BD00BF1829002008B5064BF7
:101DB00093F80023202A03D12D21022002F0C0FB3A
:101DC00083F8280308BD00BF1829002008B5064B7A
:101DD00093F80023202A03D13321022002F0B0FB24
:101DE00093F8260308BD00BF1829002010B5094A42
:101DF00092F80033202B03D13E21022002F0A0FBF9
:101E000018214B43D018BDE81040D3584068032137
:101E1000184700BF182900200C4B0D491B78012BD7
:101E200014BF4FF4E0224FF4C022C1F8482318BF7A
:101E30000023C1F80823074A99000A440021012B16
:101E400042F8041B00D170470123F8E7502C002012
:101E500000B0004040B1004070B5EFF3108472B69E
:101E6000094A0A4B0025D2F80415D2F804612EB1B4
:101E7000596801315960C2F80451F4E75B6804B94C
:101E800062B6C0E9001370BD00B00040502C0020C5
:101E9000094BD3F80435C01A20F07F4323F0010327
:101EA0003BB120F07F40B0F5000F8CBF0220002036
:101EB00070470120704700BF00B0004008B5124BCA
:101EC000D3F8042522F00302C3F80425D3F808252B
:101ED00042F00302C3F80825102292FAA2F2B2FAE5
:101EE00082F2092A04DD094840F2913102F01EFB1A
:101EF000C3F810250122DA60054B4FF48072C3F855
:101F000080211A6008BD00BF008000406CB804004A
:101F100000E100E0114B4FF40062C3F88020BFF3F2
:101F20004F8FBFF36F8FC3F880210D4B01225A6092
:101F30009A60D3F80425002AFBD10A49C3F8081394
:101F40004FF4E021C3F84813C3F84021C3F84421FB
:101F5000C3F84821C3F80421704700BF00E100E046
:101F600000B00040020007000D4B4FF48072C3F830
:101F70008020BFF34F8FBFF36F8FC3F88021094BD1
:101F800001214FF0FF325960C3F808230022C3F843
:101F90004025C3F840211961034B1A72704700BFF6
:101FA00000E100E000800040502C00202448FF2386
:101FB00010B54FF0FF32002443724FF0FF33C0E9F9
:101FC000042304704460FFF7CFFFFFF7A3FF1D4A0F
:101FD0001D4BC2F800424FF40061196080691B4933
:101FE00030B901230B60194B0222C3F8042310BD42
:101FF000174B184CC3F8A845C3F8AC05C3F85C19D7
:102000004FF40021C3F804150521C2F84015012141
:102010001160D2F840110029FBD04FF40021C3F821
:10202000081501215160D1600021C2F84011C2F8A9
:102030004015C3F8A815C3F8AC15C3F8AC15D2E722
:10204000502C00200080004000E100E000B0004083
:1020500000F0014040810040014BD3E9040170478A
:10206000502C0020014BD3F80405704700B000400D
:1020700013B56846FFF7F0FEDDE90004FFF7A2FDA7
:10208000024B0021E4FB030102B010BD0080841E5E
:10209000B1F1FF3F08BFB0F1FF3F2DE9F041404CE7
:1020A00005460E4638D13F4DD5F800317BB33E4E44
:1020B0003E4BC6F808354FF00008FFF7ADFE84F838
:1020C0000980FFF751FFFFF7F9FE394BC5F8008192
:1020D000384FC6F8A8354FF40023C6F8AC75C6F8DB
:1020E000043507F0FAFBD5F800312BB10123C5F810
:1020F00000817B60FB60F4E7013041F100010223C5
:10210000C4E904012370FF236370BDE8F08107F088
:10211000E4FBC51C41F10006D4E90473B34208BFD7
:10212000AF42F2D0204B214AC3F80825FFF774FED6
:102130001C4A4FF4803125F07F480023C2F8081371
:102140004046C2F84813C2F84031FFF7A1FE20B163
:102150004FF43F716C2002F0F3F9C2F84085C2F8E9
:1021600044132378012B06D127F07F473846FFF729
:102170008FFE0128FAD000236372FFF7F5FEFFF708
:102180009DFE094A01234FF000412370C2F8041557
:1021900004226270034AC4E90456C2F84833B4E723
:1021A000502C002000B0004000F0014000000880EA
:1021B00000B100400080004037B540B1041FE4B2D8
:1021C000022C13D940F295316C2002F0B9F9214B61
:1021D0004FF48032C3F80823C3F84005C3F8400128
:1021E000D3F840310093009B03B030BD1A4D2B78DB
:1021F00093B16A7882420FD1184A1949C2F808157A
:10220000012B01D1FFF7B0FE00232B704FF0FF32FE
:102210004FF0FF33C5E90423124A4FF48033A34043
:10222000C2F80833C2F8483304F5A87352F8230003
:10223000FFF72EFE012818BF0B4B22B24FEA840491
:102240001CBF00211951084B53F822300193019B08
:10225000CAE700BF00800040502C002000F0014081
:102260000000088000B0004040B1004070B52C4B29
:1022700030B1041FE4B2022C2AD94FF454710BE0A0
:10228000D3E90401B1F1FF3F08BFB0F1FF3F06D130
:102290001B7A23B94FF44A716C2002F051F912B93C
:1022A0004FF44B71F8E71F4B4FF480310120C3F816
:1022B0000413C3F840255864D3F8441500248A4217
:1022C000C3F8444503D82046FFF776FF204670BD8B
:1022D000197829B15B78834202D14FF45371DBE75F
:1022E000114B124E22F07F41A20013444FF480356F
:1022F000A5400022C6F808530846C6F848531A609D
:10230000FFF7C6FD48B904F5A874012046F824106B
:10231000C6F80453C6F84453D9E71046D7E700BFC0
:10232000502C00200080004040B1004000B0004030
:1023300008B5FFF771FD054B4FF0FF32C3F80823D6
:102340000022C3F84025C3F8402108BD00800040AA
:1023500008B50122084B10B1C3F8442308BDC3F8E7
:102360004823FFF701FE054B4FF0FF3118704FF087
:10237000FF30C3E90401F1E700B00040502C002019
:10238000F8B5164D164E00244FF48037D5F80433B7
:1023900007FA04F21A4212D056F824307BB1002317
:1023A00046F8243004F5A87355F82300FFF770FDB4
:1023B00028B1201DC5F80823C0B201F007FC013484
:1023C000032CE3D1054BD3F8042132B10022C3F82A
:1023D0000421044A536801335360F8BD00B0004043
:1023E00040B10040502C002010B51C4C637AFF2BEC
:1023F0002DD0237883B10122022B227221D1184BD8
:102400004FF40022C3F80825002323704FF0FF3259
:102410004FF0FF33C4E90423124BD3F80423D20353
:102420001BD5D3F84021C2B14FF480320020C3F84D
:102430000823C3F84001FF236372BDE8104001F098
:10244000C5BB022360782370FFF7B6FEE4E7054BB7
:10245000D3F804330BB10720EFE710BD502C002058
:1024600000F00140008000402DE9F04F93B01C4681
:102470000492CDE90201FFF7EFFD18230191064612
:10248000B849082004EB440213FB0404631801EB71
:10249000C202083265581F7BD3F8048093F80D9070
:1024A00005970FCA0CAC25F07F4A84E80F00504610
:1024B000FFF788FBAC4B7C1C9842044400F28881F7
:1024C0009C4200F39380002C55DBFEF7E7FEB9F148
:1024D000010F834608D0A54FD7E90223B3F1FF3F90
:1024E00008BFB2F1FF3F4BD007F095F8019B069073
:1024F000B3F1FF3F08BFB6F1FF3F03D0B54278EB21
:10250000030378D2029B0322EB1A934269DBBBF1EF
:10251000000F00F0E88000230793029BB5EB030B4C
:10252000039B68EB030707F076F80930C217834571
:1025300077EB020380F0DB80049B012B00F0E1804D
:10254000079B002B5AD1019BB3F1FF3F08BFB6F1A7
:10255000FF3F53D0721B63EB0803042A73F10001A1
:1025600080F22881012A73F100033ADADDF81CB009
:1025700026F07F4A52E004F1F45404F59024A4E7D5
:102580000028B1D107F047F8019B0690B3F1FF3F57
:1025900008BFB6F1FF3F00F0A380B54278EB03031C
:1025A000C0F09E803B7C002B069B14BF00221A4685
:1025B0003346EB1A9A4214DC01230793D7E902321F
:1025C000B2F1FF3F08BFB3F1FF3FA6D00699EB1A67
:1025D00068EB02028B4272F100039ED2B9F1010F47
:1025E0009BD00024204613B0BDE8F08F04F1614475
:1025F00004F5F70469E73346002285E7284641469B
:10260000FFF746FD4FF0000BB8F1FF3F08BFB5F1F3
:10261000FF3F00F0E2802E46CDF804805046FFF7E1
:10262000D1FA534B221A9A420DD3001B98427CD305
:102630004D4B9A4200F2B380984240F2D880C0F1EC
:10264000614202F5F702D3170020FFF70FFE0446A0
:102650000028C6D0454FB9F1010FD7E9022366D053
:10266000BBF1000F40F08880B3F1FF3F08BFB2F12B
:10267000FF3F00F0A6800120FFF76AFE3B7C002BA5
:1026800040F092806A1E68F100030620FFF7EEFD1D
:10269000002842D0B9694FF0804200230B60C2F895
:1026A0000835059B8DF83C3000238DF840300893A9
:1026B0004FF0FF324FF0FF33CDE90C58CDE90A233C
:1026C0008DF83D9008AE0FCE2A4D0FC50FCE0FC529
:1026D00096E8030085E80300204613B0BDE8F08FBC
:1026E000029BC21C65E7214FCDF81CB066E7B9F12B
:1026F000010B2846414618BF4FF0010BFFF7C8FCFD
:1027000082E7019BB3F1FF3F08BFB6F1FF3F73D0F3
:1027100026F07F4A4FF0000B80E7BA694FF0804106
:102720000123C1F808351360BBE742428BE7B3F1E0
:10273000FF3F08BFB2F1FF3F24D1BBF1000F9DD096
:10274000069BF21A019B4FF0050063F10003FFF7AF
:102750008DFD002846D03B7C002B93D101233B7498
:1027600090E700BF18290020FF7F841E702C0020F6
:102770000040420F202C0020B3F1FF3F08BFB2F110
:10278000FF3FDDD006F03DFF4FF0FF324FF0FF334B
:10279000C7E90223BBF1000F3FF470AFD0E702F1AD
:1027A000F45202F590224EE70520FFF705FD0023C5
:1027B0003B7467E728464146DDF81CB0FFF768FC2C
:1027C00022E706F01CFF07F088F8C7E9020152E78C
:1027D00040F20F41702001F0B3FE40F21B717020F7
:1027E00001F0AEFE40F22121702001F0A9FE40F27E
:1027F000D471702001F0A4FE40F27F61702001F0DE
:102800009FFE00BF2DE9F04F8D4F7C7C04EB44030D
:102810003B4483B05D78202D48D08A4BE6B26400FB
:10282000002B00F08980884BDFF82092002B5FD0CE
:1028300005EB461207EB420A4FEA46189AF81C309D
:10284000013BDBB2052B34D8814A12F803B0BBF14F
:10285000080F2ED0AFF30080EFF3108372B634442C
:102860003C449AF81D206270A278AA4204BF20223C
:10287000A27013B9AFF3008062B6A84405EB45051A
:1028800009EBC50207EB4808506859F835300122BA
:10289000594688F81C2098477C7C04EB44033B4451
:1028A000E6B25D78202D4FEA4404C1D103B0BDE803
:1028B000F08F40F24A61702001F042FE62B6A844F7
:1028C00005EB450509EBC50207EB4808506859F8C8
:1028D00035300122594688F81C2098477C7C04EB4F
:1028E00044033B44E6B25D78202D4FEA4404DDD03A
:1028F00005EB461207EB420A4FEA46189AF81C30DD
:10290000013BDBB2052BD4D8514A12F803B0BBF11E
:10291000080FCED0AFF30080EFF3108372B63444CB
:102920003C449AF81D206270A278954204BF202290
:10293000A270002BC3D1C1E7434BDFF814B1DFF81D
:102940000CA14FF02009002B4FD005EB461207EBEE
:1029500042024FEA4618137F013BDBB2052BA8D891
:102960001BF803100829A4D0EFF3108372B6344487
:102970003C44527F6270A278954208BF84F802906E
:10298000002B52D0A84407EB480805EB45050AEB9D
:10299000C5025AF835305068012288F81C20984743
:1029A0007C7C04EB44033B44E6B25D78202D4FEA87
:1029B0004404CAD17AE762B6A84405EB45050AEBA0
:1029C000C50207EB480850685AF83530012288F8EC
:1029D0001C2098477C7C04EB44033B44E6B25D78C2
:1029E000202D4FEA44043FF461AF05EB461207EB9C
:1029F00042024FEA4618137F013BDBB2052B3FF63C
:102A000058AF1BF8031008293FF453AFEFF31083BE
:102A100072B634443C44527F6270A278954208BF3B
:102A200084F80290002BC7D1C5E70191AFF3008075
:102A300062B6A844019905EB450507EB4808A6E7EF
:102A4000702C002000000000000000001829002069
:102A5000EC4104002DE9F04F85B0DFF80C810193C3
:102A600001EB41034FF0200C18F80340039164453B
:102A7000924682F800C073D04B01DFF8F090064612
:102A80009B4610E0727B012A02D0427D012A57D07A
:102A90000BEB040308EB43038AF800405B7F202B19
:102AA000A4465DD01C4604EB440009EBC000D0E90D
:102AB000032387683568716813EB070E42F1000243
:102AC000754571EB02024FEA4403DBD21D46019BC0
:102AD00083F800C0039B4FEA431B281909EBC00091
:102AE0003768B368D0F808A07268C168DB1942F192
:102AF00000029A4571EB020310D3437D012B02D0F3
:102B0000737B012B03D0012005B0BDE8F08F06F0E8
:102B100082FDAAEB070701308742F4DA019A2544C7
:102B200009EBC5051470A97DB27B0BEB0403914240
:102B300008EB430310D95C7F202CE4D06500CCE780
:102B4000029306F068FDED1B01308542A0DA029B7E
:102B50009AF800C01D46BAE7002005B0BDE8F08F26
:102B6000019B1C70CFE700BF702C002018290020AB
:102B70002DE9F04F83B00C4615461E469DF8307087
:102B8000FFF7EAF822686368451946F100069542A6
:102B900076EB030342D3DFF88C8005E05D4576EBEE
:102BA00009033BD3C4E900B90DF107030DF1060297
:102BB00039462046FFF74EFF88BB9DF8073003EBF0
:102BC000430308EBC303D3E902A01A691AF1030B0C
:102BD00040F1000012EB0B0B627B40F10009012A6F
:102BE000DCD05B7D012BD9D106F015FDABEB0A03E0
:102BF00001308342D2DA9DF8073003EB430308EB40
:102C0000C303D3E902B906F006FD013010EB0B0B4C
:102C100049EBE0795D4576EB0903C3D2002003B0B0
:102C2000BDE8F08F182900202DE9F04715461C4615
:102C300012782F7A95F809C088B00023E360C4E9C0
:102C40000033A7739DF8408084F80DC00646A3604A
:102C5000E2730F46002A3AD1FEF7C2FFD5E9042CF1
:102C60003C4BC31841F1000E9A427CEB0E030AD391
:102C7000013E47F1FF37C4E900674FF47A73A36060
:102C800008B0BDE8F087263041F1000182427CEBBC
:102C90000103EDD3501E04F10C036CF1000100930D
:102CA00004AA06ABFEF7FEFF049B686802330DF131
:102CB0000F0205A91844FEF7C9FFDDE9053207999F
:102CC0009B1A23F07F43C4E90021A360D8E7224880
:102CD00004F10C0206A9FEF7B9FF204B1B78202B4C
:102CE00024D01F490B69D1E90521083342F1000ABC
:102CF00013EB01094AF1000A6B68207B184402308B
:102D000005AA04F10801C4E9009AFEF79FFF2869AB
:102D1000CDF8008032463B462146FFF729FF0028C8
:102D2000AED1C4E9006708B0BDE8F087637B16F157
:102D3000080947F1000A012BDED0FEF7AFFA0028A0
:102D4000DAD106F068FC10EB090399464AF1000A53
:102D5000D2E700BF0040420FFF7F841E182C0020E6
:102D6000202C00202DE9F04700EB4003344DDFF824
:102D7000D480EC5C06464700FFF774F94FF0200C56
:102D80004FEA461E04EB440108EBC1010EEB0403BD
:102D9000D1F808A00A69AAEB000929F07F49B9F522
:102DA000000F05EB43030DD812EB0A02121A22F0B2
:102DB0007F42B2F5000F05D8BCF1200F0AD12046A2
:102DC000BDE8F0875B7F202BA4461C46DAD1BCF11E
:102DD000200FF4D00CEB4613BA1905EB430315F89A
:102DE00002805B7FAB54710144464FF0040E0B1917
:102DF00005EB430322469445204683F81CE05C7FA4
:102E0000F5D1BB192B440A4493F802E0BEF1200F20
:102E10005FFA8EFC18BF8C443E4418BF05EB4C0C87
:102E200005EB4202354408BF83F801804FF02003D0
:102E300018BF8CF81D80A87053772046BDE8F08736
:102E4000702C0020182900202DE9F04101EB4103EE
:102E50004A4DEE5C202E82B00C4680464FEA410778
:102E600040D1474B0BB1AFF3008006F036FDAB7C91
:102E70000191202B0AD0434BD3E904E210F1020C5C
:102E800041F10003E64572EB030330D3202E0AD054
:102E900042463346FFF7E8FA00283DD00220AE74E0
:102EA00002B0BDE8F081D5E90223B3F1FF3F08BFCE
:102EB000B2F1FF3F1FD12B7C43BB0420FFF77CF90D
:102EC000FFF736FA0020FFF743FAA9694FF0804276
:102ED0002020A874002301200B60C2F8083502B03E
:102EE000BDE8F0810846FFF73DFF8642B9D00020DB
:102EF00002B0BDE8F08106F084FB4FF0FF334FF0E5
:102F0000FF32C5E902232B7C002BD6D00520FFF72A
:102F100053F900232B74D0E73A1906EB441305EB61
:102F2000430315F802C05B7FAB5461016246042085
:102F300013468A1805EB42029E421077527FF7D162
:102F40003A192A443C449678F0B2202E18BF401813
:102F5000194418BF05EB400005EB4101254418BF9B
:102F600080F81DC0AB704FF000004FF0200308BF89
:102F700082F801C04B7702B0BDE8F081702C0020D0
:102F800000000000202C002038B5164A164D4FF0E6
:102F9000FF304FF0FF310023C2E90201C5E9020111
:102FA000202142F22000A970136082F82030A97419
:102FB0001C4628806B742B7405F11C0202F8143037
:102FC0000134202CFAD1094801F078FC084B094A59
:102FD0001C70107001F062FDA861FEF7E7FF01238D
:102FE000EB7438BD202C0020702C00200528010037
:102FF000182C0020482C00202DE9F04F83B006F05B
:103000006CFCDFF8688206460C46FFF791F94FF03A
:10301000FF334FF0FF32C8E9022398F82030D3B9CC
:10302000D8F81030D8F81820D8F814109048023387
:1030300041F100019B1802F5DF62A0FB02024FEA9A
:10304000922241F100019B1841F100019E4274EB74
:10305000010380F0FB804FF0FF304FF0FF31FFF7AE
:1030600017F8844A92F800B0BBF1200F00F0E98015
:10307000814D20231370AB746B7C0022C8F80020B4
:1030800003EB43025FFA83F9AF5C5B00202F0093F0
:103090000AD0DFF8E8A107EB47030AEBC3037A0085
:1030A000D97D012900F0A880009BDFF8D4A103EBB3
:1030B00009062E444FEA49173478202C04D048469C
:1030C000FFF750FE8442F7D1BAF1000F01D0AFF301
:1030D000008006F002FCAB7C202B09D0D8E9042349
:1030E00010F1020E41F1000C724573EB0C03E3D3B7
:1030F000202C34D023460122FFF7B6F9002852D005
:10310000AC7407EB0B0305EB43031A7F022A1BD1B8
:10311000009A4A442A44062119779178CBB2202993
:103120001CBFDB1905EB43035F4418BF83F81DB0D8
:10313000009B08BF82F801B04B442B4405EB4707C6
:1031400083F802B020237B77FF23AB71009B4B44B5
:103150001D446B78202B60D103B0BDE8F08FD5E91A
:103160000223B3F1FF3F08BFB2F1FF3F07D006F0E3
:1031700048FA4FF0FF324FF0FF33C5E902232B7CB2
:10318000A3BB0420FFF718F8FFF7D2F80020FFF7E1
:10319000DFF8A9694FF0804200232020A8740B605B
:1031A000C2F80835ADE73B1905EB430330785B7F88
:1031B0003370024604211346BA1805EB42029C42C2
:1031C0001177527FF7D1B178B370CAB220291CBFF2
:1031D000D21905EB42023B4405EB430318BF50777D
:1031E0004FF0200208BF70705A7765E70520FEF7A0
:1031F000E3FF00232B74C4E75B7D012B14D103365E
:1032000044F1000417440AEBC70ADAE90223B24288
:10321000A34128BFCAE9026446E71A4B187803B0F5
:10322000BDE8F04F01F076BB0192FEF737F8019A46
:103230000028E4D106F0EFF98619019A44F1000460
:10324000E0E740F2B121702001F07AF9094B0B4A16
:103250001B78182101FB03F3D01807214068D358CD
:10326000984740F2A621702001F06AF9202C002036
:103270009300DC92182C0020702C002018290020CC
:1032800000000000482C002038B50C46054606F02A
:10329000C8F911494B7C01F11C0C5FFA83FE0CEB61
:1032A000831C002302E00133202B13D01CF81320D1
:1032B000D8B2002AF7D1094A03EB4E1E03EB4303B1
:1032C00001EB4E0142F8335002EBC30301220A77AF
:1032D0005C6038BD184638BD702C002018290020CD
:1032E0001F2808D80A494B7C00EB431301EB43032A
:1032F0001A7F012A01D0002070474B7C00EB43135A
:1033000001EB43034FF0000C104683F81CC07047DC
:10331000702C002010B5054CD4E90401FEF760FCC8
:10332000237F0133181841F1000110BD202C00202B
:10333000014BD3F840057047008000400378002B14
:1033400040F0D7802DE9F04F6F4A5368C3F308036C
:1033500089B08146002B40F0B8806C4E6C4FDFF88E
:10336000B4B106F11C0A27B1002140F23C40AFF392
:103370000080757CEDB24FF00003B37127B10021DE
:1033800040F24140AFF300800AEB851EBEE80F001B
:103390006C1C04F001080AEB881CACE80F00BEE8C6
:1033A0000F00ACE80F00BEE80F00ACE80F009EE88D
:1033B0000F0044468CE80F002DB227B100214FF4D6
:1033C0007370AFF3008005EB450504EB44047319FB
:1033D000725B9B7832533444A37057B100214FF491
:1033E0007470AFF3008027B1002140F24640AFF384
:1033F000008006F072FACDF8008004AB4A4604461D
:103400000D46FFF711FC27B1002140F24D40AFF30C
:103410000080414B1B78202B3FD0DBF81030DBF8CD
:103420001420DBF81810083342F100025B1842F157
:103430000002DDE90401984271EB020CCDF8008036
:1034400022D3364822462B4604A9FFF791FB98B1B8
:10345000DDE90401FEF7C4FB9DF81C3001331B18A5
:1034600041F10001C9F81030C9F8141027B100214A
:103470004FF48C60AFF30080B379002B7FF473AF0F
:10348000012009B0BDE8F08FCDE9043204A922463D
:103490002B462248FFF76CFBDAE79DF81D1014F16C
:1034A000080345F100020129C3D0CDE90232FDF73E
:1034B000F5FEDDE902320028BBD106F0ACF8029B34
:1034C000039AC31842F10002B3E7103B59B2002936
:1034D00011DB01F1604101F5614191F80003400900
:1034E0000028CED0094E0A4FDFF828B006F11C0A9A
:1034F00039E70020704703F00F03043B1344187EA4
:1035000040090028EED1BCE700ED00E0702C00205F
:1035100000000000202C0020182C00200040420F4A
:103520002DE9F04FAC4A53688FB0C3F308038346CC
:103530000491002B40F0628108230393049B1B78C5
:10354000012B00F23D82A54E26B1002140F22E5003
:10355000AFF300800023A24C05934FF0010926B180
:10356000002140F23B50AFF30080B9F1000F04D1CD
:103570009C4B0BB1AFF3008062B6657CEDB24FF0AF
:103580000003A371039B002B40F09880A84626B14E
:10359000002140F24F50AFF3008006F09EF9049AEC
:1035A00000950AAB8246FFF73FFB26B1002140F2AF
:1035B0005750AFF300800BEB481904EB49094FEA71
:1035C000481799F81C30013B012B75D80A992AF04D
:1035D0007F4AA1EB0A0222F07F4323F00103002B74
:1035E00040F0BD8008EB4802224407EB0B039078C3
:1035F00004EB43030421202819774FEA4803C1B2A2
:1036000000F09681394404EB410181F81DB0434438
:1036100023445F4404EB470783F802B020237B7701
:1036200000230593012726B1002140F25C50AFF33F
:1036300000806D4B0BB1AFF30080EFF31088C146F3
:1036400072B6A379002B8AD1684B0BEB4B0C03EBC2
:10365000CC0C0AAB0FCB0CF1080C8CE80F008FB12F
:10366000039B002B00F0EA80059B23B1604B1B7885
:10367000202B00F06081637CDB4303F00103637463
:10368000FF23A371B8F1000F04D1564B0BB1AFF378
:10369000008062B626B1002140F29350AFF3008063
:1036A000002F4AD126B1002140F29F50AFF3008095
:1036B00038460FB0BDE8F08F0027B4E74D4B05F159
:1036C000010A0AF0010A03EB851E03EB8A1CBEE81F
:1036D0000F00ACE80F00BEE80F00ACE80F00BEE83A
:1036E0000F00ACE80F009EE80F002DB28CE80F0031
:1036F000D0460FFA8AF726B100214FF47370AFF36A
:10370000008005EB450507EB47076319625B9B7873
:10371000E2532744BB7056B100214FF47470AFF3ED
:10372000008026B1002140F24550AFF30080A3791C
:10373000002B7FF414AF554629E7637C03EB43036A
:103740001C446378202BADD026B1002140F29A5062
:10375000AFF30080284B187801F0DCF8A2E722F0E4
:103760007F42B2F5000F3FF63DAF0C9B5B18A3EB19
:103770000A0323F07F43B3F5000F3FF633AF0DF19B
:1037800027030DF1260229460AA8FFF763F90590E1
:1037900000285AD108EB480222440423907889F883
:1037A0001C304FEA48032028C1B2434418BFC9194E
:1037B00023445F4404EB470718BF04EB410183F83F
:1037C00002B04FF0200314BF81F81DB082F801B0A1
:1037D0007B77012727E700BF00ED00E00000000035
:1037E000702C0020000000000000000018290020BC
:1037F000182C00208C2C0020482C0020103B59B2A3
:103800000029C0F28D8001F1604101F5614191F81C
:1038100000335B090393002B7FF490AE704B1B7851
:10382000202B00F0D280049B1B780393002B3FF4E5
:103830008AAE40F22751702000F082FEFF23A37170
:10384000B8F1000F7FF426AF1FE79DF826C09DF862
:1038500027E0F44518D1BCF1200F00F09E8007EB63
:103860000C0304EB43035B7F89F81D30BC4404EB7D
:103870004C0C00228CF81DB05F4404EB4703059FFD
:10388000059203221A77CEE6BEF1200F00F0A28047
:1038900007EB0E0304EB4303BCF1200F597F00F04C
:1038A000878007EB0C0204EB42024FEA4803507F8B
:1038B000069051774FF0050A3A1804EB4202014690
:1038C0008E45814682F81CA0507FF5D103EB08029B
:1038D0002244079192F802A0BAF1200F5FFA8AFE03
:1038E00063D0BE4404EB4E0E069A8EF81D2003EB07
:1038F00008022244079982F80290394407EB0B0230
:103900004FF0200E04EB410104EB4202F44581F834
:103910001DE05077AAD14344059A04F803B0ABE701
:1039200003F00F03043B13441B7E5B09039372E710
:1039300082F801B06BE629460220FFF785FA0028DD
:103940007FF499AE637C03EB430020440BEB4312FE
:1039500004EB420285780421DFB211775A015B0043
:10396000202DE9B23B4418BF891823445A4418BF9C
:1039700004EB410104EB420283F802B04FF0200354
:1039800018BF81F81DB0059F08BF80F801B05377BC
:10399000B8F1000F7FF47EAE77E608EB4803E35CF6
:1039A00089F81D304FEA4803B5E7069951709EE744
:1039B00008EB48024FEA4803A05C0690A15479E75F
:1039C00040F22B51702000F0BBFD40F224517020DA
:1039D00000F0B6FD40F2CB11702000F0B1FD00BF49
:1039E000182C00202DE9F84F734CDFF8D0810546E4
:1039F0004FF0010A04F11C0BB8F1000F04D00021B4
:103A000040F2B150AFF30080BAF1000F04D16C4B1B
:103A10000BB1AFF3008062B64FF00003A371B8F1B1
:103A2000000F04D0002140F2B650AFF30080667C56
:103A30000BEB861EBEE80F0006F1010909F0010735
:103A40000BEB871CACE80F00BEE80F00ACE80F00E2
:103A5000BEE80F00ACE80F009EE80F00B9468CE806
:103A60000F00B8F1000F04D000214FF47370AFF3D2
:103A7000008006EB460607EB4707A319A25B9B787D
:103A8000E2532744BB70B8F1000F04D000214FF47B
:103A90007470AFF30080A37903F0FF01002B7CD199
:103AA000B8F1000F03D04FF4B860AFF3008005EB1E
:103AB000491304EB43034FEA49161A7F032A6AD1DC
:103AC00009EB4902A75CBD4271D0202F63D03B4671
:103AD00001E0202B5FD0F21804EB42021946537F1D
:103AE0009D42F6D1202D56D07319314404EB430387
:103AF00004EB41015B7F4B77B8F1000F0CD0002144
:103B000040F23E30AFF30080B8F1000F04D0002146
:103B100040F2C550AFF300802E4404EB460601236B
:103B20003377B8F1000F04D0002140F2CE50AFF34C
:103B30000080244B0BB1AFF30080EFF3108A72B614
:103B4000A379002B7FF458AFBD4203D11E4B1B78E5
:103B5000202B1AD0637CDB4303F001036374FF2343
:103B6000A3710124BAF1000F04D1154B0BB1AFF3CF
:103B7000008062B6B8F1000F04D000214FF4BE609F
:103B8000AFF300802046BDE8F88F49460220FFF7DA
:103B90005BF90028DED10024E4E7B8F1000F3FF420
:103BA00033AF002140F2BC50AFF3008024E7202D5A
:103BB000F1D05B7FA3549FE7702C00200000000031
:103BC0000000000000000000182C002070B586B036
:103BD00007280DD8DFE800F0310C0C0C0C1D040E8A
:103BE0005F4B4FF080419A690123C1F8083513609B
:103BF00006B070BD5B4B5C4A1B7803EB430302EBE2
:103C0000C30052F833304068042106B0BDE870406C
:103C10001847534C237C002B48D0D4E90223B3F13E
:103C2000FF3F08BFB2F1FF3F00F084800120FEF7A4
:103C30008FFB0023237406B070BD494CD4E90223E6
:103C4000B3F1FF3F08BFB2F1FF3F55D0454E012011
:103C5000FEF77EFB3378202B55D0444D6A7F012A36
:103C60003BD0FDF71BFB0346002835D194F89C2080
:103C70000132D2B2312A84F89C206CD84FF47A7287
:103C800030786946CDE90032CDE90233CDE904331D
:103C9000FFF746FC002859D095F82040012385F80D
:103CA0002030FFF7A9F985F82040A1E72D4B2E4AD7
:103CB0001B782E4903EB43034FF0FF344FF0FF35E1
:103CC000C1E9024502EBC30152F8333048680521CF
:103CD00006B0BDE8704018473378234A03EB43032E
:103CE00002EBC30052F833304068002184F89C1086
:103CF00006B0BDE87040184705F081FC05F0EDFD09
:103D0000C4E90201A2E7637C03EB4301DAB2635C1E
:103D1000202B16D003EB421204EB4202507F60547A
:103D2000FF21A171114D337002211177002285F816
:103D3000202093E705F063FC05F0CFFDC4E9020104
:103D400074E740F24221702000F0FAFB40F2196162
:103D5000702000F0F5FB40F21561702000F0F0FBE0
:103D6000702C0020182C002018290020202C002066
:103D700070B5224B1A78202A86B035D0204CD4E971
:103D80000213B3F1FF3F08BFB1F1FF3F31D11D4E28
:103D900002EB420206EBC2060546D6E90201FDF738
:103DA0001FFF337D00225B195241013342F10002B3
:103DB000181842EB01010DF10B0204AB009203AAAB
:103DC000FDF770FF9DF80B20DDE904130F2A94BF67
:103DD00000220122521843F100030520C4E9022306
:103DE000FEF744FA06B070BD40F2AF71702000F0EB
:103DF000A7FB4FF4F661702000F0A2FB182C002006
:103E0000202C002018290020FEF72CB938B5254BAE
:103E100093F800E0BEF1200F3FD0234D6B7C95F866
:103E200011C003EB43035FFA8CFCEB5C202B25D025
:103E30001E4C4FEA4C1C05E0634405EB43035B7FDB
:103E4000202B1BD003EB430204EBC202917D814285
:103E5000F2D80EEB4E0E04EBCE04D4E90213206927
:103E600040189168D26843F10003C41C43F1000379
:103E7000A14272EB030304D2002038BD4FF0FF30A3
:103E800038BD0B4B081A03381C68FDF79BFE04F184
:103E900032038342F0D8001B38BD40F2E471702039
:103EA00000F04EFB182C0020702C00201829002058
:103EB000202C00202DE9F04F8C4B1D7887B0202D51
:103EC000019000F00D81DFF82892DFF8288299F840
:103ED000113003EB43030646D8F8000019F80340FD
:103EE000D8F8103003930DF11302D8F8183002936C
:103EF0008B46304405A9FDF7A9FE7F4BA6F132029F
:103F00009A426AD8DFF8F4A1059BD8F8146005EB53
:103F100045050AEBC505A8681B182869D8F8105094
:103F20001818401B20F07F43B3F5000F55D899F8BF
:103F30001120C8F81800202C88F81EB0D2B200F06A
:103F4000C2805201DC462021934604EB4402401912
:103F50000AEBC20246F1000ED2E90263864273EB1D
:103F60000E034FEA440746D3537D012B03D098F844
:103F70001D30012B35D005200091FEF71DF9009969
:103F800099F811004FF0FF324FF0FF332029C8E9B4
:103F90000223C0B240F0958000EB4000202419F8C5
:103FA0000030524A99F81110127802EB411209EBD5
:103FB00042025377D8F80030019A1344C8F8003011
:103FC000FF2389F80630202C35D04D4B187800F0AF
:103FD000A1FC002007B0BDE8F08F012007B0BDE8CC
:103FE000F08F009105F017FB751B01308542009999
:103FF000C1DA98F81EC027440AEBC707BB7D6345AA
:104000000DD90BEB040309EB43035B7F202B16D088
:104010002146D8E90456D8F818001C4695E7DDE992
:104020000231D8F810205B189B1A0220C8F818300B
:1040300007B0BDE8F08F002007B0BDE8F08F052085
:10404000FEF7BAF84FF0FF324FF0FF3399F8110046
:10405000C8E90223C0B204EB401309EB4303460056
:104060005A7F00EB4003410119F803A009F803202F
:104070004FF0050C5346CF1809EB47071A469442F8
:104080001D4687F81CC07B7FF5D137184F440A4482
:1040900097F802E0BEF1200F5FFA8EFC18BF8C4447
:1040A000304418BF09EB4C0C09EB420248444FF076
:1040B000200114BF8CF81DA087F801A085705177EE
:1040C0006FE70C46C7E70520FEF776F899F8110070
:1040D0004FF0FF324FF0FF33C8E90223C0B25BE775
:1040E00040F60D01702000F02BFA00BF182C0020C4
:1040F000702C0020202C0020CE3F420F18290020D9
:10410000482C00202DE9F84F9A4C637C00EB4313B8
:1041100004EB43031B7F002B00F02781677CDFF853
:1041200058820546FFB2B8F1000F04D0002140F6D6
:104130004C00AFF300807E0105EB471704EB470707
:10414000B8F1000F40F0D980771904EB47073B7FA7
:10415000012B08D0043B022B40F2C58005F004FC83
:104160003B7F012BF6D1DFF814A24FF0010BB8F121
:10417000000F04D0002140F66300AFF30080BBF1D4
:10418000000F04D17E4B0BB1AFF3008062B64FF04D
:104190000003A371B8F1000F04D0002140F66800BD
:1041A000AFF30080667C0AEB861EBEE80F0006F1C6
:1041B000010909F001070AEB871CACE80F00BEE813
:1041C0000F00ACE80F00BEE80F00ACE80F009EE85F
:1041D0000F00B9468CE80F00B8F1000F04D00021A1
:1041E0004FF47370AFF3008006EB460607EB47070A
:1041F000A319A25B9B78E2532744BB70B8F1000F70
:1042000004D000214FF47470AFF30080A37903F061
:10421000FF01002B40F08580B8F1000F03D040F67D
:104220007200AFF3008009EB490323444FEA490BC6
:104230005E78B54200F08F80202E2CD04FEA4911D5
:1042400001E0202E27D08B1904EB4303324637467A
:104250005E7FB542F5D1202D1DD00A44294404EBE0
:10426000410104EB42024B7F5377B8F1000F04D0B9
:10427000002140F23630AFF300800BEB09032344FA
:104280009B789E425AD0B8F1000F0CD0002140F22A
:104290003E30AFF30080B8F1000F04D0002140F6AB
:1042A0007600AFF30080374B0BB1AFF30080EFF334
:1042B00010839B4672B6A279002A7FF458AF84F827
:1042C0001190FF22A27123B92D4B0BB1AFF30080E7
:1042D00062B6B8F1000F04D0002140F68800AFF3B9
:1042E0000080BDE8F88F731904EB43030122DFF867
:1042F0008CA01A774FF0010B39E73B7F012B3FF47D
:1043000032AF043B022B16D9002140F65800AFF320
:10431000008005F029FB002140F65C00AFF300802F
:104320000EE7B8F1000F3FF42AAF002140F66E000F
:10433000AFF300801BE701233B77ECE7B8F1000FF8
:1043400004D0002140F23930AFF300800BEB0903B9
:1043500023449F7097E7202D9DD005EB491204EB75
:1043600042022027527F5A707FE740F643017020B7
:1043700000F0E6F8702C0020000000008C2C0020DB
:10438000000000000000000070B586B063BB064668
:1043900010460D46FDF716FC0DF10B030446009385
:1043A00003AA04AB29463046FDF77CFC039A134967
:1043B000A31A8B420BD3121B8A420ED310498B4295
:1043C0000DD88A4215D9C2F1614303F5F7030A9A61
:1043D000A2F10F00C01A06B070BD5342F7E703F117
:1043E000F45303F59023F2E740F68E01702000F0BD
:1043F000A7F840F2D471702000F0A2F80040420FFC
:10440000FF7F841EBFF34F8F0549064BCA6802F435
:10441000E0621343CB60BFF34F8F00BFFDE700BFE7
:1044200000ED00E00400FA05094B01225A604FF04C
:10443000FF32C3F80823074B4FF48042C3F88020B3
:10444000BFF34F8FBFF36F8FC3F88021704700BF5A
:1044500000E0004000E100E0094B01225A604FF00B
:10446000FF32C3F80823074B4FF48052C3F8802073
:10447000BFF34F8FBFF36F8FC3F88021704700BF2A
:1044800000C0004000E100E0084B0022C3F8FC2F10
:104490000122C3F8FC2F064B0222C3F88020BFF391
:1044A0004F8FBFF36F8FC3F880217047001000401B
:1044B00000E100E0F8B51B4E337805460C46174680
:1044C0006BBB00F06BFAFCF797FE174B7760002D83
:1044D00008BF1D4628463472FFF7D6FFFFF7BCFF22
:1044E000FFF7A2FF05F099F80546B0B9FEF74CFDBD
:1044F00005F095F805F042F9002C0CDB04F01F02E2
:104500006409A40004F1604404F56144012393406C
:10451000C4F880312360012333702846F8BD4FF082
:10452000FF35FAE7102D0020F241040008B572B6FD
:10453000024B5B6803B19847FFF764FF102D002022
:104540001FB572B6134B5D688DB9FFF75BFFB2FB09
:10455000F6F2DCB20133002AF9D104F110036B4406
:1045600003F80C2C0A2234B901A8A847EDE702464B
:1045700000230A26EDE7631E04AEDCB256FA83F38D
:10458000B0FBF2F602FB1600303003F80C0C30469C
:10459000E9E700BF102D0020074B93F90830002BEE
:1045A00009DB5A09012103F01F0301FA03F340322A
:1045B000024941F822307047102D002000E100E050
:1045C000014B1878704700BF102D00202DE9F84FDF
:1045D000DFF8C4A0314C324DDFF8C8900746012601
:1045E0009AF800805FFA88F8FF238AF80030B8F163
:1045F000000F01D08AF80130EFF3108272B6002369
:104600006660C4F80031C4F80431C4F8047526604B
:104610003AB962B605E0D4F8043133B92B69DB0648
:1046200020D4D4F80031002BF5D0D4F80431002B7D
:10463000E2D1B8F1000F13D19AF80130DBB28AF859
:10464000018003214FF48042C4F80813C4F80481A8
:10465000C4F80081C9F880218AF80080002BBFD1FE
:10466000BDE8F88F4FF48043C9F88031EFF3108B29
:1046700072B60323C4F80433D4F8003113B9D4F864
:1046800004311BB1BBF1000FCBD1C2E705F06CF9CF
:10469000BBF1000FC5D1BCE71C2D002000E000409D
:1046A00000ED00E000E100E070B51646DA078CB0DE
:1046B0001D4686468C4640F1A280C37B8DF80030B3
:1046C000837B8DF80130437B8DF80230037B8DF8BE
:1046D0000330C37A8DF80430837A8DF80530437A3D
:1046E0008DF80630037A8DF80730C3798DF80830DD
:1046F00083798DF8093043798DF80A3003798DF884
:104700000B30C3788DF80C30837842788DF80D30FB
:1047100003788DF80F308DF80E20CA7B8B7B8DF8D7
:1047200010208DF811304A7B0B7B8DF812208DF80C
:104730001330CA7A8B7A8DF814208DF815304A7AA6
:104740000B7A8DF816208DF81730CA798B798DF891
:1047500018208DF819304A790B798DF81A208DF8C8
:104760001B30CA788B788DF81C208DF81D304A7864
:104770000B788DF81E208DF81F306C462046FFF711
:1047800025FFAB0731D59DF82F009DF82E109DF821
:104790002D209DF82C30307071709DF82B009DF805
:1047A0002A10B270F3709DF829209DF828303071DE
:1047B00071719DF827009DF82610B271F3719DF874
:1047C00025209DF82430307271729DF823009DF8E9
:1047D0002210B272F3729DF821209DF820303073C0
:1047E0007173B273F3730CB070BD0DF1200CBCE8A3
:1047F0000F0030607160B260F3600CB070BDDEF825
:104800000410DEF80820DEF80C3000686C46A6467E
:10481000AEE80F00DCF80000DCF80410DCF808203B
:10482000DCF80C30AEE80F00A8E700BF10B500249C
:1048300082B0CDE90044FFF737FF02B010BD00BFE2
:104840001B4B4FF4805270B5C3F88020BFF34F8FDD
:10485000BFF36F8F174D184C0021C5F80011C3F836
:1048600080212669236943F0100323610123C5F8E1
:10487000043306F010062B60D5F80031A3B11EB941
:10488000236923F0100323610A4B0122D3F80805A2
:104890005A60C3F808230022C3F80021044B4FF4E8
:1048A0008052C3F8802170BD05F05EF8E4E700BFD8
:1048B00000E100E000C0004000ED00E038B50C4928
:1048C000024605200138C0B2FF2803D148216920E3
:1048D000FFF736FE01EBC0031D7905F0FF04002D44
:1048E000F0D141F8302001225C719C711A7138BD01
:1048F000202D0020042808B503D94F216920FFF797
:104900001FFE034B03EBC0000023037108BD00BF73
:10491000202D0020042808B503D958216920FFF76D
:104920000FFE094B03EBC0000379012B01D0592185
:10493000F4E7437982790133DBB29A4218BF4371BD
:10494000BDE80840FFF728BE202D002070B5124CAE
:1049500006250026013D15F0FF0500D170BD94F835
:10496000281004EBC1031A79012A09D158799A79E0
:10497000904205D05A79D2B29A7154F831309847A2
:1049800094F828300133DBB2042B94BF84F828302C
:1049900084F82860DEE700BF202D00204FF0805211
:1049A000034BD2F830111960D2F834215A607047A5
:1049B0004C2D0020034B1868A0F10F0358425841BA
:1049C000704700BF4C2D0020034B1868A0F10A036C
:1049D00058425841704700BF4C2D0020034B1868C7
:1049E000A0F10E0358425841704700BF4C2D0020E3
:1049F000034B1868A0F1100358425841704700BF9C
:104A00004C2D0020044B1868062803D0431C584244
:104A100058417047012070474C2D0020034B186807
:104A2000A0F10D0358425841704700BF4C2D0020A3
:104A3000034B1868A0F1080358425841704700BF63
:104A40004C2D002008B5FFF7BFFF20B1024B58687E
:104A5000B0FA80F0400908BD4C2D002008B5FFF7E2
:104A6000D1FF38B1044B5868063810F1080F94BFD5
:104A70000020012008BD00BF4C2D002008B5FFF725
:104A8000C1FF38B1044B5868063810F1080F8CBFCD
:104A90000020012008BD00BF4C2D002008B5FFF705
:104AA00089FF70B9FFF790FF58B9FFF797FF40B93A
:104AB000FFF7A8FF044A054B002808BF1346184615
:104AC00008BD024BFBE700BF00E701400C050040BA
:104AD00008B5FFF797FF08B3EFF3108072B6104ADE
:104AE0001369116941F010011161A2F5406203F0F0
:104AF0001003D2F80011D2F804210A4300D040BFBD
:104B000020BF00BF00BF00BF00BF23B9044A136924
:104B100023F01003136100B962B608BD20BFFCE7A3
:104B200000ED00E0914270B53BD2B2FA82F33BB1A6
:104B3000C3F1200420FA04F49940214398409A409C
:104B4000160CB1FBF6FC06FB1C1424041FFA82FEB3
:104B5000030C85B204EB10400CFB0EF4844206D922
:104B6000201A90428CBF02200120ACEB000C03EB1A
:104B700001410CFB1211B1FBF6F006FB101105EB25
:104B8000014100FB0EFE8E454FEA0C4C06D9AEEB00
:104B9000010E96458CBF02220122801A40EA0C00C9
:104BA00070BD73219620FFF7CBFC00BF70B51D468A
:104BB00004461646FFF7B6FF049B286000FB164428
:104BC0001C6070BD2DE9F8431C4652EA040349D02D
:104BD000074615460E467CB9914208D32146304619
:104BE000FFF7A0FF04462A46384604FB1561FFF78D
:104BF00099FF2146BDE8F883B4FA84F9B9F11F0F93
:104C000034DC4FF0010808FA09F2A2FB051320FA80
:104C100008F002FB043226FA08F140EAC670FFF7FA
:104C200081FFC9F11F03D8404FF0000118D0431E87
:104C30008C4661EB010105FB01F203FB0422804677
:104C40001846A5FB033EFB1A724466EB02061F469C
:104C5000AF4276EB040324BF40466146BDE8F883CB
:104C60008446F5E7CA219620FFF76AFCE7219620E3
:104C7000FFF766FC10B5441A94422BD34AB34B1C81
:104C8000C31A022B31D9531E072B2ED922F003044D
:104C90008C4686460C445CF8043B4EF8043BA44525
:104CA000F9D122F003039A4202F0030400EB030C53
:104CB00001EB030E0DD0CA5CC254012C09D09EF842
:104CC00001308CF80130022C03D09EF802308CF8B1
:104CD000023010BD002AFCD08B18024413F801CD1D
:104CE00002F801CD8B42F9D110BD4B1E02440146A2
:104CF00013F8014F01F8014B9142F9D110BD00BFEB
:104D000081EA00039B072DE9F0415DD187075FD061
:104D1000002A57D0034601E0002A53D011F801CBF6
:104D200003F801CB9E0702F1FF32F5D1032A28D9FF
:104D300041EA0305141F6D074FEA940E4AD12B2C4C
:104D400048D90EF101084FEA580C03EBCC0CA1F145
:104D500008051C46F5E90267E4E802676445F9D1F5
:104D600018F0010F28F0010403D051F8245043F843
:104D700024500EF1010402F0030203EB840301EB63
:104D80008401FAB1541E022C20D922F003058C466E
:104D90000D449E465CF8044B4EF8044BAC45F9D1EB
:104DA00022F00304A2422344214402F0030509D067
:104DB0000A781A70012D05D04A785A70022D1CBF4E
:104DC0008A789A70BDE8F0810346DAE71546EFE786
:104DD0000346ABE70EF1010701EB87071D1F0C46E9
:104DE00054F8046B45F8046FBC42F9D1C1E700BF29
:104DF0002DE9F04184075FFA81FE5FD0002A59D087
:104E0000034601E0002A55D003F801EB990702F1AF
:104E1000FF32F7D14EEA0E24032A44EA04443ED975
:104E2000151FAE08172D06F10106C3F3800147D9FF
:104E30009846002940D048F8044B771A03EB810CC0
:104E400079080CEBC101CCE900440CF1080C614578
:104E5000F9D127F0010C08EB8C016745CCEB8C787D
:104E600005EB880517D02F1F032F0C6013D9A5F170
:104E70000807032F4C600ED9A5F10C07032F8C6097
:104E800009D9A5F11007032FCC6004D9143D032DD7
:104E90000C6188BF4C6102F0030203EB86034AB148
:104EA000013A83F800E005D0012A83F801E018BF39
:104EB00083F802E0BDE8F0811546BEE70346A9E7A6
:104EC00019461546CFE700BF014B1B681B68184702
:104ED000E8080020014B1B685B681847E8080020C1
:104EE000014B1B689B681847E8080020014B1B68B2
:104EF0001B691847E808002053B94AB9002908BFC0
:104F000000281CBF4FF0FF314FF0FF3000F00CB80D
:104F1000ADF1080C6DE904CE04F054FDDDF804E0B9
:104F2000DDE9022304B07047704700BF38B505467D
:104F30000C46ECF779F830B13E2D04D12046BDE89F
:104F40003840ECF7A9B838BD1FB5014601A800F0FC
:104F500006F801A803F051F805B05DF804FB0B88D2
:104F6000C3F30B0383804B88C380002242724B78CB
:104F7000C3F30113012B02D0022B18BF13460431D7
:104F800003720160704710B58B880370437803F09B
:104F9000F00343708A88C2F3032213434370CA8824
:104FA0008270CA8803F0CF03120A4370C2700A7A73
:104FB000120102F03002134303F03F0343704A7AB8
:104FC00043EA821343700C4609680430814205D0DD
:104FD000E288FB2A28BFFB22FFF792FEE08804301C
:104FE000C0B210BD10B48B880370437803F0F00397
:104FF00043700A468988C1F303210B434370D1886B
:105000008170C17801F0C001C170D488C4F3052457
:10501000214303F0CF034370C170147A240104F0DC
:105020003004234303F0BF034370547A43EA8413EC
:1050300001F03F0103F07F034370C1701168043039
:10504000814203D0D28810BCFFF75ABE10BC704713
:105050002DE9F8430B78013B05460C46822B00F204
:105060006782DFE813F099009D00A10052016502FC
:105070001A01200126012C013201360138014801B4
:105080004E0183006502A6006502AA003C014201B0
:105090005C01620156016502680165027B01AB019A
:1050A000B101B7016502BD01C901CF01FC010202D6
:1050B0002A0208021C0224020E0216025F023002BB
:1050C00036024E023C026502650265026502650217
:1050D0006502650265026502650265026502650298
:1050E0006502650265026502650265026502650288
:1050F0006502650265026502650265026502650278
:105100006502650265026502650265026502650267
:105110006502650265026502650265026502650257
:105120006502650265026502650265026502650247
:105130006502650265026502650265026502650237
:105140006502650265026502650265026502650227
:105150006502650265026502650265026502650217
:105160006502650265026502420248020E23B1F83B
:1051700003200B7042F283039A4209D10623637025
:1051800066780236324621462846FFF7B9FD5AE0D6
:105190003121C720EBF792FC0C230B700823EEE7BC
:1051A0001A230B700123EAE73E230B700223A3703E
:1051B000E6E73E230B700B23F9E72920EBF76CFFA2
:1051C00028B13E232370222363702923EFE70A20AE
:1051D000EBF762FF3E2305F1080204F108012B7092
:1051E000A0B30A23AB70E378EB70A3882B71A3887C
:1051F0001B0A6B71A379AB71E379EB71A368AB60A8
:105200008B889380D4F80E30C5F80E30638A6B8299
:1052100063696B61238B2B83638BAB76638B1B0A78
:10522000EB76A38B2B77A38B1B0A6B77E38BAB7788
:10523000E38B1B0AEB7794F8203085F820301F228F
:105240006A70023296B23046BDE8F8830123AB7033
:10525000E378EB70A3882B71A3881B0A6B71A37989
:10526000AB71E37903F00103EB71A368AB608B884A
:105270009380638BAB73638B1B0AEB73A38B2B74D1
:10528000A38B1B0A6B74E38BAB74E38B1B0AEB746D
:1052900094F820302B751322D2E73E230B700423A1
:1052A0004B70142383E73E230B700C234B700423B5
:1052B0007DE73E230B700A234B70032377E73E23E1
:1052C0000B700D234B70052371E705232370042316
:1052D00055E70823FAE730230B7003234FE73E23FB
:1052E0000B700B234B70072361E73E230B700623E3
:1052F0004B700C235BE713230B708B789B000133FF
:105300003DE757230B70022339E73E230B700D2333
:105310004DE73E230B7001234B70112347E73E23DB
:105320000B7006234B70122341E73E230B700923B9
:105330004B7013233BE73E2303702420EBF7ACFEB6
:10534000002815BF24230E2313260F263246AB70E8
:10535000A11CE81CFFF7D4FC721C71E73E2303700C
:105360002520EBF799FEC0B12523AB70D4F80230AD
:10537000C5F80330D4F80630C5F807306389A5F8BE
:105380000B300A26F01CE27A04F10C012844FFF7E6
:10539000B7FCE27A0132324452E70F23AB706388E4
:1053A000A5F8033023796B716379AB71A379EB7145
:1053B000A37A2B72E37A6B720726E3E73E230B7026
:1053C00003234B701023F2E63E230B7005234B7032
:1053D0002023ECE63E230B7009234B702123E6E6E5
:1053E0003E2303702620EBF757FE002815BF262327
:1053F000182317261326A9E73E230B7004234B70AE
:105400002723D4E63E230370282383708146D1F8F6
:10541000023049F8033F4FF000084646AA795FFA88
:1054200088F39A4205D8721D92B2002A3FF4A8AEC2
:1054300006E7B21D331DA118A25849F8032009EB55
:1054400003008B88838047793A4606370631063059
:105450003E44FFF755FCB6B208F10108DEE73E23F3
:105460000B701D234B701923A1E63E230B700723FD
:105470004B701A239BE63E230B7014234B702223A0
:1054800095E63E230B700B7C5B000F334B701D23A6
:105490008DE63E230B7003234B701E2387E63E23CD
:1054A0000B700B7D5B0013334B701B237FE63E2399
:1054B0000B7003234B701C2379E63E230B700523EE
:1054C0004B701F2373E6FF230B700B234B70A2233B
:1054D0006DE6FF230B7005234B70A32367E6FF23C4
:1054E0000B700D234B70802361E6FF230B700D239F
:1054F0004B7082235BE6FF230B7002234B708323E8
:1055000055E6FF23037081238370D1F80330C21C5A
:1055100003F1280153F8040B42F8040B8B42F9D134
:1055200029228DE63E230B700C234B7023233EE68D
:1055300040F232212DE608B510B1FFF705FD10B994
:105540006FF0150008BD0020FCE710B50C4648B10F
:1055500041B1EBF7F5FC0028207014BF00206FF07C
:10556000220010BD6FF01500FBE708B5EBF77AFDE0
:10557000002008BD00F0E5BF034602221A709A70B1
:105580002D225A7179229A716FF05E02DA716FF0F2
:1055900037021A726A225A72402200209A726FF001
:1055A00048025870D8701871DA72704701F029B843
:1055B00038B54FF080530446D3F8A020D3F8A41098
:1055C000013106D1D3F8A8304FF6FF719BB28B4260
:1055D0003ED0D3073CD54FF08055D5F8A420D5F860
:1055E000A830A4F80530C3F3072363F03F03C4F8E1
:1055F0000120A371D5F89030013323D0D5F8943031
:1056000001331FD0D5F8983001331BD0D5F89C302A
:10561000013317D00020F4F78FFE98B9D5F8900029
:10562000D5F89410D5F89820D5F89C30C4F81330EC
:10563000C4F80700C4F80B10C4F80F20012323702E
:10564000002038BD10220021E01DFFF7D1FBF5E757
:105650000023F4E770B54FF0805510220021044676
:10566000D5F8A060FFF7C4FB10220021A018FFF7B7
:10567000BFFBD5F8803001330BD1D5F8843001332E
:1056800007D1D5F88830013303D1D5F88C300133F8
:105690000BD0D5F88000D5F88410D5F88820D5F83F
:1056A0008C30E36120616161A2610020F4F744FE67
:1056B00008B9F3071DD44FF08053D3F8902001327E
:1056C0000BD1D3F89420013207D1D3F898200132BE
:1056D00003D1D3F89C2001320BD0D3F89000D3F83B
:1056E0009410D3F89820D3F89C30E3602060616078
:1056F000A260002070BD10B50446FFF7A1F8B0F518
:10570000007F09DA10F5007F08DD031EB8BF033300
:105710009B102370002010BD7F23FAE76FF07E03FB
:10572000F7E7F4F75BBB1FB50023CDF80A30D0F8DC
:105730000230417841F64B5293428BBF40F2E24235
:105740004FF47A72B3FBF2F3B3FBF2F3027898BF33
:1057500003F5506342EA01229BB2ADF80020ADF898
:105760000230ADF80430C279837943EA0223ADF800
:105770000630427A037A684643EA0223ADF80830DD
:1057800001F01DF805B05DF804FB01F097BB00784F
:10579000003818BF012000F0FCBFF4F74BBB817844
:1057A000008801F056BB01F072BB37B505460C46C8
:1057B00000880DF1060100F0F1FF2B882380BDF871
:1057C0000630638003B030BDF4F73CBBF4F746BB52
:1057D000F4F762BB01F09FBB00F09DBE00F006BF76
:1057E00008B5EBF751FC002008BDF3F74FBF00F000
:1057F0001ABFF4F78FBA00F0E5BE01F0ABBA01F0C2
:1058000007BA01F0D9BAF4F73BB900F0A8BF00F02D
:1058100031BE00F036BE00F042BE00F05EBE01F0C8
:1058200026B800F00EBF01F077B800F0D6BE00F049
:1058300082BE03880B8001F0F1BA03880B8001F06F
:10584000FBBA00F025BFF3F7B3BFF3F799BF00F041
:1058500052BF01F060BA01F085B801F090BA01F0D2
:10586000ECB901F01CBA01F005BA01F00DBA01F073
:10587000A4B801F0B0B8F4F793B800F04DBF00F051
:1058800080BE00F08FBEF3F7B9BEF4F71FBB01F086
:1058900025BBF3F705BFF3F795BFF8B5941C0C448F
:1058A0006343B3F5004FA8BF4FF0FF330E4610F02F
:1058B0000301054617469CB203D0AD211420EBF737
:1058C000FDF8B4F5004F01D9AE21F7E710220430FE
:1058D000FFF78EFAEF746C802E80F8BD70B50688E5
:1058E000C58803898E42C5F30E02C3F30E0403D2AA
:1058F000CF211420EBF7E2F85D40C5F30E030BB99E
:105900002D0409D4A24209D2C37CA41A0233E41A9A
:10591000A14203DD00238374184604E014320123FE
:1059200081528374104470BD023101444A43B2F580
:10593000004FA8BF4FF0FF3290B2173020F00300A5
:10594000B0F5004F34BF00B24FF0FF3070474088D1
:10595000173020F00300B0F5004F34BF00B24FF015
:10596000FF3080B2704738B503888B4204D240F2D2
:1059700007111420EBF7A2F8857C65B1C388C3F347
:105980000E031433C25A8A4207D3C152811DEBF76A
:10599000A7FB00238374284638BD0025FBE7034698
:1059A000F0B59C88A5B2C4F30E06DC88AC4200F1C9
:1059B000140002D10020D881F0BD5F89DC7C855BBA
:1059C0003C4402343444ED1B20440C88ADB2AC425C
:1059D00088BF0D805C89B4FA84F4640914700A8865
:1059E000DA81E9E7F8B58288C389002604460D46C6
:1059F00092B20E60CBB1C2F30E0241891432871805
:105A00000B44825A9BB29342438104D94FF4AA714A
:105A10001420EBF753F804D1011DEBF761FB46812D
:105A20002F600023E3810120F8BD1846FCE770B524
:105A3000044604F11406A38822899BB29A420846C0
:105A4000C2F30E050DD021B1A91CE27C3144FFF751
:105A500057F904F108012046755BEBF741FB284636
:105A600070BD0025FBE78388C0889BB2C31A5842EB
:105A700058417047828873B5C48895B2AC42C2F36E
:105A80000E0202F1140212D04189C689835A3144B0
:105A900099420EDB0DF10601ADF80650EBF720FB45
:105AA000BDF80600001B18BF012002B070BD002029
:105AB000FBE70120F9E770B50589C488C4F30E0639
:105AC0006C40C5F30E02C4F30E050346143025B92D
:105AD000240402D50020188270BDB2421C8806D969
:105AE000DD7C921B0235521B9442A8BF14469D894F
:105AF0000DB1825BA41AA142ECDCDA7C198202327D
:105B000035442A441044E7E738B5038ACBB18B42C9
:105B100017D3C3888489C3F30E031433C5180CB993
:105B2000C4546C700C448481C45A2144C15222B1C3
:105B3000811DEBF7D5FA0023838100230382012026
:105B400038BD0020FCE78388C2889BB29A4206D009
:105B5000428922B9C3F30E0314331844704700205E
:105B60007047C37C088802330B44136070470230CF
:105B7000704738B58388C2889BB29A4209D043895E
:105B80003BB9C5893DB9011DEBF7AAFAC5810120D2
:105B900038BD0020FCE71846FAE703881380C38865
:105BA000C3F30E03143303440B608089704703680A
:105BB000002223B9C0E90132031D03607047596810
:105BC0001B680A44F5E7072938B5034604D84FF4A3
:105BD000EC711520EAF772FF0068A8B1D0E9002443
:105BE0008C4212D02AB901F10805AC4204D2104609
:105BF0000AE003461046F1E742501A684518126859
:105C0000641A6C6042501D6038BD1A60FCE70023C6
:105C1000C1E9003203680B600160704730B590B194
:105C20008478B1FBF4F304FB131300EB43025289B5
:105C30008A4201D1D8B230BDC27822B900F10A033C
:105C4000D0B2844201D8FF20F5E733F8025BA942C5
:105C500002F10102F4D1EEE78278038805324B436A
:105C600003EB42031844704713B50023CDE900331A
:105C700004468DF806006846EBF724FC08B102B034
:105C800010BDBDF804002146EBF7F8FB0028F2D068
:105C900040F215211720EAF711FF70B50D460921D2
:105CA0001E46FFF741FE3246044609212846FFF70B
:105CB0003BFE002C03DB002801DB204470BD4FF0CD
:105CC000FF30FBE7D31D23F0070370B5083390B115
:105CD00010F0070403D058212220EAF7EFFE0460F9
:105CE000C280818000F108040A464FF6FF75013A30
:105CF00092B2AA4203D103FB01F0083070BD0668DE
:105D0000266004601C44F2E718B1C2888188FFF75E
:105D1000D9BF70470346EFF3108272B6006830B106
:105D2000016819600023037043708370C37002B967
:105D300062B67047EFF3108372B602680A600160C2
:105D400003B962B67047012303707047F8B5054682
:105D50000846002811461E4614BF00240224FF23D3
:105D6000AB702B191B7D012B04D001342B191B7D2B
:105D7000012B19D105EB44073B8B3A8C98199042C3
:105D800004DD2C44002038832075F8BD05EB840425
:105D9000324660681844FEF7B3FF3A8B16443E83E0
:105DA0000023AB700120F0E70020EEE7002910B5DA
:105DB00014BF00230223FF218170C1180C7D012C28
:105DC00007D10C3320F8132002230B7500238370B6
:105DD00010BD0133C1180C7D012CF2D04FF48C7131
:105DE0000920EAF76BFE30B50246837803F0FF0026
:105DF000F3B9137D022B19D0537D022B19D1034621
:105E0000012089B1D5180C3300242C7522F81340D9
:105E1000131803241C7502EB80035B680B6000F110
:105E20000C0332F813308B80012002E00123E8E7F5
:105E3000002030BD30B58378E3B9837D022B17D0C5
:105E4000C47D022C16D1032381B105190C34002224
:105E50002A7520F81420C2180324147500EB83025D
:105E60000C33526830F813300A608B80012002E056
:105E70000324E9E7002030BD037D012B01D1008B15
:105E80007047437D012B0CBF408B00207047837D02
:105E9000012B01D1808B7047C37D012B0CBFC08BC0
:105EA00000207047038B23B9408B003818BF0120B6
:105EB000704701207047838B23B9C08B003818BF0F
:105EC0000120704701207047027D022A01D1008B1A
:105ED0007047437D022B01D1408B7047032AF6D0D7
:105EE000032BF9D000207047827D022A01D1808BDC
:105EF0007047C37D022B01D1C08B7047032AF6D0B7
:105F0000032BF9D0002070472DE9F0410646069892
:105F10009DF81C70984643070D46114602D010F0BC
:105F2000030003D025214C20EAF7C8FD4FF48B7203
:105F3000FFF7C8FE002F06AB044600FB08F10CBFBC
:105F400018460020EBF7F0F817B9069B33602C6079
:105F5000BDE8F081EBF786BC10F0FD0F14BF012007
:105F6000002070476FF45063C318062B9ABFA0F54A
:105F700050604FF47A7340F2E2435843704790F810
:105F80002832DBB290F8C0202AB913F0FB0F14BFFF
:105F90000120002070470020704790F84432DBB2A7
:105FA00090F8C0202AB913F0FB0F14BF0120002085
:105FB0007047002070472DE9F843B0F86E60B0F8E4
:105FC000705080461746443089B3F2F76FFD0221C6
:105FD000044601F048FB02218146204601F043FBC4
:105FE0004E4528BF4E46B6B21B2E38BF1B26FB2E91
:105FF00028BFFB26854228BF0546ADB21B2D38BF02
:106000001B25FB2D28BFFB25B4F5A47F38BF4FF41B
:10601000A474B4F5296FB8F800303B8028BF4FF462
:1060200029647E80FD80BC803C81BDE8F883EDF76B
:10603000EBFBCCE713B501210020EBF709FA04468E
:1060400088B901210846EBF703FA0446C0B90023DA
:10605000CDE9003303238DF806306846EBF732FABA
:10606000C8B100200AE0C830F1F74AFB0028E8D0A8
:106070002046F0F781F90028E3D0012002B010BDDE
:10608000C830F1F73DFB0028E1D02046F0F774F965
:106090000028DCD0F1E7009C2046EDF7FFFD00284A
:1060A000DBD0204602F06DFF0028D6D0E5E707B52B
:1060B0000023CDE9003303238DF806306846EBF763
:1060C00001FA08B1002004E00098EDF7E7FD002890
:1060D000F4D003B05DF804FB07B5002340F6881246
:1060E00001A9FAF7FDFF03B05DF804FB70B50546A2
:1060F0000C46EDF7D3FDF0B9284602F090FED0B97A
:1061000004212046EBF7A4F9064678B9062120467B
:10611000EBF79EF9054680B903212046EBF7AEF96F
:1061200088B141F299713920EAF7C8FC403003F098
:106130009FF90028EAD00C2010E0403003F098F9D5
:106140000028E9D0F7E73EB104212046EBF796F9A5
:1061500010B14FF4BD51E6E70DB9002070BD062126
:106160002046EBF78BF90028F7D041F2A771DAE768
:1061700038B505460C462AB11F2901D8002038BD84
:106180001220FCE7EBF79AFAA04211D3284602F05E
:1061900045FF08B11F2CF3D8284602F09BFE48B1FA
:1061A0002146284602F0CFFE0028E7D14520E6E749
:1061B0000720E4E74220E2E738B5054602F08AFE10
:1061C000E8B12846EDF76AFD08B9002038BD284639
:1061D000EDF77AF904462846EDF7B8FA88B9002CAD
:1061E000F3D02088F4F704F820880221EBF746F971
:1061F0000028EAD041F6C9113920EAF75FFC4220B5
:10620000E4E70C20E2E7F0B587B0054601A9008875
:1062100001F0CAF9044600287CD1029A92F886312E
:10622000003B18BF01238DF802309DF80430002B8D
:1062300073D192F89F301F2B73D19DF8023083F0F9
:10624000010303F001038DF8033092F8F2309B064E
:1062500003D49DF80330002B67D0EB881B3B9BB227
:10626000E02B64D82989A1F5A4739BB244F24810AD
:1062700083425CD86B881B3B9BB2E02B57D8AA8823
:10628000A2F5A4739BB2834251D8B1F5296F50D8BF
:10629000B2F5296F4DD8029EFF2786F843719DF80D
:1062A0000230002B3FD19DF80410B1FA81F103AA0E
:1062B00030464909FFF77FFE6A88BDF81230BDF805
:1062C0001410BDF80E00934228BF134640F6480C48
:1062D000A6F84831EB88AA88614528BF61469842F4
:1062E00028BF1846BDF81030A6F844016345288938
:1062F00028BF6346834228BF03468A42A6F8463138
:10630000134628BF0B46A6F84A3186F8427100238F
:1063100086F84331204607B0F0BDD2F89030990698
:106320008BD423468DE73A24F1E71A24F2E71224AE
:10633000F0E71124EEE710B50446FFF7B8FE58B9B0
:1063400001210020EBF784F8E8B901210846EBF7BA
:106350007FF8F0B9012013E0F3F792FE68B1F2F78D
:1063600087FF044602F044FE58B9204602F03CFE86
:1063700080F00104E4B204F00104002CE0D100201C
:1063800010BD0024F7E7C830F1F7BAF90028DCD0D7
:10639000F5E7C830F1F7B4F980F00100C0B2EFE7DB
:1063A0002DE9FF4107468846008802A901F0FCF864
:1063B000064618BB039C94F8993103F0FF061BB105
:1063C000B8F1020618BF012694F89F30232B94F8E9
:1063D000F33043EAD3030CBFC6F10102002203F0FD
:1063E000010313433CD0BD7815B9F3F771FE0546A0
:1063F000F878B8BBF3F76CFE25B90926304604B02F
:10640000BDE8F0810028F8D094F8812032B115F071
:10641000020500F00200F0D00028EED0FF2284F840
:106420004D21DEB994F84C2102F0FF06B2B984F890
:106430004F0184F84C8184F84E51BA888DF80500DC
:10644000A4F8502101A920468DF80450ADF806208B
:1064500001F02DF9002384F84D31CFE73A26F9E712
:106460001A26CBE7002DCFD1C7E708B5F3F7EAFD31
:10647000002008BD10B50446F5F71EFC2070002072
:1064800010BD10B5FFF7D6FD044630B9F5F70EFC88
:106490002046F4F76FF8204610BD0C20FCE738B515
:1064A0000546FFF7C7FD0446A8B92878012803D997
:1064B000FF280BD0122038BDFFF74EFD691CF5F701
:1064C00001FC002814BF00200720F4E70120F4F7A6
:1064D00051F82046EFE70C20EDE738B50546FFF709
:1064E000A9FD0446A8B92B78012B03D9FF2B0CD0AA
:1064F000122038BD1846FFF72FFD691CF5F712FC76
:10650000002814BF00201220F3E7F4F733F82046E8
:10651000EFE70C20EDE710B503460E2404706B2165
:1065200010220020DC70592459709A701C71587127
:106530009971DA7110BD08B50821EAF7F3FC002063
:1065400008BD73B506460C460088694601F02CF874
:106550000546A0B9B3786BB9019B93F88030A3705E
:10656000338894F902002380F4F760FAA07028467B
:1065700002B070BD7F20FFF7AFFDA070F0E70225ED
:10658000F5E710B504466FF07F00FFF7A5FDF4F7BF
:106590004DFA20707F20FFF79FFDF4F747FA6070F7
:1065A000002010BD10B50446F4F782FA00EB80031A
:1065B0005B002380F4F782FA00EB80035B006380CA
:1065C000002010BD10B50446F2F752FE02F009FD9E
:1065D000F4F72CFA2070002010BD08B50A460723F6
:1065E00000F11001FEF722F9002008BD10B50146A8
:1065F00004460020F3F788FE08B92060A080002040
:1066000010BD10B50446F3F717FD28B90020214648
:10661000F3F762FE002010BD0020FFF78CFE00287B
:10662000F4D10C20F7E710B504460120FFF783FEF4
:1066300028B101202146F3F74FFE002010BD0C20A9
:10664000FCE7F7B50C4605466946008800F0ACFF4C
:10665000A21C034690B9019901F1A70781F8FA300D
:1066600038681060387910712888208091F8FA60B5
:1066700006F0FF00002EF1D103B0F0BD0023C4F8F6
:1066800002300220137123706370F5E7FFF7BBBD82
:106690001FB5838844F29022934217D80288ADF840
:1066A00004204088ADF80600B3F5296F28BF4FF4E9
:1066B0002963ADF80A000A8001A8ADF80830ADF8EA
:1066C0000C30FFF7A0FD05B05DF804FB1220FAE7DF
:1066D00037B50D46694600F067FF044640B99DF89E
:1066E00000100198B1FA81F12A464909FFF763FCCD
:1066F000204603B030BD10B503466FF004040020FF
:106700006FF06F010A221C7058709970DA701C715A
:1067100058719971DA7110BD10B504460020F3F775
:10672000A9FC2378012B13D16378012B03D9022B09
:106730000CD1A38853B1628862B1A38853B10A21F6
:106740004A434FF4A0614B439A4203DB122010BD31
:10675000002BFBD12046BDE81040F2F78BBC07B5FB
:10676000037842788DF800300021012B8DF801204C
:10677000ADF80210ADF8041007D1012A07D8684619
:10678000F2F778FC03B05DF804FB002BF7D0122081
:10679000F8E708B5EBF7B2FF002008BD13B50C46CB
:1067A000694600F001FF30B9019B9DF80020B3F865
:1067B000983012B9238002B010BD0133FAE77FB5DB
:1067C000054600210088EAF743FE044610B902207E
:1067D00004B070BDFFF7D3FB0028F8D0AA8810469C
:1067E000FFF7C0FBE369698898420CBF638E012301
:1067F0000393AB8902936B8901932B89009306461F
:10680000EB882046F2F706FB48B394F8443203F0D5
:10681000FF0033BB41F64B539E4209D8642E22D968
:10682000B4F87C2040F202239A421ED1642301E096
:1068300040F2E243A4F848320023C4E99336EA79EF
:10684000AB7943EA0223A4F854322B7A6A7A43EAFA
:106850000223A4F85632FF2384F84432B8E73020EC
:10686000B6E73A20B4E71220B2E70C20B0E713B540
:10687000044600F0B1FE00284CD02046F4F734F96D
:106880000023CDE90033FF246846EAF71BFE50B32E
:1068900000244FF44033CDE90043FF246846EAF773
:1068A00011FE20B300204FF48023CDE90003FF2424
:1068B0006846EAF707FEF0B100214FF4C023CDE9A6
:1068C0000013FF246846EAF7FDFDC0B100224FF433
:1068D0002023CDE90023FF246846EAF7F3FD90B1B9
:1068E000002002B010BD009B83F83C42CCE7009B27
:1068F00083F89240D2E7009B83F83440D8E7009BAE
:1069000083F83440DEE7009B93F83020032AE3D17C
:106910009C77E1E71220E4E713B50088694600F0B0
:1069200043FE0146D8B99DF80030019C8BB19DF81B
:106930000030012B03D10198FFF72FFB70B194F8C1
:10694000533103F0FF0253B9FF2384F8533111464A
:1069500005E02046FFF713FB0028E8D10221084696
:1069600002B010BDF0B5044689B000200E46F3F722
:1069700081FB01AA234604F1180C174618685968D0
:10698000154603C5083363452A46F7D11B782B709B
:1069900000238DF81D308DF81E30237D022B0AD088
:1069A000637803F01803082B05D031463846F3F717
:1069B0009DF809B0F0BD1220FBE710B50321044695
:1069C0000078EAF745FD20B12178BDE81040FFF7D7
:1069D0008DBB422010BD13B50020F3F74BFB002404
:1069E0000323CDE900448DF806306846EAF76AFDD6
:1069F00010B1204602B010BDBDF804100098FFF79A
:106A000075FB002818BF0446EFE72DE9F341054662
:106A100090F8018000780321EAF71AFD0446002867
:106A200000F08780F3F72CFB08B3204602F0B7FA9A
:106A3000EE78864228BF0646B6B2B8F1040F5DD0A4
:106A4000E06CFFF719FA8719BFB2F3F719FBB8B971
:106A5000EB7873B9204602F0A2FA874210D920469B
:106A600002F0DCFA50B9072002B0BDE8F081EE7800
:106A7000E3E7204602F0A5FA0028EBD11220F3E765
:106A8000F3F7FEFA394602462046FFF771FB00286D
:106A9000EAD1A8F10303012B2DD8204602F0BEFA5B
:106AA0006B78032B2DD108F0FD07012F3AD120463A
:106AB00002F0B4FA002833D1B8F1010F08BF022761
:106AC000E16C3A466846EAF711FE6A68E06C3346C4
:106AD0000121FFF73BF90028C5D06B78023B012B61
:106AE00007D8E06CFFF7C8F901210246E06CFFF718
:106AF0005DF90020B8E7002ECFD1BFE7002ECCD043
:106B0000BCE70028BAD1042BCDD12046EDF7C6F85A
:106B10000028B3D0E06CFFF7C5F90028C3D1ADE77A
:106B20000027CDE7B8F1040FCFD1204602F09DFA3F
:106B3000DFE7422098E72DE9F3470746467890F8CB
:106B4000039000780321EAF783FC044600283BD039
:106B5000F3F796FA30B1204602F04AFA002808BF4F
:106B60004FF00009E06CFFF792F900EB09081FFAFB
:106B700089FA1FFA88F8F3F783FA60B1F3F780FA1D
:106B8000414602462046FFF7F3FA054668B128461B
:106B900002B0BDE8F087FB78002BEFD0204602F072
:106BA00027FA0028EAD11225F1E7042EFBD0032EA4
:106BB00010D0B9F1000FF6D02046EDF76FF838B1DC
:106BC0000C25E4E704220EE04225E0E70725DEE796
:106BD000012E0CD1204602F021FA0028F2D1012E1C
:106BE0000CBF06220522E16C6846EAF77FFD7A6851
:106BF000E06C53460021FFF7A9F80028E6D0023EDA
:106C0000012EC4D8E06C42460021FFF7CFF8BEE762
:106C100013B50446F2F72CFB4FF44073ADF8003087
:106C200000238DF80230684614F8013B8DF80330DC
:106C30000194FFF780FF02B010BD13B50446002099
:106C4000F3F718FAE378FB2B12D822788DF800209E
:106C5000A2788DF80220043414F8032C8DF801205A
:106C600068468DF803300194FFF765FF02B010BD50
:106C70001220FBE710B504460020F3F7FBF9EAF712
:106C80001DFD2080002010BD10B504460020F3F744
:106C9000F1F90320EAF75CFB2070002010BD73B50A
:106CA00004460020F3F7E6F96378F3B10025EBB270
:106CB0009E0004EB830303219878EAF7C9FB40B3F5
:106CC0002378012B0AD1B11C2144F2F7BDFB38B95E
:106CD00062780135EBB29A42E9D801E013B1122093
:106CE00002B070BDFFF768FAF1E72378002BF6D108
:106CF000CDE9003303238DF806306846EAF7E2FB5E
:106D000008B10020ECE70098FFF756FA0028F4D00D
:106D1000E6E74220E4E738B5032105460078EAF7C4
:106D200097FB0446A0B1ECF7B9FF28B92046691CCF
:106D300002F02CF9002038BD204602F059F908B1C4
:106D40000C20F8E7204602F04FF90028F8D1EDE7D3
:106D50004220F0E713B50446F2F78AFA14F8013B33
:106D60008DF803304FF44073ADF8003068460023CF
:106D70008DF802300194FFF748FE02B010BD13B544
:106D800004460020F3F776F9E378FB2B12D822783B
:106D90008DF80020A2788DF80220043414F8032C1A
:106DA0008DF8012068468DF803300194FFF72DFE21
:106DB00002B010BD1220FBE773B50546F2F758FA92
:106DC0002B78044663B100230DF1010101208DF8F9
:106DD0000030F3F799FA18B16846FFF79CFFA0B9A5
:106DE000002620468DF8006002F006F9B04214BF7C
:106DF00080233346ADF801302B788DF80360012BEA
:106E000005D169462046F2F71FFB02B070BD1BB9E1
:106E10002046FFF7D1F9F8E71220F6E710B5022176
:106E200004460088EAF714FB20B1A11CBDE810401D
:106E3000F8F768B8022010BD08B500880221EAF70B
:106E400007FB20B1BDE808400021F8F75BB802203D
:106E500008BD10B50C460221EAF7FAFA88B1022CF7
:106E600011D804F00103C4F3400480F8153280F80F
:106E7000144223B190F812323BB1ECF7D1FC002060
:106E800010BD0220FCE71220FAE71846F8E710B51B
:106E900004460078FF280AD00321EAF7D9FA58B14E
:106EA0006378A27843EA0223C384002010BDB4F8BB
:106EB0000100ECF7F9FEF8E74220F7E710B50446C9
:106EC0000078003818BF0120F1F7EAFD207800387B
:106ED00018BF0120ECF764FC002010BD10B504467B
:106EE000F3F7CEF850B1F2F7C3F96178C1F340027D
:106EF00001F0010102F0BDF8002010BD207803214F
:106F0000EAF7A6FA0028F0D14220F6E70820F3F7C6
:106F1000BDB802F065BA08B5C378013B0246D8B2E5
:106F2000042801D9FE2806D11378042B03D1F0F7E9
:106F3000A7FB002008BD1220FCE710B5044604B9E9
:106F400010BD236898476468F9E703680BB90160CE
:106F500070471A465B6813B18A42FAD170478A4279
:106F600018BF5160704708B5F1F798FDF2F740FB84
:106F7000EFF75CF8BDE80840F1F742BE08B5FE2027
:106F8000F0F77EFBBDE80840FFF7EDBF08B5EFF76F
:106F900001F9BDE80840F2F7BBBF08B5ECF798FA75
:106FA000F6F702FA20B14FF495710120E9F786FD5A
:106FB000BDE808400320FEF757BE08B50220FEF7E3
:106FC00053FE0020FEF750FEEAF706FBF3F704F944
:106FD000EBF780F920B14FF485710120E9F76EFDE0
:106FE00008BDFFF7EABF08B5FFF7D7FFF7F7EAF9E3
:106FF00020B140F23F110120E9F760FD08BD10B556
:10700000C378044691B163B90388012B01D95B08A9
:107010002380F4F791F82388B0FBF3F202FB13000E
:10702000A070E37883F00103E37010BD002BF8D16A
:107030000388FE2BEDD85B009BB2FF2B88BFFF239C
:10704000E6E783780BB1013B83708078B0FA80F07B
:10705000400970470123038040F2011343807047C9
:1070600002F0D5BA0B46152203F8032BD0F80920FD
:10707000C1F80320427B1A71704730B585B00446D1
:107080000D46F3F7C7FD80B36FF4C8731C4402A923
:107090002088ADF8000000F087FA18B12E217E207C
:1070A000E9F70CFD039B93F878208DF8022002216C
:1070B00093F87920B3F87A308DF803206846ADF85C
:1070C0000430FFF76DF908B14421E8E78DF80800B6
:1070D0009DF808308DF80900002063F307009DF843
:1070E000093063F30F2005B030BD2E232B70D4F888
:1070F0000930C5F8033004238DF80830E8E708B5F7
:10710000436893F89E201AB185217E20E9F7D6FCCA
:10711000212283F89E2008BD034610F0010005D10E
:107120009A0702D403F004007047022070472DE94B
:10713000F84F054608469046894600F029FF8246EA
:10714000484600F029FF8346FFF7E6FF0646504613
:10715000FFF7E2FF46EA0007FFB2003F044618BF10
:107160000127F2F7B5FF00EA0B00C0B2002808BF04
:107170000026F2F7ADFF00EA0A0095F87C20C0B2C5
:10718000002808BF0024B24214BF3346002388F809
:10719000003095F87D20A24208BF0024234388F8E0
:1071A00001400CD1484600F0F9FEB5F89830DB43B9
:1071B000184480B247F6FD73984288BF0027BEB9D5
:1071C00095F87C00F1F71AFF03280ED195F84C31A1
:1071D000012B0AD1B5F8502195F87C30012A09D14C
:1071E000032B09D0032388F800303846BDE8F88F18
:1071F000042EEAE7042BF8D00423F4E7042905D190
:1072000001280CD10321518013807047032906D136
:10721000012804D0042151801380012070470020F0
:107220007047012806D0022804D0033801288CBFFB
:10723000002004207047F8B5446894F89F50A5F1E9
:107240002103062B06460F4647D92F2D45D0002D8A
:1072500041D194F89E30262B3FD0084600F08BFE9B
:1072600028B939463046BDE8F84001F094B87B793A
:1072700003F0070384F875303B7903F0070384F8C3
:10728000743094F84D31D3B994F84C31012B16D0A9
:1072900094F87D3094F87420D91E012998BF0423F6
:1072A0009A4214D194F87C30DA1E012A94F87520A1
:1072B00098BF04239A420AD1022384F84C31232335
:1072C00084F89F30304601F038F82846F8BD304643
:1072D000F2F74AFFF3E70125F7E72025F5E72DE967
:1072E000F743456895F89F3095F89E80242B044617
:1072F0000F462CD19F35384600F052FE00284DD065
:10730000384600F045FE8146384600F045FE01460D
:10731000FFF702FF666848B396F87C30984225D0A4
:1073200096F84C21012A0CBF96F84E2196F8782049
:10733000114233D0B8F1220F18D096F875201142BF
:1073400014D153B940F203210620E9F7B7FBB8F195
:10735000220F40F0C3809E35CDE7032B01D00328D8
:1073600032D1984294BF00200120B8B94846FFF7B7
:10737000D3FE00284BD096F87D30834247D096F854
:107380004C31012B0CBF96F84F3196F8793019EA41
:10739000030F14BF01230023002B38D1636893F837
:1073A0004C21012A19D11E212046F2F7BFFEB8F167
:1073B000220F20D1FA786368182A83F8292110D087
:1073C00040F269217E20C0E7042BCAD00428C8D02F
:1073D00098422CBF00200120C7E7002283F84C21EF
:1073E000E5E70A2283F89E2093F8DC30002B3CD19D
:1073F00040F27121E6E7002320462B7000F0A7FF42
:107400003946204603B0BDE8F04300F0C4BF304623
:1074100001AA3946FFF78BFE666880BB96F84C31AF
:10742000012B29D1B6F8983096F87C10B6F85001A7
:1074300006F53572FFF7E2FE0646C0B90146204662
:10744000F2F774FE2E70636803F19F02954202D139
:10745000002283F89F20636803F19F0295424FF05A
:10746000000538D1204600F072FF002037E0636845
:10747000282283F89E20E6E786F84C01E3E73846A9
:1074800000F08CFD6368A6F8D402B3F8D422B3F8F8
:107490009810013A521A92B247F6FD718A4206D903
:1074A000282283F8C1202046F4F736F9D3E793F871
:1074B0009F200E2A02D00B3A012A01D82A22F0E797
:1074C0009DF8042083F8D6229DF8052083F8D72262
:1074D00026232B70BFE783F8DC50C6E7022003B0F9
:1074E000BDE8F08308B5436893F89F20232A05D0B0
:1074F00022B14FF461717E20E9F7E0FA242283F88B
:107500009F2008BDFF234371002303710360437173
:10751000704743791BB903680BB101221A607047A9
:10752000F2F75ABE704730B542400C7818785D7853
:1075300044404878684004449D7888786840044412
:10754000DD78C878684004441D7908795B79497909
:10755000684004444B402344D3420CBF0120002028
:1075600030BD034600200139C9B2FF2900D1704760
:107570005A5C82F001021044C0B2F4E708B5F2F799
:10758000E9FE082803D0BDE80840F2F707BF08BDB0
:1075900008B5F7F74DFE18B1BDE80840F7F770BE23
:1075A000082008BDF7F744BE70B50D460021064619
:1075B000E9F74EFF0446686010B10020287070BDE6
:1075C00002213046E9F744FF686018B101232B70AF
:1075D0002046F4E70220F2E770B5047934F01F0486
:1075E0000ED1461E051D16F8010F00F08CFEAE42AE
:1075F0000444E4B2F7D1012C94BF0020012070BDF7
:107600000020FCE7F8B5D0E9047605460C46FBF708
:1076100095FE20B94FF481712920E9F74FFAF4B1B2
:10762000D5E90431DA1B61EB0603012A73F100018D
:107630004FF0000115DB6FF00100904271EB030386
:1076400002DA4FF48671E7E7631E1344B3FBF4F3E9
:107650005C43E41946F10006C5E904461C46204691
:10766000F8BD0C46FBE7CB1E012B10D8032914BF35
:107670004FF41673962303F5BC7314BF40221022F7
:10768000984212D9C01A90FBF2F080B270470229DA
:1076900005D13C2809D93C38C0F38F0070477028C9
:1076A00003D97038C0F3CF007047002070470346FD
:1076B000086898677047022908B5024615D006D8B1
:1076C00001290AD040F27D112920E9F7F7F90339A1
:1076D0000129F7D840F6A66008BD40F6C41340F271
:1076E000E240002A18BF1846F6E740F6C410F3E758
:1076F0006FF4AD7C6044884298BF091A186888BF4F
:10770000491A00EB5100186013680129A3EB5103DB
:10771000136094BF00200120704708B5F8F752FCB1
:10772000BDE80840F3F782B9C3B293FAA3F3000AA5
:1077300090FAA0F01B0E000E43EA002070470131C2
:10774000F8B5C9B2821D0023012512F8010B884249
:1077500016D312F8066C002405FA04F737421CBF52
:1077600001F1FF31C9B2E0B269B10134082CF3D1A3
:107770000133DBB2052BE8D199214620E9F79EF9C8
:10778000091AC9B2F4E700EBC300C0B2F8BD0B6838
:1077900070B5C0F801300B7903F01F03437100236B
:1077A0000446C372451C861D15F8010B00F0ABFDA5
:1077B0002871E37AB5421844E072F5D170BD70B516
:1077C00081EA114189B2C57A0446032682EA0100A2
:1077D000FFF7AAFF013E00EB00100A1816F0FF06A3
:1077E00090B2F5D141402522B1FBF2F302FB131315
:1077F000C3F3C4022244D8B2567803F0070301222F
:1078000002FA03F31E4207D169432046C1F3074140
:10781000BDE87040FFF793BF70BDF8B590F82150F8
:107820006B1E242B044656D8002A56D0807D18B1F2
:10783000012846D01F2019E094F8231094F8223034
:1078400002FB03132522B3FBF2F102FB1133DBB27F
:1078500004EBD30284F82330D17D012603F0070224
:1078600006FA02F2114202D084F82430F8BDB3FBCC
:10787000F5F205FB12330133024604F11C01D8B2C4
:1078800011F8013B834219D311F8067C002306FA54
:1078900003FC1CEA070F1CBF00F1FF30C0B2DDB2D1
:1078A00020B905EBC20284F82420DFE70133082B5E
:1078B000EDD10132D2B2052AE2D1BBE7C01AC0B283
:1078C000F7E72289096A04F11600FFF778FF84F8C8
:1078D00024000020CAE71220C8E71046C6E7034686
:1078E00012EA010003D013F03F0018BF01207047D7
:1078F000407870470B68C0F803308B88A0F80730D9
:1079000070470B68C0F809308B88A0F80D307047BD
:107910000378890123F0400301F040010B43037019
:1079200070470078C0F380107047037803F07F033E
:1079300043EAC113037070470078C00970471F2ADB
:1079400038B50546144603D9BF212A20E9F7B6F811
:1079500009300634FDF7D4F96C7038BD1F2A38B5EC
:107960000546144603D9E1212A20E9F7A7F8093092
:107970000634FDF7C5F96C7038BD30B5037803F0F7
:107980000F03032B024640D0052B1FD1C37F90F875
:107990002000034392F82100034392F8220003439E
:1079A00092F8230020F01F0018432DD05378222B8B
:1079B0000CD1B2F81930B2F81740907D41B1B3F54F
:1079C000506F05D940F607518B420ED900201BE0BD
:1079D000991F89B240F67A45A942F7D8411E072976
:1079E000F4D88342F2D9A342F0D3B2F81B30B3F5F6
:1079F000FA7FEBD2B2F81D000A3880B240F6764327
:107A000098428CBF0020012030BD4078A0F10C03CB
:107A100058425841F8E72DE9F04190F8038018F0FA
:107A20003F0705460E4600F09180072900F28E8040
:107A3000DFE801F004101A242E38424C01790122AB
:107A40004046FFF74CFF00280CBF34460524204673
:107A5000BDE8F081017902224046FFF740FF04466D
:107A60000028F4D0052462E0017904224046FFF7A3
:107A700036FF04460028EAD0052450E001790822A8
:107A80004046FFF72CFF04460028E0D005243EE0E6
:107A9000017910224046FFF722FF04460028D6D085
:107AA00005242CE0017920224046FFF718FF044608
:107AB0000028CCD034461AE0017940224046FFF736
:107AC0000EFF04460028C2D0052408E001794022B8
:107AD0004046FFF704FF00280CBF0524062429793F
:107AE00020224046FFF7FBFE08B11234E4B22979A8
:107AF00010224046FFF7F3FE08B10334E4B22979BF
:107B000008224046FFF7EBFE08B10234E4B22979BF
:107B100004224046FFF7E3FE08B10134E4B22979BC
:107B200002224046FFF7DBFE08B10634E4B22979B1
:107B300001224046FFF7D3FE08B10634E4B2072E17
:107B400085D1231F9F42B8BF002480E700247EE731
:107B500070B50C46064611461D4624B940F2E9218F
:107B60002A20E8F7ABFFFFF756FF10B940F2EA21F1
:107B7000F6E7031F2B443F2B02DD40F2EB21EFE73A
:107B80002A4621463044BDE87040FDF7B9B810B52B
:107B90000446FFF740FF00B1204410BDC07800F05C
:107BA0003F007047C37803F03F0343EA8113C3707B
:107BB000704730B5C1F38003C1F380142344C1F38F
:107BC000001404EB44042344C1F3401404EBC40444
:107BD000C1F3400503EB4403C1F300042C4404EB60
:107BE0004404C1F3C0052C44134403EB440313F0D5
:107BF000FF031CBF01330171C17818BFDBB221F054
:107C00003F0103F03F042143C170591C41701AB178
:107C100004339B1A013AC25430BD70B5C47804F0E5
:107C20003F041319FE2B0646154604DD40F247318A
:107C30002A20E8F743FF201D013530442C44FDF78E
:107C40005FF8747070BD4378C078013B00F03F006E
:107C5000181AC0B27047F8B507460E461946FFF726
:107C6000F2FF451AECB2944228BF14464EB1FA789E
:107C700002F03F0204321144394422463046FDF7F7
:107C80003FF82046F8BD2DE9F047C678017901227A
:107C90003046FFF724FE022205463046FFF71FFE5E
:107CA000202282463046FFF71AFE08220746304659
:107CB000FFF715FE102281463046FFF710FE042222
:107CC00004463046FFF70BFE402280463046FFF761
:107CD00006FE07EBC70705EB0A034F4404EB440419
:107CE000404403EB43033B44204400EB430010F0CB
:107CF000FF001CBF0130C0B2BDE8F08738B5C578C1
:107D0000AB09032B04461ED0437805F03F05AB4278
:107D100019D9FFF7B8FFA84215D895B12379DB062A
:107D20000FD504212046FFF732FF48B1037803F056
:107D30003F03242B07D880785F288CBF00200120C8
:107D400038BD0120FCE70020FAE70278437802F012
:107D50000F02072A12D8DFE802F0080408111111F7
:107D6000080E0C3B584258417047063B1F2B8CBFF6
:107D70000020012070470BB1FFF7C0BF0020704703
:107D8000027802F00F02072A0AD0082A0AD0042A31
:107D90000ED1407806381F288CBF00200120704784
:107DA000FFF7ACBF4078A0F10E035842584170472E
:107DB0000020704740787047037801F0030123F0FA
:107DC00003030B4303707047007800F00300704713
:107DD0000378490123F0200301F020010B430370D5
:107DE00070470B78837070471B2A08B504D940F29E
:107DF00052412A20E8F762FE4270BDE80840033095
:107E0000FCF77EBFB0F807007047B0F80900704774
:107E1000C172090A01737047B0F80B00704770B562
:107E2000B0F80730B0F80950B0F805600479B0F840
:107E30000B0091B1B3F5506F0FD940F60752934242
:107E400018D8B5F5FA7F15D20A3880B240F67643D5
:107E500098428CBF0020012070BD9A1F92B240F65C
:107E60007A418A4206D8621E072A03D89C4201D270
:107E70009E42E5E70020EFE70B6843600B79037251
:107E8000704743680B60037A0B717047B0F80900C4
:107E90007047007970470B6843604B688360704798
:107EA00043680B6083684B6070470B888381704721
:107EB00083890B8070470B68C0F80E304B68C0F8A0
:107EC00012307047D0F80E300B60D0F812304B6093
:107ED00070470B68C0F816307047D0F816300B604A
:107EE0007047FFF7D8BF0B68C360704700797047D1
:107EF0000171090A417170478171090AC1717047A6
:107F00000172090A417270478172090AC172704791
:107F100080887047C08870470089704740897047E3
:107F200003891A2B0DD94389B3F5A47F09D383881C
:107F30001A2B06D9C088B0F5A47F34BF00200120D9
:107F4000704700207047043001F1200351F8042BE2
:107F500040F8042B9942F9D10B880380704738B55B
:107F600015460446FFF7EFFF2B68C4F826306B6810
:107F7000C4F82A3038BD0379024613F0070004D054
:107F8000507910F0070018BF012070470171704749
:107F9000007970474171704740797047C0887047D9
:107FA0000279437902F0070203F00703511E0A40E9
:107FB000591E0B4013430CBF012000207047017174
:107FC0007047007970474171704740797047FB29CD
:107FD00008B504D940F2E6712A20E8F76FFD417038
:107FE00008BD037843B1406890F8123223B10023F2
:107FF00080F81232EBF714BC704708B5017A19B15A
:1080000001290DD0002008BD0368C28802218088A4
:10801000F2F7AEFD0028F6D1F2F7B0FF0120F2E74B
:108020000368C288F3E702230B7001238B7070474B
:10803000F2F71EBF10B521B94FF41C711020E8F7FC
:108040003DFD4A600B72EFF3108472B6031D0B60A6
:1080500042681AB1127A012A08BF036003681960E6
:10806000016004B962B6BDE81040F2F749BF0222D0
:10807000F2F772BF0322F2F76FBF0422F2F76CBF70
:108080000222F2F7ADBF0322F2F7AABF14230B704E
:108090006FF4BA7318440388A1F80330B0F8503075
:1080A000A1F80530B0F85430A1F80730B0F85230DC
:1080B000A1F80930B0F85630A1F80B30704708B578
:1080C000CB1E012B04D8800100F5747080B208BD6E
:1080D000012902D10E30C000F8E7022902D10F3089
:1080E0008000F3E740F265210620E8F7E7FC30B5B1
:1080F00087B004460D46F2F795FDA0B30023237226
:10810000A4F5BF74694624882046FEF7E1FA18B149
:10811000D6212C20E8F7D2FCBDF80630ADF80E30A1
:10812000BDF80830ADF81030BDF80230ADF81230AF
:1081300003A8BDF80430ADF80C40ADF81430FEF7DC
:10814000A5FA08B1DF21E4E78DF80C009DF80C30AA
:108150008DF80D00002063F307009DF80D3063F3E8
:108160000F2007B030BD2B462D2203F8032BD4F887
:108170000920C5F80320D4F80D205A60B4F8112066
:108180001A8104238DF80C30E0E74068704703390A
:1081900001298CBFC08A4FF42960704770B590F8F0
:1081A0007C608D880C89033E012E04D943B116787A
:1081B000033E012E04D8B5F5296F38BF4FF4296569
:1081C00090F87D60033E012E04D943B15378033B00
:1081D000012B04D8B4F5296F38BF4FF42964CB883C
:1081E0004A88A0F86420A0F86830A0F86650A0F88B
:1081F0006A4070BD8383BDF8003001834283C3832E
:10820000704738B5CB1E012B044610D9C38B458C63
:108210009D4228BF1D46207AFFF751FF6389AB427C
:1082200028BF2B46984238BF184680B238BD4FF45D
:108230002965F0E72DE9F04106460D46B0F85000FB
:1082400011461F469046FFF73AFF4146044606F1A5
:108250004400FFF7D6FF844228BF04463946B6F8EB
:108260005800033FFFF72BFF012F8CBFB6F85A30A1
:108270004FF429639842A4B228BF184614FA80F03C
:10828000063510FA85F0BDE8F08110B4C46990F8A5
:108290007D3090F87C2041F64B518C4294BF4D21AB
:1082A000962110BCFFF7C6BF70B5C66941F64B53A7
:1082B0000C469E428CBF96264D261546FFF7E5FFDD
:1082C00030442844A04294BF201A002070BD38B525
:1082D00004460D46FFF7D9FF2844A06438BD006866
:1082E00001F19C03984283BF401A9C38400800204B
:1082F0007047002803DB814204DC08B202E04942F7
:108300008142FADC704700F05503400800F0550048
:10831000184400F03303800800F03300184400F0E4
:108320000F0303EB101070474368002283F89E2070
:1083300083F8DC20A3F8D820704743680022A3F814
:10834000DE2093F8E020013283F8E020704708B582
:10835000426892F8E030013B5BB2002B82F8E030DB
:1083600003DA34214A20E8F7A9FB08BD436883F803
:108370002B1183F82A217047A0F10B03042B08D995
:10838000A0F12103062B04D9A0F12F035842584134
:108390007047012070474268D2F8903010B513F052
:1083A00008040AD143F00803C2F89030CB7882F871
:1083B0002831FFF7C2FF204610BD0120FCE738B589
:1083C0000C460546B1F86810FFF792FDB4F8361177
:1083D0002846FFF791FDB4F864102846FFF790FD9A
:1083E000B4F834112846BDE83840FFF78DBD10B50C
:1083F000446894F8A030073B012B07D90846FFF7E3
:1084000048FD072384F8A10084F8A030002010BDA7
:10841000426892F8A030073B012B84BF082382F802
:10842000A0307047F8B5476897F89F6004460D463E
:1084300016BB0846FFF72AFD6168A7F8D402B1F819
:10844000D432B1F89820013B9B1A9BB247F6FD72DB
:10845000934207D9282381F8C1302046F3F75CF90D
:108460003046F8BD01F2D6212846FFF70AFD6368C1
:108470000B2283F89F20F3E70126F1E70B46082241
:1084800003F8032BD0F80920C1F80320D0F80D2001
:108490005A60427C1A720023CB707047F8B543686B
:1084A00093F89F4006460D46002C65D193F8811045
:1084B0002846FFF7B4FC28B929463046BDE8F84005
:1084C000FFF769BF7268B5F80D30B2F89810A2F8DE
:1084D000D432C9430B449BB247F6FD718B4207D996
:1084E000282382F8C1303046F3F716F92046F8BD4C
:1084F0002846FFF787FC6FF45063C3189BB2062B26
:10850000776896BF4FF47A7340F2E243A0F550606B
:108510005843C7F8DC022B7941F64B52904285BF95
:10852000C3EB431203EB820303EB830303EB8303ED
:1085300095BF03EB83035B009B009BB241F64B525C
:10854000A7F8D6329042B5F8053094BF642240F2C5
:10855000E2425343C7F8D8322846FFF756FCA7F843
:10856000E00228467768FFF757FC7368A7F8E20235
:108570000E2283F89F20B9E70124B7E708B54368C6
:1085800093F89E201AB124214520E8F797FA1E227D
:1085900083F89E2008BD2DE9F347466896F89E3083
:1085A0001E3B022B04460D4631D890F800A0084629
:1085B000FFF7B6FC18B32846FFF7AEFC074628467F
:1085C000FFF7A6FC80462846FFF7A8FC8146284610
:1085D000FFF7A0FC394600904B4606F144004246A6
:1085E000FFF708FE6168304601F27511F2F726FDCB
:1085F000BAF1000F0DD160680421F0F763FA002092
:1086000086F8DC0086F89E0002B0BDE8F087012005
:10861000FAE760680621EBF78DF9F0E74268D2F8D7
:108620009030D90610B5044603D49A214520E8F7C6
:1086300045FA990601D59B21F8E723F01003C2F80B
:108640009030FFF784FE60680621BDE81040EBF72C
:1086500071B90B230B70D0F80930C1F802307047A4
:108660000B460C2203F8022BB0F809204A80C27A8C
:108670009A70704738B5436893F89F40054634B107
:10868000123C0B2C94BF08240124204638BD93F8DB
:10869000A420002AF9D0D3F8383133B9FFF74DFEC2
:1086A0006B68122283F89F20EFE70C220A21FFF764
:1086B0005DFE6B68322283F89F202846FFF73DFE5F
:1086C000E3E708B5436893F89F20162A04D040F2E8
:1086D00079111F20E8F7F2F9012283F8E12017222F
:1086E00083F89F2008BD436893F89F20132A03BF97
:1086F0001422002083F89F200220704710B54368A1
:1087000093F89F30192B044607D1FFF720FE6368CA
:108710001D2283F89F20002010BD0220FCE708B531
:10872000436893F89F20122A04D04FF4D1711F2080
:10873000E8F7C4F9012283F8E120132283F89F208F
:1087400008BD08B5436893F89F20172A04D04FF45A
:10875000D5711F20E8F7B2F9192283F89F2008BDD0
:108760000B46072203F8032BD0F80920C1F8032099
:10877000D0F80D205A60B0F811201A81C27C9A728C
:10878000704708B5436893F89E201AB1BC211C209D
:10879000E8F794F9042283F89E2008BD08B5027812
:1087A00043684AB993F89F201AB1C4211C20E8F706
:1087B00085F983F8E02008BDD3F89010CA0701D4EA
:1087C000C921F3E793F8E020013A52B2002A83F876
:1087D000E02001DACB21E9E721F00101C3F8901094
:1087E000E9E70E23A0F5B6700B7003884B80704745
:1087F0004368017893F89E2051B9052A01BF0022F1
:1088000083F8D02083F8DC2083F89E200020704776
:10881000102AF3E738B5037845682BB995F89F001F
:10882000012380B1012015E0D5F8903013F0040445
:10883000F8D1FFF782FDD5F8903043F00403C5F876
:108840009030204606E085F8E0300223A5F8DE00EF
:1088500085F89F3038BD0378426813B982F8E0305C
:108860007047D2F8903023F00403C2F89030FFF73D
:108870006EBD08B5436893F89E201AB171214B2054
:10888000E8F71CF90278002A0CBF0522102283F8B1
:108890009E2008BD10B5D0E90D42A24206D38B8CB4
:1088A000498E05334B43121B934202D3012380F8B8
:1088B000403010BD01230B7000238B7030F8E43C76
:1088C000A1F80330437A4B714389CB8083890B81B4
:1088D000704708B5436893F8E32091070ED493F8E6
:1088E0009E201AB174214020E8F7E8F8012183F8AE
:1088F0009E1083F8DC10A3F8D82008BD027842B996
:1089000093F89F200AB983F8E020002283F85221CF
:10891000F3E7D3F890108A07F7D593F8E020013AEF
:1089200052B2002A83F8E02001DA8621DBE721F049
:108930000201C3F89010E8E710B50B794C790A688A
:10894000012843EA042108BF41F48031104610BDDC
:1089500007B5FFF7F1FF0DF10702F3F751F903B087
:108960005DF804FB0B46062203F8032BB0F8092040
:10897000A1F80320C27A9A7070470B46172203F8B9
:10898000032BD0F80920C1F80320D0F80D205A603D
:108990007047312301F8033B00F10903293053F8F4
:1089A000042B41F8042B8342F9D11B880B807047BC
:1089B000F0B50646D92E344628BFD9243034BDF848
:1089C0001470A4B2FF2C07F0010507F0020028BFC5
:1089D000FF24BF0701F5A57100F0B08048B3042A59
:1089E00021D0032A22D0022A0CBF4FF496744FF4F0
:1089F00014740C44D11EC9B2022934BF28200020AF
:108A00009C340129044440D804F535649834002D81
:108A100048D0042A40D0032A41D0022A0CBF642146
:108A2000C0210819F0BD41F2D024E2E740F2CE5453
:108A3000DFE783B1042A08D0032A09D0022A40F6CE
:108A4000480408BF4FF48564D3E744F29024D0E78C
:108A500041F2BE14CDE7042A05D10534A4B2A40125
:108A600004F5C874C5E7032A05D10534A4B224016E
:108A700004F5BF74BDE7022A0BBF0B340A34A4B25D
:108A8000A4B20CBFA400E400B3E7022A0CBFB420D8
:108A90004FF4B0700444B9E74FF4CA61C1E740F243
:108AA000AE21BEE793B1042A0AD0032A0BD0022AD2
:108AB00040F648000CBF4FF485610146601812E093
:108AC00044F29021FAE741F2BE11F7E7F12E354664
:108AD00028BFF125042A1FD105F1130080B28001BF
:108AE00000F5C8752819D92E9CD9D93EB6B2F72100
:108AF000002B57D0042A06F1F606B6FBF1F64BD050
:108B0000032A4CD040F2725340F69211022A18BF49
:108B10000B4603FB060085E7032A05D11335ADB2EA
:108B20002D0105F5BF75DDE7022A0BBF1935183594
:108B3000ADB2ADB20CBFAD00ED00D3E78BB1042AEE
:108B400009D0032A0AD0022A40F648000CBF4FF48D
:108B500085640446B2E744F29024AFE741F2BE14C4
:108B6000ACE7042A05D10534A4B2A40104F5C87405
:108B7000A4E7032A05D10534A4B2200100F5BF748F
:108B80009CE7022A0BBF0B3404F10A05A0B2ADB278
:108B90000CBF8400EC0091E744F2DA33B9E741F20C
:108BA0000833B6E7042AB6FBF1F3DBB21CD0032A84
:108BB0001DD040F2725140F69214022A18BF21468D
:108BC00001FB0300C3EB4311C3EBC103F61AB3B2BD
:108BD000002B3FF427AF0833042A9BB20AD19B0134
:108BE00003F21A4318441DE744F2DA31E8E741F290
:108BF0000831E5E7032A03D11B0103F54673F1E7CA
:108C0000022A0BBF9B00DB0003F5BB7303F5CD739A
:108C1000E8E78B88F7B513F0180607460C4625D110
:108C2000086820B940F2DA312D20E7F747FF00F05D
:108C3000AEFA217C657C032908BF0421032D08BFFF
:108C40000425F3F7EBF8A3880093014633462A4640
:108C50003846FFF7ADFED4E90223BB30824273F100
:108C600000032CBF0120002003B0F0BD0120FBE772
:108C700038B50B46132203F8032B0C4600F109020A
:108C8000293052F8041B43F8041B8242F9D11278B0
:108C90001A70A5880123A37102212846E8F7D8FBA2
:108CA00070B1E37863B10088F1F7A2FA0221284697
:108CB000E8F7E4FB20B140F227212D20E7F7FEFE84
:108CC00038BD10B50446F2F737FA04F1690182B2F3
:108CD00004F13600FEF773FD84F8440010BD37B58B
:108CE00004460D46FFF7EDFF61792B460122204631
:108CF00003B0BDE83040F3F703B938B5CB6904469B
:108D0000A3F57A75104641F2707295429DBF4FF4FB
:108D10007A72B3FBF2F303F5506340F2E24288BF8C
:108D2000B3FBF2F39BB2A4F8B4308B8CA4F8B6304A
:108D3000CB8CA4F8B83091F8013284F8BA30A37F14
:108D400004F1A80263B394F86830012B28D194F899
:108D50006E3003F0C003402B22D1D4F86930C4F840
:108D6000A830B4F86D309380236A9A7884F8A120F3
:108D7000082803F1030504F1A202D3F8033004F13B
:108D8000AE0118D0C4F8AE30AB888B8004F1A101DD
:108D9000F1F71EFC40B940F69B312D20E7F78EFE1F
:108DA0000023C4F8A830DEE794F8A13043F00203B2
:108DB00084F8A13038BDC4F8A230AB88938000237A
:108DC000C4F8AE308B80F5E70B46162210B503F8D9
:108DD000032BD0F80920C1F80320427B1A71CB780D
:108DE000BBB130F8BC3C1B0713D4B1F805400221DD
:108DF0002046E8F72DFB60B10088F1F7F9F9022170
:108E00002046E8F73BFB20B140F26D212D20E7F72B
:108E100055FE10BD0121F3F7B1BBFFF7FBBF08B54D
:108E200090F89C300BB1012008BD90F8D430002B95
:108E3000F9D190F8C63003F0FF00002BF4D0F1F721
:108E40001FF980F00100C0B2EEE730B54FF4B87200
:108E500085B004460D460021FBF7CAFFFF232370AF
:108E60001323638042F21073E384E8F7FBFB0022D4
:108E70000146E0646846E8F739FCE06C0022012115
:108E8000FCF794FFE16C04226846E8F72FFC00220F
:108E9000E06C1146FCF78AFF04F13000257500F004
:108EA00020F902A8F1F710FE20B940F212312D206E
:108EB000E7F704FE02A904F13600FEF768FC04F1AE
:108EC0008000FEF71FFB05B030BDFF23C86C0B70A0
:108ED000FCF739BF0078FF3818BF01207047F7B59D
:108EE000044630300E4600F052F96188CA06074643
:108EF00005D52822F4F736FE6D3003B0F0BD8B07A0
:108F0000E06C0FD5FCF7F0FF217905463846F2F703
:108F100085FF638800930146627933462846FFF750
:108F200047FDE9E7FCF7D0FFEEE74388092B10B5D2
:108F3000044607D1F4F73EFB20460121BDE810406E
:108F4000F4F77CBA10BD034630B55A8812F0180FFA
:108F500087B0084610D1D3E9024503F130010091F2
:108F60009B88ADF804206946CDE90245ADF8103084
:108F7000FFF74FFE07B030BD0120FBE7D0E902014B
:108F80007047407D003818BF012070470B68C0F85B
:108F900017308B88A0F81B30012343777047438834
:108FA00013F0100005D013F0040F14BF00201F2091
:108FB00070479A0704D4DB0701D4E8F77FBBEE20A3
:108FC000704708B5FFF7EBFF003818BF012008BD58
:108FD0000023A0F8483043881D2B08BF00214174AE
:108FE000704790F914007047408800F00100704706
:108FF0004088C0F3400070474088C0F3C00070470D
:1090000010B54488C06CE30654BFC4F34004002488
:10901000FCF751FF002C08BF012010BD4088C0F3B1
:10902000001070474088A0F109035842584170472A
:109030004079704710B50446F2F77EF8C0F30B0094
:10904000A042F9D010BD90F8683001624B72D0F8A0
:109050006930C1F80A30B0F86D30CB817047704785
:10906000F3F7D4B880F890107047FF2380F893305E
:10907000704780F8241080F825207047C0F3400224
:10908000C0F38003134400F0010018447047022825
:1090900008B507D0042807D0012807D039212E2091
:1090A000E7F70CFD262008BD2720FCE72520FAE77E
:1090B0008278034612F0010002D0D978C9070FD593
:1090C000900702D5D978890709D512F0040007D096
:1090D000DB7813F0040F14BF002004207047022037
:1090E00070470023C0F802300123437003707047BB
:1090F0008170704710B50170427080781446FFF798
:10910000BDFF10FB01F104FB01F2FE2A03DD5C212F
:109110002E20E7F7D3FC10BD0023C3704371037109
:10912000704710B50446FFF7C3FF637962780133D7
:10913000DBB29A4263710FD1E378A1780343DBB2CB
:109140009942E37008BF23794FF0000208BF013352
:10915000627104BFE2702371BDE81040FFF797BF52
:1091600038B501468078FFF789FF0446C8784D7806
:10917000FFF784FF0A790B789B1A13FB05F34A79F2
:1091800013FB04F39B1A00FB1530C0B238BD08B5C1
:1091900001468078FFF772FF4B780A7813FB02F3E1
:1091A00013FB00F0C0B208BD08B5427903462AB1EE
:1091B000FFF77EFFBDE80840FFF769BFC078810771
:1091C0000BD410F00100F5D19B785A0707D413F0A7
:1091D000020F0CBF01200220ECE70220EAE7042086
:1091E000E8E7042806D1920102F53472803201FBCF
:1091F00002F07047032803D1120102F5E772F5E788
:1092000002280BBF0B320A329200D200EEE740F286
:10921000EF20704740F25A335843704738B55368CF
:109220000E3814460D4693F89E2009283FD8DFE8F3
:1092300000F0053E3E3E0F3E173E3E26042A05D175
:109240002046FFF771F82046F2F7FCFB002038BDFE
:10925000102AFBD120460021BDE83840FFF7C8BAEC
:109260001E2AF3D12046FFF75FF8002DEED062688A
:1092700092F8F23023F0200382F8F230E6E793F818
:109280009F20242AE2D1002583F89F502046FFF733
:109290005EF8636893F84C31012B03D129462046D0
:1092A000F0F744FF6368002283F84C21CEE74FF4C7
:1092B0000F713120E7F702FC08B5436893F89F204F
:1092C000172A04D040F2E4413120E7F7F7FB1B22D4
:1092D00083F89F2008BD08B5436893F89F20322A81
:1092E00006D1002283F89F20BDE80840FFF72FB881
:1092F000172A03D11B2283F89F2008BD40F2F941B1
:109300003120E7F7DBFB037D63B9C37B90F85200A4
:10931000A3F11102032A05D928B11D2B8CBF00200F
:109320000120704701207047037D63B9837B90F86B
:109330005200A3F11102032A05D928B11D2B8CBFBD
:109340000020012070470120704770B5426892F8F4
:10935000F23043F00403044682F8F23008460D462A
:10936000FEF733FE06462846FEF72BFE2246314620
:10937000BDE87040F4F7FABC38B50C460546D1E9B3
:109380000501E8F715F994F85C0220280BD0FAF7EC
:10939000B9FE94F85C02F9F7A3FF20B940F6390151
:1093A0003120E7F78BFB0D212846E8F767F80E21FF
:1093B0002846E8F763F828460F21BDE83840E8F76B
:1093C0005DB8E9F771B90022A0F89E2080F8A220CC
:1093D00090F8133213B10221EAF7ACBA0321FBE78C
:1093E000F1F768BF014638B5408E91F8A23085008C
:1093F000B1F8D20003BBC0F1060091F8D030441B95
:109400001BB191F89E30052B1AD101F19000FFF7A6
:109410008BFFB8B1D1E93103181A401BB1F82E31D6
:10942000A042A3F1040323EAE373A8BF20469842B5
:10943000B8BF184680B238BDB1F8D440201ADCE776
:109440000020EBE72046E9E770B50E46042105460B
:10945000E7F7FEFF044648B906212846E7F7F8FF7C
:1094600020B116B190F8BD3003B90446204670BD56
:10947000037C0BB900207047037C012BFAD0007CE1
:10948000073818BF0120704708B5027C012AD3B203
:1094900004D0FFF7EDFF00F0010008BD1846FAE721
:1094A000007DA0F1FF0358425841704710B51D23BD
:1094B000C3700446F0F732FE207110BD10B51E23B4
:1094C000C3700446F0F72AFE207110BD01234381CA
:1094D0000023C381838170470123438003800023DD
:1094E0008380C3804FF448630381704708B5F6F763
:1094F000F7FAF6F733F8F5F71BFEBDE80840F5F785
:10950000D9BE08B5FBF74AFABDE80840F7F774BEC4
:10951000801A00F3070038B540B20D4659B2144620
:10952000F7F75AFE0023287020446B7040B238BD14
:109530000023036070477047002070474FF0FF30F2
:1095400070474FF0FF3070477047002070474FF072
:10955000FF307047002070470020704700230370E1
:1095600070470022FFF7D4BF002070474FF0FF3054
:1095700070474FF0FF3070474FF0FF307047704733
:109580004FF0804301221A6070474FF08043D3F8B8
:10959000080400F0010070474FF08043D3F8140432
:1095A00000F0010070474FF08043D3F81C0400F036
:1095B000030070474FF080410246D1F81804D1F8FB
:1095C000181410F4803004D001F00300831A5842BC
:1095D0005841704708B5FBF735FA28B14FF0804382
:1095E0000222C3F8342C08BDFBF70CFA0028F5D191
:1095F000FBF71EFA0028F1D1F5E7F7F799BEF7F768
:10960000C1BEF7F7EDBEF7F705BFF8F7EFB8F7F70C
:109610007DBEF7F781BEF7F785BEF7F7C3BFF7F753
:1096200001BFF7F7B3BF08B5F7F766FE002008BD26
:1096300038B5054691F827000C46F9F751FE18B9E0
:10964000E8216A20FAF77CFF0023A38484F82630FF
:109650000921236A2846984718B103780BB1EC21F9
:10966000EFE738BD426808B5034611441A785960DF
:10967000012AA1F1500006D1FAF77AFB40B9CC21BA
:109680006A20FAF75DFFFAF773FB08B9D121F7E713
:1096900008BDF8B504460E4619B9012384F82930EF
:1096A0003BE00D78032DF8D8DFE805F039021215FC
:1096B0004868C72802D800252846F8BD0421FAF7D3
:1096C000F9FB0028F7D171682046FFF7CBFFF3E7DD
:1096D000F8F7F8F8F0E790F82470F7B94D682846E5
:1096E000F8F7C4F80028D8D02B78D3B9012222701B
:1096F0002B79003B18BF012363726B79002B0CBFE1
:10970000022304232372AB686F336360EB68236129
:10971000032384F8263084F82520F8F7D3F80225AF
:10972000CAE794F82630052B04D04FF4C8716A209C
:10973000FAF706FF27702B7994F82700003B18BF33
:10974000012363726B79002B0CBF02230423237265
:10975000EB68A9686F336360D4E906325B1842EBAB
:10976000E172C4E90432042384F826302146F9F773
:10977000D7FE0028D1D14FF4C971D8E770B5F8F7FA
:10978000F7F9002405462646E0B2854200D870BDB0
:10979000F8F7F4F90134868480F82660F4E7F8B528
:1097A00004460D46F8F7E4F900270646F8B286426B
:1097B00004D8082D0CD96FF0150008E0F8F7DEF991
:1097C00090F826300137002BF0D04FF0FF30F8BD75
:1097D0002CB129462046BDE8F840F8F7DDB921460E
:1097E0002046F8E738B50546F8F7C8F9014688B1CC
:1097F00090F824408CB990F8263073B1013B012BCE
:1098000004D82846FFF714FF204638BD012380F80E
:109810002430F9E76FF00100F7E76FF02200F4E77A
:1098200070B50D46F8F7AAF90446002848D090F81C
:109830002660731E012B49D8002D44D02846F8F726
:1098400015F800283FD02B78FBB9012323702B7922
:10985000003B18BF012363726B79002B0CBF0223FE
:1098600004232372AB686F336360EB6823610323C7
:1098700094F8270084F826302146F9F751FE40BBC2
:1098800040F2BD216A20FAF75BFE022E1ED10023B2
:1098900023702B79003B18BF012363726B79002B77
:1098A00018BF04262672EB68A9686F336360D4E999
:1098B00006325B1842EBE172C4E904320423D7E7B5
:1098C0006FF0010070BD6FF01500FBE76FF0220034
:1098D000F8E70020F6E7F8F7CBBB07B56846F8F7DE
:1098E000BBFADDE900024FF080730021E2FB0301C7
:1098F00003B05DF804FB0346002018707047EFF3D7
:10990000108272B603780121DBB2017002B962B62F
:10991000012B0CBF6FF0220000207047EFF3108383
:1099200072B60022027003B962B600207047FBF7DE
:109930000DB808B5FBF73EF8024688B9FBF744F8C6
:10994000014658B9FBF74AF8024658B9FBF75AF8EE
:1099500020B9FBF76DF880F00100C2B2104608BDD7
:109960000022FBE70A46F9E7FBF7B2B8FBF7B0B80D
:1099700000280CBF6FF015000020704700207047D2
:1099800007230370002070470020704700207047B5
:1099900010F8012B11F8013B012A28BF9A42F7D099
:1099A000D01A7047034611F8012B03F8012B002A47
:1099B000F9D17047034613F8012B002AFBD1181A7E
:1099C000013870472DE9F04786468C460846089EC8
:1099D000154674461946002B40F0C2808542B2FA03
:1099E00082F245D94AB1C2F1200300FA02FC2EFAF4
:1099F00003F3954043EA0C0C94404FEA154EA8B28D
:109A0000BCFBFEF8230C0EFB18CC08FB00F943EA64
:109A10000C43994528D9EB1808F1FF3704D2994532
:109A200002D9A8F102072B44A3EB0903A4B2B3FBAC
:109A3000FEFC0EFB1C330CFB00F044EA0344A04286
:109A400014D92C190CF1FF3304D2A04202D9ACF185
:109A500002032C44241A43EA07401EB1D4400023D9
:109A600034607360BDE8F0874746DDE76346F1E7A1
:109A700092BB431B01214FEA154EAFB2B3FBFEFC74
:109A8000200C0EFB1C330CFB07F840EA03439845FF
:109A900062D9EB180CF1FF3004D2984502D9ACF131
:109AA00002002B44A3EB0803A4B2B3FBFEFC0EFBA5
:109AB0001C330CFB07F744EA0344A7424ED92C1988
:109AC0000CF1FF3304D2A74202D9ACF102032C44BB
:109AD000E41B43EA0040C0E7C2F1200320FA03F18F
:109AE000954090402EFA03F303434FEA154EAFB270
:109AF000B1FBFEFC0EFB1C10190C0CFB07F841EA35
:109B00000041884504FA02F422D969180CF1FF30AB
:109B100004D2884502D9ACF102002944A1EB080126
:109B20009BB2B1FBFEFC0EFB1C110CFB07F743EADA
:109B300001439F420ED9EB180CF1FF3104D29F4232
:109B400002D9ACF102012B44DB1B41EA004192E750
:109B50006046E3E76146F7E76046A3E76346B7E799
:109B6000834206D916B9002108467BE7C6E900E022
:109B7000F9E7B3FA83F78FB9834201D3724508D866
:109B8000BEEB020460EB030301209C461EB90021DA
:109B900068E73846FAE7C6E9004CF8E7C7F1200C59
:109BA000BB4022FA0CF41C432EFA0CF120FA0CF301
:109BB000B84001434FEA14490EFA07F5B3FBF9F830
:109BC0001FFA84FE09FB18300B0C08FB0EFA43EA5F
:109BD00000439A4502FA07F240D9E31808F1FF3032
:109BE00004D29A4502D9A8F102002344A3EB0A0348
:109BF00089B2B3FBF9F809FB183308FB0EFE41EA02
:109C000003418E452CD9611808F1FF3304D28E45EB
:109C100002D9A8F10203214443EA0040A0FB0298C4
:109C2000A1EB0E014145CE46434602D306D14D4538
:109C300004D2B9EB020E68EB04030138002EA6D063
:109C4000B5EB0E0261EB030101FA0CFC22FA07F3FB
:109C50004CEA0303F940C6E9003198E74046C5E7FE
:109C60004346D9E710B5014620B11548BDE810407C
:109C700022F0B1BD134822F0AEFD1BF0DFFE01461D
:109C800008B11148F2E71BF05FFF014608B10F4829
:109C9000ECE71DF071F8044600F0DEF801462046BE
:109CA0000CF0F0FC014608B10948DFE723F077FB30
:109CB000032017F0A9FDBDE81040064822F08BBD37
:109CC0006C5104008C510400A3510400C6510400DF
:109CD000EC5104000F52040008B5064822F07BFD49
:109CE000054806F0BDFA014610B1044822F073FDA4
:109CF000002008BD21520400659C01006C51040045
:109D0000014B00221A7070478A64002038B50C4C51
:109D10000C4B117800F8081C041BE4105C4315463A
:109D2000E0B21BF0A5FF2978074B084A0848002934
:109D300018BF1A46611CBDE8384022F04CBD00BF78
:109D4000800900203DCFF33C027A04003252040027
:109D500036520400034B044801221A7000220023EB
:109D60001FF05EBC8A640020A82D002007B50F4BB1
:109D700001930F4B1878A0B10E4A1368591C03F0D9
:109D8000030308336B44116013F8040C28F08AFEB7
:109D900009484FF47672002303B05DF804EB1FF01E
:109DA0003FBC03B05DF804EB28F07CBE0102040860
:109DB0008A64002010540020A82D00202DE9F743CC
:109DC00005460E4626F0A0FD90B14FF00009204C4C
:109DD000DFF8808035404F4625FA09F313F0010F74
:109DE00009F1010607D1042EB14604F1A804F3D10C
:109DF00003B0BDE8F08314F8083CD4F8980083F071
:109E00000103CDE900778DF8003028F006FF014608
:109E100068B100236A461946204628F086FF0246AC
:109E20000028E0D03146404622F0D5FCDBE76A4608
:109E3000204628F0B6FF02460028F3D19DF8001016
:109E400004F8081C5FFA89F01BF012FFCBE700BF93
:109E5000800900205852040008B504481BF010FE89
:109E6000034904481FF0EEFA034808BD2011002002
:109E70006D9D0100A82D00203842040010B5094C4A
:109E80000A44914200D110BD11F8013B584003092A
:109E90000001E35CC0B2434018091B01205CDBB247
:109EA0005840EEE77152040070B589B30668304639
:109EB00022F09EFA012201460446304622F060FA62
:109EC000C30708D413491448AF2222F09AFCAF21EB
:109ED000104822F08DFC2146304622F067FA251802
:109EE00029460022304622F04BFA2D1AAC4206D009
:109EF00008490948B72222F084FCB721E8E7214647
:109F0000304622F059FA2146BDE8704022F095BB58
:109F100070BD00BF81520400A45204002DE9F84333
:109F200006681446B2680F464B1EB2F5004F34BFA8
:109F3000042108213B4010D0C7F1000909EA0709B4
:109F4000494503F1FF3028BF494618420CD11F464E
:109F5000BCB900252846BDE8F8838F420FD82146BA
:109F6000BDE8F84322F0ABBB2C492D484FF4A27258
:109F700022F047FC29484FF4A27122F039FC99469F
:109F8000E6E7B2EBD40FE4D9E319591A104622F0F0
:109F900039FA0146304622F08FFA80460028D8D0A0
:109FA000B368B3F5004F34BF0423082309EBC005A1
:109FB0001D4435447B1E1D44B5FBF7F57D43A5EBE1
:109FC00009052946304622F013FA2C44073424F0C0
:109FD0000704A41B804507464FEAE40408D2024662
:109FE0004146304622F0A2FA4146304622F0E3FADA
:109FF0003946304622F0DAF93844844208D23946EC
:10A000003046224622F092FA2146304622F0D3FA18
:10A0100001223946304622F0CFF99BE781520400F5
:10A02000A4520400B2F5802F2DE9F0410CD2042A8D
:10A0300020D83D493D484FF4F97222F0E2FB4FF43D
:10A04000F971394822F0D4FB0823D21ACC1D1144EF
:10A0500024F0070421F00701091B17294FEAD10654
:10A060000AD83149314840F2FB1222F0CAFB40F2D3
:10A07000FB11E6E70423E8E7002704603146A66009
:10A08000E760304622F0C7F90121421D8046304684
:10A0900022F0B8F99200D51DED082844B0423AD814
:10A0A000B8F1FF3FA2F110023946B8BF3A4604F1B9
:10A0B000100029F02BFA2A463946204622F094F95E
:10A0C0003B463A463946204622F065F9A6EB05089C
:10A0D00020463946012222F06FF94246294622F0F5
:10A0E00083F92B463A462946204622F054F9314658
:10A0F000204622F079F943463A463146204622F07E
:10A100004AF931462046012222F056F92946BDE897
:10A11000F04122F050BA044904484FF4037222F08F
:10A1200070FB4FF403718CE781520400A4520400C9
:10A130002DE9F04F91B08407009302F004030293DD
:10A14000C2F3C20303F10103DDF8689003920546F0
:10A150000E46059340F0E081041D30B1072909D86F
:10A160006FF01B0011B0BDE8F08F01F00706341D41
:10A17000C6F10806009B4FF00008591E4FF0040A74
:10A180004FF0FF330193CDF810804746C346534646
:10A190000DB1009A22600598002800F3D7809548F9
:10A1A000009A824203D394488242C0F0CF80039A3F
:10A1B000A4EB050E92074FEA9E0040F1DE804FF0BF
:10A1C000000CCCE07A285DD84B280ED8472859D807
:10A1D00029282DD8252852D054D820287AD02338A1
:10A1E000D0F1000B4BEB000B74E04C382E2849D813
:10A1F000DFE800F070484848484848484848484820
:10A200004B484848484848484859484B4B59595981
:10A21000704B6D487048184B18484883804B48482D
:10A220004B48800000204FF0000B4FF0040A38E04C
:10A230002A38C0B2012202FA00F010EA0E0F49D10A
:10A2400010F0625C2FD110EA020B43D06046013C53
:10A250005444B4FBFAF40AFB04F4002D60D0A3EBE1
:10A26000050CA444B4453FF67BAF002867D1042B0E
:10A2700048D159F8043B2360043404232AE0019AAE
:10A28000013A01924FF0000B24E011F8010C6C2808
:10A2900035D111F8023C00206C2B8346C5D14FF01C
:10A2A000080A5346D3E709F1070929F007090734DB
:10A2B000F9E802AB24F0070435B106982044B04217
:10A2C0003FF64EAFC4E900AB08344FF0000B4FF03F
:10A2D000080A534611F8010F002800F0A980BBF1CD
:10A2E000000F7FF46FAF2528F4D1019B0133019358
:10A2F0004FF0010B4FF0040AEBE7584693E70020BC
:10A300008346A4E7082B40F08A8009F1070929F069
:10A310000709F9E80223C4E9002308340823D9E730
:10A3200068B9042B02D109F10409A5E7082B76D1FD
:10A3300009F1070929F0070909F10809EDE7059A6C
:10A34000013A059259F8042B009221E7039A9007ED
:10A3500044D5A4EB050E4FEA9E004FF0010CBEF56C
:10A36000007F1BD3254926484FF41F7222F049FA7B
:10A370004FF41F71214822F03BFA0F2F10D8002D07
:10A3800040D007F140020DEB020C019A0CF8200CB2
:10A390000CF8102C0498013004901EE00F2F08D9FF
:10A3A0001649174840F2812222F02BFA40F281210F
:10A3B000E0E7D5B107F140020DEB020EC0B2019A01
:10A3C0000EF8200C0EF8102CBCF1000FE2D060F05B
:10A3D0007F000EF8200C08F101080137C5F10802D2
:10A3E000043406924FF6DA7E74E7BCF1000F09D010
:10A3F0000136F2E74C360400B0B80400BC52040049
:10A40000A4520400029802360028E6D10098CDE953
:10A410000631FFF7CFFADDE906310644DDE74049B2
:10A42000404840F2C62222F0ECF940F2C621A1E7F2
:10A43000631BB3F5806F08D339493A4840F2D22202
:10A4400022F0DFF940F2D22194E71DB9A6F1080409
:10A45000E01887E6029A28609B082B709DF8103060
:10A46000C2B1EB7085F80280B8F1000F05D008A8E2
:10A470000022C5F1010C97420ED1C5F101030DF187
:10A4800020094FF0000A01930DF1300B574512D10E
:10A49000601B67E66B70E5E710F8013B190608D50D
:10A4A00004EB0C0EB64503F07F033FF659AE04F8FB
:10A4B000013B0132DFE7B8F1000F03D099F900202A
:10A4C000002A17DB029BD3B11AF80B2004F8012BEA
:10A4D0000022019B98182044B0423FF641AE99F803
:10A4E000000004F8010B00990392204629F000F8BF
:10A4F000039A14440AF1010A09F10109C6E799F81F
:10A50000002055F822300093029B45F82230009835
:10A51000FFF750FA421CDCE76FF00D0022E600BFA7
:10A52000BC520400A45204002DE9F04F97B000AFD4
:10A530008946D7F880B0FA623B62044650B9A84910
:10A54000A8484FF4667222F05CF94FF46671A44893
:10A5500022F04EF9CBF3C00390F802A0BB6141B9E1
:10A56000457800780AEB800020444D4517D8A0EBD1
:10A570000409E378FB61BAF1000F02D01BF0010F70
:10A5800016D1FB6953BBFB6A1BB13A6A49462046A8
:10A5900098474D4628465C37BD46BDE8F08F461CBF
:10A5A0003046FFF707FA0130304409F10109DCE7D2
:10A5B000237862687A62FA6A9900796104EB830110
:10A5C000002A40F001814D460E4601EB0A094FF08A
:10A5D00000084E454CD101EB0A0610E01BF0020FBB
:10A5E000D1D023789A007A6162687A62FA6A04EBC1
:10A5F0008301002A77D14D4601EB0A0690461BF0F5
:10A60000050F0CBF02230123FB62FB6906EB430A23
:10A610000BF00203BB625645BCD016F8021B16F8BD
:10A62000013C54F82390704B994502D36F4B9945E8
:10A6300036D3BB69002B40D0786A22F0A3F80028FB
:10A640003BD0E9468AB06A46694B53617B6AC2E9EE
:10A6500006314FF400731384664B42F8103F66488E
:10A6600000234FF4125101F029FD023DCD46D2E7FF
:10A6700016F8013BF96254F82300FFF79BF9D7F86D
:10A680008430F96A01304BB1D7F8883098453EBF25
:10A69000D7F8843023F8180008F10108054498E73A
:10A6A000BB6923B1786A22F06DF80028C9D11BF08C
:10A6B000010F05D1FB6AED1AADE7BB6A002BAAD0EA
:10A6C0004846FFF777F9D7F8843053B1D7F8883088
:10A6D00098453FBFD7F88420431C22F8183008F172
:10A6E0000108054497E7BAF1000F73D01BF0040688
:10A6F00073D0D046002607F1480052463B61B9624C
:10A7000028F0F6FEB96A3B6901EB0A02BA62FA69FF
:10A71000F9695200FA60BA6A02EB41023A610BF041
:10A720000202BA60BA6A39698A4267D162787A628B
:10A730001BF0020F32440CBF4FEA580100211BF0FE
:10A74000010FD2B240F0DF801BF0040F14BF40466F
:10A750000020BB616270A070E1703A6A7969FB6A9F
:10A7600020469847051EFFF615AFBB6923707B6A2C
:10A770006370FB69E37041463A6AFB6A84F802A0A1
:10A7800007F148009847B0F10008C0F2EA807B6901
:10A790003A6AA9EB0A01C91AFB68C91AD7E90A0380
:10A7A00098470028C0F2DF80A84408EB00054FF06E
:10A7B000000B07F1380AB345C0F0A78000213A6AC0
:10A7C000FB6A08469847E5E656464FF0000807F151
:10A7D000380092E75646D04696E7B04694E700BF69
:10A7E000BC520400A45204004C360400B0B804006B
:10A7F000EA52040004000001FC3A0400BA6A12F8AC
:10A80000021BBA6212F8015C584A54F825009042C3
:10A8100002D3574A904217D3BA693AB1786A7B603B
:10A8200021F0B0FF7B6800287FF47CAFBA68002A73
:10A8300049D00F2E3DD94F494F4840F24C4221F0AC
:10A84000E0FF40F24C4182E6BA693AB1786A7B6037
:10A8500021F098FF7B6800287FF464AF1BF0010FA4
:10A860000AD00F2E25D94349434840F2424221F0F5
:10A87000C8FF40F242416AE61BF0040F3FF452AFBA
:10A88000B8F10F0F08D93B493B4840F2454221F04F
:10A89000B8FF40F245415AE608F1280207F13000BE
:10A8A00008F1010102EB000808F8105C5FFA81F87A
:10A8B00038E706F1280207F13000711C161806F877
:10A8C000205CCEB22EE7B8F10F0F08D929492A48EB
:10A8D00040F24F4221F095FF40F24F4137E608F138
:10A8E000280207F1300C08F10100944407F15802E6
:10A8F00052FA80F008F102080CF8101C5FFA88F890
:10A9000000F8105C0EE7002023E71BF80A3087F8F8
:10A91000373054F82390D7F88430FBB133F81B80DC
:10A920003A6AFB6A012107F13700984700281ADBD1
:10A930000544B8F1000F06D14846FFF73BF800F197
:10A9400001081FFA88F83A6AFB6A41464846984768
:10A95000002808DB05440BF1010B2CE7D7F88480B5
:10A96000DEE7454616E6054614E600BF4C36040011
:10A97000B0B80400BC520400A4520400014B18609B
:10A98000704700BF8C12002080B505460E46174662
:10A9900098461FF02BFE034628F04EFEDFF8189075
:10A9A000044649F80030424630463946A84754F834
:10A9B000090002F0E5FF00BF0800000038B50D46B1
:10A9C00004462022002128F0A1FDEB68E361AB687A
:10A9D000A3612B6823626B6863620022A2622A690A
:10A9E00023B1591E194208BF42F00102226101221F
:10A9F000002104F12C0028F0ABFB40B104490548CC
:10AA00002F2221F0FEFE02482F2121F0F1FE38BD59
:10AA10009E530400A45204002DE9F04F89B0CDE903
:10AA20000123436A00268B42044688460596079612
:10AA3000B24652D300F114074FF0400BEFF31183ED
:10AA400000938BF31288BFF36F8F3846DDF80090C8
:10AA50001FF046FF40B946494648882221F0D1FE02
:10AA60008821434821F0C4FE38461FF05DFF079A55
:10AA70002AB13146204621F0A3FF0023079306A9FF
:10AA8000204621F0CBFE0699414505462ED322688B
:10AA9000236A13F8221021F0030103F8221003EBBC
:10AAA000820A21684246204621F0DCFEE3682060ED
:10AAB000984216D0002538461FF020FF40B389F396
:10AAC0001188BFF36F8F059929B1A2690AB1204699
:10AAD000904700230593002DB0D1504609B0BDE842
:10AAE000F08F236943F008032361E3E718B12046A0
:10AAF00021F0D2FEDFE7DDE9013213432FD00391CD
:10AB000028F09DFB039950BB38461FF0F7FE40B973
:10AB10001749184840F2311221F073FE40F231110A
:10AB20009FE7009B83F31188BFF36F8FDDE901235B
:10AB300004F12C001EF040F80546EFF311898BF369
:10AB40001288BFF36F8F38461FF0CAFE002882D0EC
:10AB50003846B5FA85F51FF0E7FE6D09ABE707ABA0
:10AB600005AA2046266821F0B4FE0546A3E700BFEB
:10AB7000C4530400A45204002DE9F0410446C36903
:10AB800008460D46984704F114060746EFF311886E
:10AB9000402383F31288BFF36F8F30461FF0A0FE6F
:10ABA00040B916491648882221F02BFE8821134807
:10ABB00021F01EFE30461FF0B7FE2B7843F0010354
:10ABC0002B7061683A46204621F04CFE60602046BA
:10ABD00021F011FF30461FF091FE40B907490848A7
:10ABE00040F2311221F00DFE40F23111DFE788F31F
:10ABF0001188BFF36F8FBDE8F08100BFC45304001C
:10AC0000A45204002DE9F843044600F11407EFF3C1
:10AC10001188402383F31288BFF36F8F38461FF0EB
:10AC20005FFE054640B930493048882221F0E9FDF1
:10AC300088212D4821F0DCFD38461FF075FE236980
:10AC4000A26813F0080F02D163689A4200D9636AC0
:10AC50009B1A002B3AD0216A11F8223013F003001E
:10AC600001EB820935D0022803D151F82260B608E1
:10AC700005D1D8071AD4E369484698470646A16823
:10AC80003246204621F0EEFD3146A060204621F0FC
:10AC9000F7FD38461FF032FEE8B91349134840F279
:10ACA000311221F0AEFD40F23111C2E743F0020350
:10ACB00001F822304846E369A568984729460246CC
:10ACC000204621F0CFFD0025A060E2E71D46A94601
:10ACD000DFE70546FBE788F31188BFF36F8F002D90
:10ACE00095D14846BDE8F883C4530400A45204003B
:10ACF0002DE9F0410446C36908460D46984704F122
:10AD000014070646EFF31188402383F31288BFF33C
:10AD10006F8F38461FF0E4FD40B92349234888224D
:10AD200021F06FFD8821204821F062FD38461FF098
:10AD3000FBFD2B786FF300032B7023699B0705D570
:10AD4000E268236A03EB82039D421DD12B786FF3E7
:10AD500041032B70D4E90231994204D13246204696
:10AD600021F080FDA0603146204621F089FD384663
:10AD70001FF0C4FD68B90C490C4840F2311221F0B3
:10AD800040FD40F23111CEE72B6866F39F032B6044
:10AD9000EDE788F31188BFF36F8F04F12C00BDE855
:10ADA000F0411DF0CFBE00BFC4530400A452040004
:10ADB00070B5044600F11405EFF31186402383F3C8
:10ADC0001288BFF36F8F28461FF08AFD40B91649DD
:10ADD0001648882221F015FD8821134821F008FD2E
:10ADE00028461FF0A1FD2369A06813F0080F02D1C7
:10ADF000636898420ED9646A241A28461FF07EFDC3
:10AE000050B90949094840F2311221F0FAFC40F2E8
:10AE10003111E2E71C1AF0E786F31188BFF36F8F58
:10AE2000201E18BF012070BDC4530400A4520400AA
:10AE30002DE9F84F04460846A38B1907164612D48D
:10AE4000022803F0070162D1204621F05AFE88B1A2
:10AE50000138042800F22581DFE810F059002301B1
:10AE60007E00C800F50001280CBF43F0100143F03C
:10AE70002001A18304F114001FF040FD002800F020
:10AE8000AB8086F31188BFF36F8FBDE8F88F03F0B6
:10AE90000702501F01281ED80020062A2768C4E98F
:10AEA000000014D13A4603E0E08B0130E0831268E1
:10AEB000002AF9D123F0070343F00202A2832046BF
:10AEC00021F01FFE90B342F02002A2832EE023F077
:10AED00007039AB2F2E7042A33D123F007039AB2A8
:10AEE000A283204621F00DFE10B142F02002A28381
:10AEF000A38B03F00709894540F0DC80A18BCA06CB
:10AF000040F1218121F01003A38301F00701D4F85F
:10AF10001880A38BB8F1000FB9DA0022276823F05C
:10AF20000703C4E9002243F00103A383A38B03F0CA
:10AF30000709894540F0BF80002FDFD00025AA46D1
:10AF400040E08549854840F21B1221F05AFC40F24E
:10AF50001B11814821F04CFC41B17F497F484FF4DF
:10AF6000AB7221F04EFC4FF4AB71F2E7236843B9AA
:10AF700079497A4840F2571221F043FC40F25711C8
:10AF8000E7E723691D6845B9734974484FF4AD720A
:10AF900021F037FC4FF4AD71DBE7A38B23F00703FF
:10AFA00043F006039BB2A3830F4688464FF0060981
:10AFB000A268002A40F08180002F40F08180002D9F
:10AFC0009CD0BA4643F0080304F1140BA3835846FF
:10AFD0001FF094FC002875D16149604840F231129D
:10AFE00021F00FFC40F231115D48B3E7022908D08F
:10AFF00059495A4840F25D1221F003FC40F25D11BC
:10B00000A7E7E78B47B1544954484FF4AF7221F09A
:10B01000F8FB4FF4AF719CE723695D6845B94E4971
:10B020004E4840F2611221F0ECFB40F2611190E7D2
:10B03000A38B23F0070343F004039BB2A383B8461A
:10B040004FF00409B4E7012908D0434943484FF4BD
:10B05000B27221F0D6FB4FF4B2717AE7236843B99C
:10B060003D493E4840F2651221F0CBFB40F26511AC
:10B070006FE723699D6845B9374938484FF4B47282
:10B0800021F0BFFB4FF4B47163E7A38B23F00703F8
:10B0900043F005039BB20027A383B8464FF0050990
:10B0A00086E72D492D4840F26B1221F0AAFB40F2B1
:10B0B0006B114EE7002700257AE74FF0010A81E780
:10B0C00092467FE786F31188BFF36F8FBAF1000FC6
:10B0D00016D147BB15B123492046A847EFF3118687
:10B0E000402383F31288BFF36F8F58461FF0F8FB9D
:10B0F00008BB1B491948882221F083FB882173E78C
:10B10000A1680029E5D00E680029E2D0D1F804A09A
:10B1100043464A462046D0471EB1336831461E4654
:10B12000F2E73346FAE7394643464A4620463F6847
:10B1300021F013FDCDE758461FF0F6FBA38B23F05B
:10B140000803A383DAE68B067FF594AE21F0200393
:10B15000A38301F0070177E6F1530400A452040031
:10B16000C453040069B10100F8B504460D4600F16E
:10B170001406EFF31187402383F31288BFF36F8F18
:10B1800030461FF0ADFB40B909490A48882221F03A
:10B1900038FB0748882121F02BFB30461FF0C4FB09
:10B1A000A5613A4620460121BDE8F840FFF740BEC0
:10B1B000C4530400A45204002DE9F04704460F468E
:10B1C00021F0BBFC051E5DDB04F11409EFF3118ACD
:10B1D000402383F31288BFF36F8F48461FF080FB34
:10B1E000804638B933493448882221F00AFB882147
:10B1F00030483CE048461FF097FBE38BA68B4FF6A8
:10B20000FF72934206F007063FD0022E10D10133A1
:10B21000E383354648461FF071FB00283BD12549A2
:10B22000254840F2311221F0ECFA40F23111DFE70B
:10B23000062E13D8DFE806F0092C121209040900C3
:10B240006FF085054FF00008E4E700233B6063687A
:10B250007BB9C4E900777EB13546F3E71749164854
:10B260004FF4E47221F0CDFA14484FF4E47121F068
:10B27000BFFA1F606760EEE7524602212046FFF7E3
:10B28000D7FD35462846BDE8F0876FF00A05D9E7B7
:10B290006FF00405D6E78AF31188BFF36F8FB8F11A
:10B2A000000FEFD0002332463946204621F055FCEE
:10B2B000E8E700BFC4530400A4520400F1530400A3
:10B2C00008B54268816002F00302022A03460AD0F0
:10B2D000032A4FF0000103D0012A0AD1596006E089
:10B2E0001868596008BD186800225A6050B90020DB
:10B2F000F8E706490648452221F083FA034845212C
:10B3000021F076FA20F0E4F8F1E700BF16540400CB
:10B31000A45204002DE9F7430F4606460821C06AEF
:10B32000DFF8509021F0EDFC3C68241A80463C6028
:10B3300004EA0905AC4203D8002003B0BDE8F0835D
:10B3400008236A462146304621F062FC0028F4D1E9
:10B350006946304621F0DFFC40B1BDF80230BDF84F
:10B3600004203C6005EA090513441D44A4EB0804CD
:10B37000E0E700BF0000FFFF73B504460821C06A84
:10B38000124E21F0BEFC4FF6FF726368ADF800204C
:10B390008DF80620A289191833401344181A002585
:10B3A00060606846ADF80210ADF8045021F0A0FCD2
:10B3B0006946204621F06FFD2046211D21F061FCE9
:10B3C000636828463340A36002B070BD0000FFFFF1
:10B3D0002DE9F04704468CB000F11407384627F0F9
:10B3E0007EFEA06A8368DB689847E06250B9894AAC
:10B3F0008948012121F052FC6FF0150528460CB058
:10B40000BDE8F087A06A8368DB6898470368013B62
:10B410001F2B01D9814AEBE7A06A216809AA27F00E
:10B4200062FA08B17E4AE3E7A5892DB10A9BB5FB14
:10B43000F3F203FB12550DB17A4AD9E7E389012BE8
:10B4400001D8794AD4E7E36A039593F805904FF061
:10B45000FF334FF0FF3238461DF06AF9E06A0821E9
:10B4600021F04FFCA8460646E3891FFA85FA5345AA
:10B470001BD8E389434500F0428153450BD1039922
:10B4800008234A46891B204621F0D0FB18B903A99E
:10B49000204621F0F6FB03A92046FFF73BFF0546B7
:10B4A00008B338461DF0FAF9A8E7A1892B04891BD7
:10B4B00013FA81F14A4608232046039121F0B6FB96
:10B4C00078B103A9204621F0DCFB08F101080399BB
:10B4D00008234A4620461FFA88F821F0A7FB0028D7
:10B4E000C7D00135C0E7039B63604FEA13484FEABA
:10B4F0000848C4F80880D4E9011399420FD30823FF
:10B5000005AA204621F084FB05460028C9D105ABD9
:10B5100013F8012B914546D10135082DF8D1636808
:10B520001B0C1B0403A92046039321F0AAFBA3894B
:10B5300003994A46204621F079FB051EB1DB63687A
:10B5400000F0868006EB03084FF6FF79A389CDF85B
:10B550000C801FFA88F29B1B9A4240D3334A2E4834
:10B56000032121F09BFB6168204621F099FB0546F1
:10B57000002896D163682E4AA18913400B44A3EB9F
:10B5800046031A40A260636004F12C0204F50B71BB
:10B5900042F8043F9142FBD1204621F0B0FC054621
:10B5A000002D71D07DE705A9204621F0B4FB62682B
:10B5B00010B9921B62609EE7BDF81850BDF81610D6
:10B5C000E06AC4F80880294421F09BFB4044904283
:10B5D000A060EED1002DECD06FF01C058AE00823AE
:10B5E00007AA4146204621F013FB054600287FF4B8
:10B5F00058AF07A9204621F08EFB40B1BDF81C30A2
:10B600004B4504D1BDF82030002B00F09C80B044A5
:10B610009CE700BF505404003C3B040072540400FB
:10B620008F540400A7540400BB5404002D5504009B
:10B630000000FFFF5B1A4A46204621F0F7FA051E7C
:10B64000FFF62FAF08D0E26AA36812681344A36024
:10B65000D4E901318B42EDD86168A38901EB460240
:10B660009A429DD1DFF80481A26801EA08039A4258
:10B6700096D0204621F014FB054600287FF411AF38
:10B68000636803EA0803A3604FF40072FF2104F12A
:10B69000300027F03BFF636804934FF6FF7807AA5A
:10B6A00004A92046DDF8109021F072FB0546002821
:10B6B0007FF4F7AEBDF81C0040450DD021F08BFAA9
:10B6C00004EB80052B6B013306D107A9204621F03E
:10B6D00022FB08B1C5F830906368049A9342DED12A
:10B6E000A2899BB2A2EB460293420BD1204621F0E5
:10B6F000EFFB054638461DF0D1F835B17EE66FF018
:10B700002C05CEE638461DF0C9F801232374A28922
:10B71000E389174800920321164A21F080FD6368EF
:10B720009AB200921248144A1B0C032121F077FDB3
:10B73000A3689AB200920E48104A1B0C032121F014
:10B740006EFD00255AE60E4A0948032121F0A6FAAB
:10B7500063681B0C1B0403A92046039321F091FA94
:10B760000399204621F09CFA19E700BF0000FFFF73
:10B770003C3B0400DE540400F5540400075504006B
:10B78000185504002DE9F04F1D4691B0037C01923D
:10B7900004460F4653B9704A7048012121F07EFAE1
:10B7A0006FF00C02104611B0BDE8F08FC26A08219C
:10B7B000104621F0A6FA29460290104621F0A1FA7F
:10B7C000A389029AA3EB8203AB420646C0F0C08075
:10B7D00055B9384621F0FFF90C3054F82030059364
:10B7E00001334DD10022DDE7019B002B00F0B0803A
:10B7F000384621F0F0F90C3054F82030059301332D
:10B800003ED1002E40F08E8004F1140A4FF0FF323A
:10B810004FF0FF3350461CF08BFF4FF00009E389D7
:10B82000994500F09280A168626873189A427DD3AE
:10B83000FF23019A8DF8263020462B46ADF82210C2
:10B84000ADF82070ADF8245021F0ECFA29460246FC
:10B85000E06A21F056FAA3680344A36052B908A82D
:10B8600021F046FA08A9204621F015FB002814BF54
:10B8700002462A46019250461DF010F8019A91E7BF
:10B8800006AA05A92046DDF814A021F081FA024697
:10B89000002887D1BDF81830BB4206D06268059BEE
:10B8A0009A42EDD1002DACD19CE706A9204621F0AB
:10B8B00032FA0028F2D0BDF81A90BDF81C3055B30A
:10B8C0009D429ED1E36ADDF804B01B684FEA1A4A34
:10B8D0005B424FEA0A4A03F02003D1440393AA468D
:10B8E000DDF80C80D04528BFD04608AA434649461B
:10B8F000204621F08DF9021E11D1424608A9584672
:10B9000027F00CFE00287FF47CAFBAEB080AC14494
:10B91000C344E5D166E7002B7FF473AF62E73FF7DE
:10B9200070AF3FE7029B1E44B6B26DE72046FFF7BB
:10B9300023FD024600289DD1204621F0E0FA024670
:10B94000002897D109F1010969E76FF01B0291E71F
:10B950006FF0150226E700BF3C5404003C3B040096
:10B960002DE9FF471F46037CBDF8309004460E4684
:10B9700090464BB93048314A012121F08FF96FF0E0
:10B980000C0004B0BDE8F087C06A082121F0B9F9C5
:10B99000A389A3EB4003BB424AD3304621F01BF9F5
:10B9A0000C3054F820A0CDF804A0BAF1FF3F1AD112
:10B9B0006FF00100E5E702AA01A9204621F0E8F9AD
:10B9C0000028DED1BDF80830B34206D102A92046D6
:10B9D00021F0A1F908B10135ADB26268019B9A422C
:10B9E00002D1514608E000254D455146DDF804A03E
:10B9F000E1D96368534503D1BDF80830B342D7D1CC
:10BA0000BDF80C30002BD3D0A945D1D8BDF80A0021
:10BA1000090CBB424FEA014128BF3B460144424664
:10BA2000204621F0F5F80028ABD1BDF80C00A8E7BE
:10BA30006FF01500A5E700BF3C3B04003C54040038
:10BA400030B51049104889B0002227F0ABFC0F4DEB
:10BA50000F4900220023CDE9062300240E23CDE95F
:10BA60000334CDE901440B4B00944FF400622846A7
:10BA70001DF006FF0849284627F0E7FB204609B0DD
:10BA800030BD00BFC9BB010060320020D82D0020AE
:10BA9000406900209DBE01005B5504002DE9F04780
:10BAA000DFF85880044607464FF0010914B93846BC
:10BAB000BDE8F08794FAA4F5B5FA85F509FA05F31F
:10BAC0002E0108EB05156FEA030A24EA03042B7B19
:10BAD000002BEBD058F806301B694BB946440422C2
:10BAE00073682846196807EA0A0700F0C3FADDE719
:10BAF000284698470028D9D1F0E700BF9C3B0400B6
:10BB00002DE9F047DFF8AC902B4CA9EB04038F2B09
:10BB100080460F460AD92949294840F23F1220F0B1
:10BB200070FE40F23F11254820F062FE254821F0CA
:10BB3000DDFA064640B300252846BDE8F087237BA2
:10BB40006BB12368DB680BB12046984723681B69FB
:10BB500093B9636804221968204600F08BFA013615
:10BB600010344C4514D9154915484FF4A67220F0ED
:10BB700048FE4FF4A671D6E7204698470028E8D043
:10BB80000AFA06F31D43EAE705464FF0010AE8E723
:10BB9000D5D3B8F1000FCFD0002DCCD02846FFF779
:10BBA0007DFF0546002FF7D000214FF4A4701EF052
:10BBB000EFFCF1E7BC3B04009C3B04006355040030
:10BBC000A45204004854002001481CF0BBBF00BF31
:10BBD0003C1A0020014B53F82000704774420400C7
:10BBE00008B5034608462BB1044A136000F074FD03
:10BBF000002008BD6FF01500FBE700BF9012002089
:10BC000010B5044C237813B903481CF09BFF0123A3
:10BC1000237010BD8B6400203C1A002010B5044630
:10BC20000B4821F063FA5CB1BFF35B8F094B53E81B
:10BC3000001F013943E80012002AF8D1BFF35B8FDF
:10BC4000054827F0BBFB0548BDE810401CF07ABF53
:10BC50004054002044540020603200203C1A002050
:10BC60000020064BBFF35B8F014653E8000F43E80B
:10BC70000012002AF9D1BFF35B8F704740540020B7
:10BC800070B5FFF7EDFF0E4C0E4E0546B44215D9C8
:10BC90000D490E4840F2FF1220F0B3FD0A4840F271
:10BCA000FF1120F0A5FD63685B792BB123685B6809
:10BCB00013B12946204698471034E7E7F3D370BD07
:10BCC0009C3B0400BC3B040063550400A4520400E8
:10BCD00010B5044C04492046FEF770FE034B1C606F
:10BCE00010BD00BFB8180020604204003854002086
:10BCF000084A094808B500231370084A1360084A27
:10BD00004FF400411360FFF76BFFBDE80840FFF7F9
:10BD1000DFBF00BF8C640020E9D003004054002046
:10BD2000445400200146002201480023FEF774BE5F
:10BD3000B81800200148FEF765BF00BFB818002002
:10BD4000024B01461868FEF7D3BF00BF38540020ED
:10BD50000148FFF72DB800BFB818002070B52E4B72
:10BD60001878002857D0FFF7E5FF054640B3BFF32A
:10BD70005B8F2A4B53E8001F013943E80012002A69
:10BD8000F8D1BFF35B8F264C264EB44214D9264916
:10BD9000264840F2F31220F034FD234840F2F3111C
:10BDA00020F026FD63685B7923B1236829461B6870
:10BDB000204698471034E8E7F4D32846FFF7C0FF41
:10BDC0001B4B1C4C1B68002B19DD27F0A4FA4FF409
:10BDD0007A72A0FB020302FB0131C30BD4E90020FD
:10BDE00043EA41439B1A4FEAD13140F2E93261EB19
:10BDF0000001934271F1000101D3FFF741FFD4E943
:10BE0000003213F57A7342F10002C4E90032BDE852
:10BE10007040FFF79DBF70BD8B640020445400202C
:10BE20009C3B0400BC3B040063550400A452040086
:10BE3000405400205832002070B5134D297809BBBA
:10BE40000120FFF75DFE114C114EB44213D9114988
:10BE500011484FF4DC7220F0D4FC0E484FF4DC7132
:10BE600020F0C6FC63685B791BB1236820469B68A1
:10BE700098471034E9E7F5D3FFF770FF0028FBD1AE
:10BE800001232B7070BD00BF8C6400209C3B04001C
:10BE9000BC3B040063550400A45204002DE9F047A4
:10BEA0002D4B2E4FFB1A1B090AD12D492D4840F26C
:10BEB000923220F0A6FC40F29231294820F098FC02
:10BEC00000210846FFF71CFE044650B340F26768A5
:10BED0004FF0000927F0B0FB234B244A1B58136096
:10BEE00033B1234B1B68092B02DD22481CF02AFECC
:10BEF000DFF880A0002544B12046FFF7CFFD0446BF
:10BF000018B94FF0FF384FF0FF39FFF727FF06460B
:10BF100028B95DB942464B4650461CF04DFE3546A9
:10BF2000E9E74FF0FF384FF0FF39D3E70A4D08E05B
:10BF3000F0D22B689B691BB1002211462846984716
:10BF40001035BD42F4D90649064840F2863220F049
:10BF500058FC40F28631B0E79C3B0400BC3B040037
:10BF600063550400A4520400080000003C54002063
:10BF7000445400203C1A002013B5264821F0B6F89E
:10BF8000254B1B785BB3EFF31184402383F31288B6
:10BF9000BFF36F8F21481EF0A3FC40B92049214810
:10BFA000882220F02EFC88211D4820F021FC1B480F
:10BFB0001EF0BAFCFFF7D2FE18481EF09FFC40B9F5
:10BFC0001749184840F2311220F01BFC40F23111A1
:10BFD000EAE784F31188BFF36F8F02B010BD124BF4
:10BFE0001B68002BF9D050B900220023CDE90023B3
:10BFF0000E484FF4004200231EF0C0FFEDE7092871
:10C00000EBD10A4827F0DAF9094802B0BDE8104040
:10C010001CF098BD445400208C640020345400204F
:10C02000C4530400A45204003C5400206032002099
:10C030003C1A002010B5064B1B6804469847214661
:10C04000A0600448FEF798FDBDE81040FFF794BFDC
:10C0500090120020B8180020044A054B9B1AB1EB3F
:10C06000D30F34BF52F831000020704794390400D8
:10C070009C3B04000E4BC31A1B11013310B5DBB2FD
:10C0800040B90C490C48DF2220F0BBFB0948DF21F6
:10C0900020F0AEFB4468237143689A7143681960CD
:10C0A000436801225A71BDE81040FFF7A9BD00BFE7
:10C0B0009C3B0400C1550400A45204002DE9F04F3C
:10C0C0008FB004AFC1F34A28B8600D4691467B603B
:10C0D0000C0DB8F1000F67D0002607F114034FF0E4
:10C0E000040B4FF00A0AC7F80C80C7E907667E62A6
:10C0F0000193CDF808B0CDF800A007F11C03F96852
:10C1000032464846FEF710FAB0F5006F03461CD3DE
:10C110006C468AB0D9F8041004AB2C48C3E9050179
:10C1200040F2FF71D9611A464FF400711984284B0F
:10C1300042F8103F274833464FF41251FFF7BEFF35
:10C14000A5462C37BD46BDE8F08FC0F30A0804F1C0
:10C150001700184420F0070080083B60FFF7E2FD5D
:10C1600068F35325044638B33B681B4AC7E90836D1
:10C1700000F1100107F11403F961CDE900A3CDF836
:10C1800008B0F96807F11C034846FEF7CDF900280E
:10C1900012DA124912484FF4A37220F032FB0F4812
:10C1A0004FF4A37120F024FB04F1170020F00700E6
:10C1B0008008FFF7B7FD044668F353257B68B9682C
:10C1C0002A46204620F0C8FFBBE700BF0256040005
:10C1D00004000001443B04002DD10300415604003B
:10C1E000A45204002DE9F04F87B0DDE91279DDE9B2
:10C1F000106A04460391934698461FB3CDF8009009
:10C200003B46524610210020CDF81490FDF790FFD8
:10C21000051E0ADA2549264840F2651220F0F1FA97
:10C2200040F26511214820F0E3FAB5F5006F0ADB12
:10C23000204A214840F2FF73022107B0BDE8F04FC9
:10C2400020F0E3BF3D4606F11700284420F0070028
:10C2500004F007048008FFF765FD0BF0070BE4000E
:10C2600044EA8B1444EA452444EA0654064698B14D
:10C2700097B1CDF800903B46524629461030FDF765
:10C2800057FF002808DA0949094840F2851220F0D2
:10C29000B8FA40F28511C5E7039943462246304675
:10C2A00007B0BDE8F04F20F057BF00BF4156040073
:10C2B000A45204006D560400443B0400406820B1C1
:10C2C000034BC01A40F3CF0070474FF0FF30704768
:10C2D000943904000EB403B503AB014653F8042BA4
:10C2E0000448019301F096FE02B05DF804EB03B040
:10C2F000704700BF15C30100CA0605D48B064CBFAA
:10C3000002490349FFF7E6BF704700BFA656040085
:10C31000A556040038B54B681A68CB689A420546A2
:10C320000C4602D1084620F094FF6368BFF35B8F90
:10C3300053E8002F511C43E800100028F8D1BFF348
:10C340005B8FA3689D5463681A68E3689A4208D9B2
:10C35000054906487B2220F054FA03487B2120F04F
:10C3600047FA002038BD00BFA8560400A4520400BC
:10C370002DE9F04F89B09B46149B06939DF84CA085
:10C38000159B0593169B179E049304460D469046F5
:10C39000BAF1000F00F0AC80BAF1040F0AD9A2493B
:10C3A000A24840F24D2220F02CFA40F24D219E4846
:10C3B00020F01EFA06F48073079320F0B5FE06F015
:10C3C0000209024600283FD099492046FFF782FF24
:10C3D0000746B9F1000F08D016F0440F36D1954941
:10C3E0002A462046FFF776FF074406F0010353B1C3
:10C3F000914B924953F82A20914B2046002A08BFBE
:10C400001A46FFF767FF06F48073002B4AD006F048
:10C410000803002B64D1B8F1000F67D08949424668
:10C420002046FFF757FF0546069B3D44002B6ED183
:10C43000049B002B40F08280F30700F1EF8031462F
:10C440002046FFF759FFE3E00746C2E77E4B186836
:10C450000028C9D07D4B4FF47A791B68B5FBF3F502
:10C460004FF46161B5FBF0F300FB135509FB05F5D3
:10C470004FF03C0CB3FBF1F201FB1231B5FBF0FEC7
:10C48000B1FBFCF300FB1E550CFB131109FB05F57A
:10C490000091B5FBF0F56E49CDE901E52046FFF7C7
:10C4A00019FFA1E706F00803EBB16A4B6A4953F89C
:10C4B0002A202046FFF70EFF0546B8F1000F05D0F1
:10C4C000604942462046FFF705FF0544BBF1000FD7
:10C4D000AAD062495A462046FFF7FCFE0544A3E76E
:10C4E0004FF0000BE1E706F00805E6E745469BE75D
:10C4F000BBF1010F069B06D1D3B9049B002B00F0C2
:10C50000878000251AE0002BF7D0554811E05548E8
:10C51000069B5549224620F004F900280BDA4249CF
:10C52000424840F2A72220F06CF940F2A7213EE7F2
:10C530004C485546ECE7049B002B65D0DFF82C8176
:10C54000DFF82C91049F3146102F204628BF10277A
:10C55000FFF7D2FE4FF0000B5D4542DC059B4946DC
:10C560001A782046FFF7B6FE4FF0010B1BF0070FBD
:10C5700003D141462046FFF7ADFE5F4538D9059B04
:10C58000494613F80B202046FFF7A4FE0BF1010BE0
:10C59000BBF1100FEAD1374920464FF0000BFFF7EF
:10C5A00099FE5A46059B9A5CA2F120015F2928BF9B
:10C5B0002E2231492046FFF78DFE0BF1010BBBF116
:10C5C000100F1AD01BF0070F03D141462046FFF78A
:10C5D00081FE5F455A46E5D841462046FFF77AFE80
:10C5E000EBE741462046FFF775FE0BF1010BB3E781
:10C5F00022492046FFF76EFEC8E7059B3B440593A2
:10C60000049BDB1B04939DD1BAF1000F7FF414AFA0
:10C61000204609B0BDE8F04F20F01BBE084A07498C
:10C620002046FFF757FE0AE7A8560400A45204006C
:10C63000DC560400E0560400844204003BA40400DD
:10C64000D756040005570400505400204C540020D5
:10C65000E956040098420400095704000F570400EB
:10C660006DD2030015C3010015E001001C57040042
:10C67000145704001E570400205704001A570400E2
:10C6800073B542F20F738B4228BF0B4605680F4A01
:10C690000446052168461FF0FBFA63680C495B6895
:10C6A00006460B22284620F0C6FD636832466946DE
:10C6B00028465B6820F0BFFD636806495B681B2263
:10C6C000284620F0B8FD02B070BD00BF149B0400E6
:10C6D0003F57040023570400074A002101239042DA
:10C6E00006D8064A01B901231360054B186070474C
:10C6F00040085B000121F2E740420F004C5400204B
:10C7000050540020014B01221A7070478D640020A4
:10C71000014B002019607047685400200148FFF762
:10C72000AFBF00BFC842040010B5064B18680C46E6
:10C73000FFF750FA21460346BDE8104002480F2299
:10C74000184700BF68540020C8420400F8B5094DDE
:10C75000094B0A4ED5E9004701221A700CB92C602A
:10C76000F8BD214630463A4600F01EF8241A064429
:10C77000F4E700BF5C5400208E6400208F6400202A
:10C7800010B9074B18707047064B1B781BB141F26C
:10C79000883026F04EBCA42000211DF0F9BE00BF59
:10C7A0008D6400208E6400202DE9F843DFF874903A
:10C7B0001D4F80460E46042499F8005095B91BF091
:10C7C000C7FB2846324641461BF074FB05461BF06A
:10C7D000C9FBE5B101233B7099F8003073B93046CD
:10C7E000BDE8F8833246414600201BF063FB054656
:10C7F000EFE72046FFF7C4FF651E2C4600201BF024
:10C800009DFB0028EBD03B78002BF2D1E7E73B788B
:10C81000002BE4D0013C2046FFF7B2FF3B78002B11
:10C82000CAD1DCE78E6400208D640020F8B5074F84
:10C830000D4604464618B44201D12846F8BD14F806
:10C84000011BBB6801485B689847F4E76037040048
:10C8500010B543681C68084826F0EFFB40B907494B
:10C86000074899221FF0CDFF044899211FF0C0FF0F
:10C8700023685B685C6010BD603704007B57040070
:10C88000A4520400014B0360002070470C430400D5
:10C8900070B5114B1C680D46DCB1104B19680023B4
:10C8A0008B4202DB6FF0010070BD224612F8106B64
:10C8B000864202D001331446F2E7E06810B96FF007
:10C8C0001200F1E726F0B9FB0028F8D02C60002018
:10C8D000EAE76FF00C00E7E7B01200200C43040019
:10C8E00070B588B005460C46C0B269461646FFF7DB
:10C8F000CFFF00281BDB0098C8B143680293836810
:10C9000022680195CDE903360023CDE9062305937E
:10C91000C56820F021FD6DB12846084901AA25F01F
:10C92000E6FF079808B9059B236008B070BD6FF05B
:10C930001500FAE76FF01200F7E700BF5BD30300C2
:10C940002DE9F0410F4B1C6805460E461746ACB169
:10C950004FF0FF324FF0FF330B481BF0E9FE6368E6
:10C960003246D3F8088029463B462046C047044655
:10C9700005481BF093FF2046BDE8F0816FF00104ED
:10C98000F9E700BF98540020281A00200023036014
:10C99000044B5A6812B9C3E9000070471060586030
:10C9A000704700BF9C540020014B1860704700BFC7
:10C9B0009854002030B585B000230546CDE90233F8
:10C9C00001904FF0FF330C484FF0FF321BF0B0FEE8
:10C9D0000A4B1C684CB9284600F0EEF8044606489D
:10C9E0001BF05CFF204605B030BD636820461B6825
:10C9F00001A998472468EDE7281A00209C540020DC
:10CA00001FB5CDE9010103924FF0FF330A484FF003
:10CA1000FF321BF08DFE094B1C682CB906481BF039
:10CA20003DFF204604B010BD636820461B6801A985
:10CA300098472468F1E700BF281A00209C54002082
:10CA4000024B0022C3E90022704700BF9C54002023
:10CA5000024B0022C3E90022FFF7F2BFA4540020DA
:10CA60002DE9F74307460C4609B100230B60244D1E
:10CA7000DFF8909000264D4520D923492348942281
:10CA80001FF0BFFE204894211FF0B2FED5F80080B1
:10CA900001AA4146384620F089FC50B116B954B974
:10CAA0002E4606E031680022404620F07FFC002838
:10CAB000F5D11435DFE7019B2360F1E7E6D3144B92
:10CAC0001D68C5B155F8148C01AA41463846143D7D
:10CAD00020F06CFC50B116B954B92E4606E031680E
:10CAE0000022404620F062FC0028F5D16D69E8E79D
:10CAF000019B2360F1E7304603B0BDE8F08300BF3F
:10CB0000BC3B0400243D0400D3570400A45204009D
:10CB1000A45400202DE9F04784B002AF0446D7F8B2
:10CB2000289078600D4616469846B9F1000F07D058
:10CB3000D9F8001031BBD9F804A0BAF1000F28D100
:10CB4000391D2046FFF78CFF08B3D0F808907868AD
:10CB5000434632462946C847C8B16D468AB002AA44
:10CB6000124BD061C2E905344FF400731384104BAB
:10CB700042F8103F0F4800234FF41151FFF79EFA7F
:10CB8000AD4604E03A1D20F011FC0028D3D100206E
:10CB900007E0D9F8083000937868434632462946C2
:10CBA000D0470837BD46BDE8F08700BF05580400F0
:10CBB00004000001843B0400F8B51D4C1D4F0646DF
:10CBC0000025BC421BD91C491C48F4221FF019FE49
:10CBD0001948F4211FF00CFE2EB9E3685BB9284612
:10CBE00014340546EDE720680022314620F0DEFBD4
:10CBF0000028F2D1F3E79847002DF0D1F0E7EBD30E
:10CC00000F4B1C6894B1143C1EB9E3684BB96469BE
:10CC1000F8E720680022314620F0C8FB0028F4D154
:10CC2000F5E79847002D08BF0546F0E72846F8BD10
:10CC3000BC3B0400243D0400D3570400A45204006C
:10CC4000A454002038B50C4D0C484FF0FF334FF082
:10CC5000FF321BF06DFD2B783BB9FFF7F9FE00F0BA
:10CC60007FF8044610B901232B70002403481BF001
:10CC700015FE204638BD00BFA0640020281A002001
:10CC80002DE9F04FB0F838420027013499B005463D
:10CC90008B4680F84474A4B200F10808661EB6B250
:10CCA000B6F5004F08D1012385F84434A5F8427445
:10CCB000002019B0BDE8F08F4A2305AA314640464E
:10CCC00020F0F9F904F57F543F34A4B281460123E2
:10CCD0000DF10B022146404620F0EDF9B9F1000FAD
:10CCE000824612DC002812DCB5F83832B3420AD191
:10CCF000731EA5F8383205F50E7202234FF4004179
:10CD00004046FEF73FFD3446C8E7002808DC3146C0
:10CD1000404620F0CCF92146404620F0C8F9E3E730
:10CD200009F160030DEB03093246002305A92846EB
:10CD300009F84C3CCDF80C80ADF81040013720F0DC
:10CD400079FB064ACDF800B003AB514605A8BFB247
:10CD5000FFF7E0FE0028D6D0ABE700BF1DD40300EC
:10CD60007FB50125694628460195FFF791FD0446E8
:10CD700068BB02AA01A92846FFF7B2FD044610B11C
:10CD800010F10C0F23D10399B1F5803F24D2009A02
:10CD9000002394681846084484421BD30133082BAF
:10CDA000F9D10F4DA982EB825368AB602846D36856
:10CDB000C5F83C3220F054FC044640B9094E6E6080
:10CDC0002846FFF7E3FD28466E60FFF7EDFD20469D
:10CDD00004B070BD9BB2E4E76FF02004F7E700BF3A
:10CDE000AC5400209C12002008B505481FF0F3FC4D
:10CDF00004481FF0F0FCBDE8084003481FF0EBBCFE
:10CE00002A5804006158040094580400014B186823
:10CE1000704700BFB4120020F0B5082289B020F09E
:10CE200005FECB6A03930B6B04934B6B05938B6BE3
:10CE30000693CB6B079313466A460C4606460027BB
:10CE400011461046CDE90177009720F002FD3146EA
:10CE50000546304620F0FDFC216B0391616B049187
:10CE6000A16B0591E16B0544CDE90617104611460B
:10CE700020F0EFFC31460544304620F0EAFC054442
:10CE8000206A0090606A0190A06A0290A06B0690F0
:10CE9000E06B07903046CDE90477039720F0D9FC8A
:10CEA0000544606A0090A06AD4F838C00190E06A36
:10CEB0000290CDF810C0606BD4F83CC00390CDE96F
:10CEC00005C0206A0790304620F0C3FC0544E06AA4
:10CED0000090206B0190606B0290206A0690A06A1F
:10CEE00007903046CDE90477039720F0D2FD236BFD
:10CEF0000093636B0193A36B0293E36B0393636AE9
:10CF00000693E36A07932D1A0823304620F0C1FDEB
:10CF1000636B0093A36B0193E36B0293236A039308
:10CF2000636A0493A36ACDE90537236B07932D1A2F
:10CF30000823304620F0ADFDA36B0093E36BCDE9F1
:10CF40000137636A0393A36A0493E36A0593636BEF
:10CF500007932D1A0823304620F09BFD2D1A10D47C
:10CF60000D4C35B908223146204620F06BFD0128D2
:10CF70000FD0082322463146304620F08AFD2D1A74
:10CF8000EFE7054A08233146304620F062FC2D18B1
:10CF9000F8D409B0F0BD00BF344304000449431E77
:10CFA0000F3013F8012F8A5C1A708342F9D1704751
:10CFB000C2580400F0B5264E07460C460FCE8DB081
:10CFC00001AD0FC50FCE0FC596E8070085E8070035
:10CFD0003846002F38D0002C38D0381F2146024662
:10CFE00010344B780D781B0443EA0563CD782B434E
:10CFF0008D78043143EA05238C4242F8043FF0D196
:10D00000144C04218A07036916D1C3F30742A55CB7
:10D010001A0EA25C42EA0562C3F30725DBB2655D26
:10D02000E35C42EA054242EA032221F00303303383
:10D030006B4453F82C3C534050F8042F01315340BB
:10D040002C290361DED101200DB0F0BD2046FBE7A5
:10D05000303D0400C25804002DE9F04F9DB0036834
:10D0600002934368039383680493C3680593036939
:10D0700006934369079383690893C3690993DDE9BC
:10D08000062CDDE904BEDDE902469846DFF890A1F2
:10D09000089B00930027CD595AF8049B0CAB2DBA7E
:10D0A000DD514FEAF223A94483EAB213009D83EADB
:10D0B00072634B4425EA020502EA0C0985EA090578
:10D0C0002B44434486EA0B054FEA743888EAB408D7
:10D0D000254006EA0B0985EA090588EAB4580437B1
:10D0E000A844402F03EB0E054344DE46DDF80080E4
:10D0F00040F087804B490A914FF0100A51460AF1DF
:10D10000010A0DF1700E0AF00F070EEB870701F010
:10D110000F0957F8407C01974FEAB74888EAF7189B
:10D1200001F10E0707F00F070EEB8707093157F8DB
:10D13000407C4FEAF74E8EEA774ECDF82CE001F0B6
:10D140000F010DF1700E0EEB81010EEB890951F804
:10D15000401C59F840EC7144DDF804E088EADE0830
:10D16000DDF82CE041448EEA972E714405EA02086E
:10D170004FEAF52E2CEA050787EA08078EEAB51E66
:10D18000DDF8288049F8401C8EEA756E774458F81F
:10D1900004EFCDF8288077440F440099CDF800C003
:10D1A00039444FEA733E84EA06078EEAB30E1F4005
:10D1B00004EA06088EEAB35E87EA08077744BAF104
:10D1C000400F01EB0B0E0F44B34622D102993944B4
:10D1D000016003991944049B416023448360059BCB
:10D1E0003344C360069B73440361079B2B44436134
:10D1F000089B13448361099B6344C3611DB0BDE870
:10D20000F08FCDF800C0B346944626462A461C4609
:10D2100041E7944626462A461C4675463B466DE73E
:10D22000E04304001C44040010B50446C8B1702259
:10D23000002120F059FA0B4B0B4A0C490C48C4E969
:10D2400000230C4BC4E902130B4BC4E904030B4B42
:10D25000A36103F17453A3F52303A3F69243E3619F
:10D26000012010BD85AE67BB67E6096A72F36E3CAC
:10D270007F520E513AF54FA58C68059BABD9831FA1
:10D280002DE9F047064600AF0C46002936D0E946A6
:10D290008AB0D1E90012A3686D462148A8464FF034
:10D2A000050AC5E90501C5E9072348F810AF1D487F
:10D2B000424600234FF42151FEF700FFCD46D4E94A
:10D2C00003126369AD461848C5F810A0C5E9050109
:10D2D000C5E907231348002342464FF42151FEF7C6
:10D2E000EDFECD46E369114A0E4801211FF08DFF86
:10D2F000A3690F4A0B4801211FF087FF012E07D1B8
:10D30000EFF305830B4A0748103B31461FF07DFFC2
:10D31000214630461AF046FEBD46BDE8F08700BF04
:10D32000C25904007C3B0400F1590400205A040057
:10D330002F5A04005D5A040030BFFFF7FDBF00BF45
:10D340002DE9F0410B4EDFF8308006EB0807CC1BCF
:10D35000054632460949204626F0CAF8A019424639
:10D360000021083C26F0D2F86C6707F10800BDE800
:10D37000F08100BF0000000008000000243D040010
:10D38000074A936893F90E10002907DB526993420C
:10D390001FBF044A536843F080535360704700BF77
:10D3A0006C63002000ED00E070B5294C06460D4688
:10D3B0002848294921F0B8FBA36AD9043CD525485F
:10D3C000264921F0B1FB1720A36A1A0504D521488C
:10D3D000234921F0A9FB18201D4CA36A9B0512D5F7
:10D3E0001C48204921F0A0FBA36BA26A100409D5B8
:10D3F0001D4A184801211FF008FF1EB1A36A23F43B
:10D400000043A3621920124CA36A590504D51148A0
:10D41000164921F089FB1A20A36ADA050ED50D48BA
:10D42000134921F081FB1B20094A936A43F47F438F
:10D43000936200232B7070BD1620C5E7A36A9B047E
:10D44000F2D504480B4921F06FFB1C20ECE700BF2C
:10D4500000ED00E07C3B0400705A0400865A040092
:10D46000975A0400AA5A0400C35A0400D85A040068
:10D47000F35A04000B5B040010B5204C20492148EE
:10D4800021F052FBA36A990136D51E481E4921F0AE
:10D490004BFB1E20A36ADA0104D51A481B4921F070
:10D4A00043FB1F20154CA36A1B0304D515481849DC
:10D4B00021F03AFB2120A36A590304D511481549EC
:10D4C00021F032FB22200D4CA36A9A0304D50D48AB
:10D4D000114921F029FB2320A36ADB0304D5094865
:10D4E0000E4921F021FB2420044A936A6FEA03438A
:10D4F0006FEA1343936210BD1D20CBE700ED00E0FF
:10D500003A5B04007C3B0400525B0400655B040052
:10D510007F5B04009D5B0400C25B0400DC5B0400D5
:10D520002DE9F8433D4D804689463D483D49174623
:10D5300021F0FAFAAB6ADA0627D53B49384821F0E0
:10D54000F3FA1124AB6A1B0704D53849344821F09B
:10D55000EBFA1224314DAB6A9E0718D53449304896
:10D5600021F0E2FA6E6BAB6A1C0646D5314A2C48B4
:10D57000334601211FF049FEB9F1000F03D0AB6A19
:10D5800023F08003AB62132403E01024DAE76FF08A
:10D590001506224DAB6AD80704D52749204821F04B
:10D5A000C3FA1424AB6A990604D524491C4821F017
:10D5B000BBFA1524194DAB6ADA0602D4AB6A9B0795
:10D5C0000AD56B68180507D54146304600F0E6FAE3
:10D5D000B0B180F309880224104B9A6A920642BFC8
:10D5E0005A6A22F400525A629A6A42F0FF029A6220
:10D5F00000233B702046BDE8F8836FF01506C2E7B4
:10D60000AB6AD906E8D50E490E4840F25D121FF00C
:10D61000F8F80B4840F25D111FF0EAF800ED00E069
:10D620007C3B0400075C04001D5C0400975A040066
:10D63000505C0400685C04007E5C04000B5B04002A
:10D640009D5C0400A4520400F0B5734B8BB00446FB
:10D65000586800AFC0F30803002686F31188BFF3B3
:10D660006F8F02F07F45B5F17F4F07D102F00C05B7
:10D67000082D0ED169496A4821F056FA69496A486D
:10D680004FF48B621FF0BDF84FF48B6165481FF0BB
:10D69000AFF815074CBF0C460126002CEED0002237
:10D6A000FA71DA1E092A00F29680DFE802F0058C92
:10D6B0008F779494949494925C495948564D21F0F4
:10D6C00033FA0023FB71EB6A9A0705D55849544891
:10D6D00021F02AFA002329E0EB6A002B01DA5549F0
:10D6E000F5E7EB6A5B0065D553494D4821F01CFA1C
:10D6F0006B69A26943F480736B61BFF34F8FBFF313
:10D700006F8F6B6932F8022C23F480736B61BFF367
:10D710004F8FBFF36F8F4DF602739A4227D1236864
:10D72000464A3F4801211FF070FD2368FA79DAB9B3
:10D7300007F1080504F1200C206861682A4603C23D
:10D74000083464451546F7D17A6A002E5FD0C2F3DB
:10D75000080121B96FEA52226FEA42227A6207F188
:10D7600008011846FFF78CFD2C37BD46F0BDAB6AAB
:10D77000DBB233B1FA1D01212046FFF7D1FE03468B
:10D78000D4E7AB6A13F47F4F04D0F91D0120FFF7F3
:10D790000BFEF4E7AB6AB3F5803F02D3FFF76CFEF4
:10D7A000EDE72049204840F22A321FF02AF840F2E3
:10D7B0002A316BE71B491C4840F22E321FF021F83A
:10D7C00040F22E3162E7FA1D0021D5E7F91D002055
:10D7D000DDE71B497BE71B4A1B4910F4F87F6D46C8
:10D7E0008AB018BF11466A46103BD36117484FF400
:10D7F00000731384164BC2E9050142F8103F084834
:10D8000000234FF41151FEF759FCAD4662E722F4B4
:10D81000FF7222F00102A1E700ED00E0FD5C0400D0
:10D820007C3B04009D5C0400A4520400285D0400BD
:10D830003F5D0400605D04006E5D04008D5D0400CA
:10D84000A95D0400E45C0400CF5C0400CD5D04002D
:10D8500004000001044B5A6942F010025A615A69EF
:10D8600022F008025A61704700ED00E0EFF30880F3
:10D87000EFF3098101B57246FFF7E6FE01BD00BF77
:10D88000002080F31488BFF36F8F19F0D3FC0020C1
:10D890000D490860BFF34F8F0C4880F3088800F0F3
:10D8A0003DF8402080F3118809484FF40461401886
:10D8B00080F30988EFF314800221084380F3148871
:10D8C000BFF36F8F00F032F994ED00E000A000206C
:10D8D00040920020BFF34F8F0549064BCA6802F4FF
:10D8E000E0621343CB60BFF34F8F00BFFDE700BF83
:10D8F00000ED00E00400FA050749D1F8902000236C
:10D90000C2F307221846934200DB7047C1F89830F3
:10D91000C1F8A0000133F6E700ED00E008B572B6EB
:10D92000002383F31388FFF7E7FF144B4FF0FF3218
:10D93000C3F88020C3F88420C3F88820C3F88C2063
:10D94000C3F89020C3F89420C3F89820C3F89C2013
:10D95000C3F88021C3F88421C3F88821C3F88C213F
:10D96000C3F89021C3F89421C3F89821C3F89C21EF
:10D9700062B6BFF34F8FBFF36F8F08BD00E100E0C9
:10D98000084B9B6883420BD1EFF3058343B1064BF1
:10D990005A6842F080525A605A6A22F400425A622F
:10D9A0001CF02ABE6C63002000ED00E0094A936879
:10D9B0006FF00A01D967084998674B6843F08053B4
:10D9C0004B60002383F31188BFF36F8F9368D86F88
:10D9D000704700BF6C63002000ED00E010B5044606
:10D9E000EFF31183402383F31288BFF36F8F0A4B49
:10D9F00058699860094B4FF000625A60084B426FBB
:10DA00001A600022836F826783F31188BFF36F8FE0
:10DA100000F02CF9204610BD6C63002000ED00E002
:10DA2000F45800200B498A684FF030001044EFF39F
:10DA3000098C80E8F01F74467046FFF7CFFFA646BA
:10DA400004498A6802F1300090E8F01F8CF30988DD
:10DA5000704700006C6300201EF0040F0CBFEFF352
:10DA60000880EFF30980816911F8021C0229FFD0B8
:10DA700001B521F04EF801BD40B2002807DB044A91
:10DA80004109012300F01F00834042F82130704714
:10DA900000E100E040B200280CDB4309064900F039
:10DAA0001F0020330122824041F82320BFF34F8F13
:10DAB000BFF36F8F704700BF00E100E0054B4209E4
:10DAC00000F01F0053F82220012303FA00F0104059
:10DAD000704700BF00E100E008B5D3070BD4023166
:10DAE000072909D90E490F4858221EF08AFE0C4812
:10DAF00058211EF07DFE002140B20028ACBF00F18D
:10DB00006040094B4FEA4111B8BF00F00F00C9B2A5
:10DB1000AABF00F56140195480F8001308BD00BF8A
:10DB2000E05D0400A452040014ED00E00B4A08B5C7
:10DB30000B4B22F07F029A60BFF34F8FBFF36F8FC2
:10DB4000D3F8882022F47002C3F888201AF03CFB36
:10DB50001CF0F2FE00F060F81AF07AFB0000000002
:10DB600000ED00E042F8203C009B42F81C3C0A49D2
:10DB7000019B42F8183C029B42F8143C21F0010141
:10DB80004FF0807342F8043C42F8081C0023203A0E
:10DB900002658367704700BF89A90100094A0346EF
:10DBA000906870B113F1160F406E05D0A0F14002DD
:10DBB0009A4205D8834203D2814228BF0020704791
:10DBC000002070476C63002008B515460B4A0C4BCB
:10DBD0009060426F1A600E4600F048F82C4686F3BB
:10DBE00009884FF00000074B984720464FF000018E
:10DBF0004FF000024FF00003034C20476C630020FD
:10DC0000F458002039EB030089A90100014B1022D0
:10DC10001A61704700ED00E0044800234021C2185B
:10DC20000133302B82F80013F9D1704700E100E096
:10DC300008B5EFF30583064A103B02EBC30152F827
:10DC4000330049688847BDE80840FFF799BB00BF2B
:10DC50009C370400024B034A0348012100F08AB8B4
:10DC60000000022000000020E0440400426E054B4A
:10DC7000403A1A60044A4021C3E9011218460121C2
:10DC800000F094B8F858002000000B1508B50346C2
:10DC90001048D0F89020C2F30722013A934207D9E6
:10DCA0000D480E4A01211FF0B0FA6FF0150008BDB3
:10DCB000C0F898300A6822F01F021A4342F010029E
:10DCC000C0F89C208A6842F00102C0F8A0201846E3
:10DCD000EDE700BF00ED00E0643B04001B5E0400C4
:10DCE000F0B50E4685B01F4604460025B5420DDA54
:10DCF000606810B397B1431E18420AD0104A114809
:10DD00002B4601211FF081FA6FF01502104605B075
:10DD1000F0BD1F28F2D921680B42EFD1236801938F
:10DD200020F02DFFA36801A90343D0B20393FFF7AE
:10DD3000ADFF10F1160FE7D0421C01350C34D5E7CA
:10DD4000415E0400643B0400044B0522C3F89420A8
:10DD5000BFF34F8FBFF36F8F704700BF00ED00E040
:10DD6000BFF35F8F024B0022C3F89420704700BFBF
:10DD700000ED00E010B50A4C01232278FFF7B0FF58
:10DD8000207016300AD1074907484FF4B4721EF0CC
:10DD900038FD04484FF4B4711EF02AFD10BD00BFD9
:10DDA000A1640020645E0400A452040008B5114A76
:10DDB00000231278FFF794FF10F1160F08D00E4AD7
:10DDC0000021D2F89030C3F3072398420BDB08BD43
:10DDD0000A490B4840F287121EF013FD074840F233
:10DDE00087111EF005FDC2F89800C2F8A01001309E
:10DDF000E7E700BFA164002000ED00E0645E0400DE
:10DE0000A45204002DE9F04F70487149D0F89030C9
:10DE10000D68C3F307239D4285B00AD96D496E484A
:10DE200040F29F121EF0EDFC40F29F1169481EF077
:10DE3000DFFCFFF795FF49680022954201F10C01D4
:10DE400029D1664C664F25706846FEF71BFDDFF84A
:10DE50009481DFF8949106460025AE422ED12378B6
:10DE60005A490020D1F89020C2F307229342C0F211
:10DE7000A380FFF769FFD1F89030C3F30723082B85
:10DE800000F0A0805349544840F20F221EF0B9FC24
:10DE900040F20F21CAE7C0F8982051F80C3C23F05B
:10DEA0001F03134343F01003C0F89C3051F8043CA7
:10DEB00043F00103C0F8A0300132BEE7009A02EB44
:10DEC00005132901D3F80CA00AEA0700B0F5000FEA
:10DED00058D00AD8B0F5001F34D0B0F5800F46D026
:10DEE000B0F5801F12D00135B7E7B0F1807F54D074
:10DEF000B0F1007FF7D19868D3F804A0525820F011
:10DF00003EFECDE901A240F480200BE09868D3F8F2
:10DF100004A0525820F033FECDE901A240F0885011
:10DF200040F430200390207801A9FFF7AFFE0028CD
:10DF30003EDA2849284840F2C9121EF062FC40F23D
:10DF4000C91173E79868D3F804B0525820F017FE4F
:10DF50001AF0010F40EA0800CDE901B20390E2D0C7
:10DF60001C491D486D221EF04CFC6D215EE798682F
:10DF7000D3F804A0525820F002FECDE901A240EAF5
:10DF80000900CFE79868D3F804A0525820F0F7FDB5
:10DF9000CDE901A240F08270C4E79868D3F804A0EC
:10DFA000525820F0ECFDCDE901A240F08870B9E7AD
:10DFB00023780133237096E7C1F89830C1F8A000A8
:10DFC00001334FE7002005B0BDE8F08F00ED00E021
:10DFD000EC440400645E0400A4520400A164002028
:10DFE0000000F0FF000008110000020208B5024B1B
:10DFF0001B689847002008BD04590020034B044AC1
:10E000001860937843F0020393707047045900201E
:10E01000B8120020F0B587B007460E46144600211E
:10E02000102268461D4625F071FA02238DF8023051
:10E030002A46054B019321466846CDE904761DF03A
:10E040002FFF07B0F0BD00BF9FEB030008B50649E6
:10E05000064821F00701C1F1005202F50032FBF73A
:10E06000E1FF002008BD00BF4DD30020085900206B
:10E0700070B54169867A0B4D044659B1437ADB0786
:10E0800006D4342303FB0653DB6A1B689B6898475E
:10E09000002363613420214606FB0050BDE8704038
:10E0A00025F048B8DC1A0020024B342202FB003075
:10E0B000704700BFDC1A0020827A074B342101FB35
:10E0C00002331A6B93F824301B33801A23F00303B6
:10E0D000B0FBF3F0704700BFDC1A002038B5074BE7
:10E0E000827A342404FB0233DB6AD3E901240C6016
:10E0F0001568FFF7E1FF04FB005038BDDC1A002073
:10E1000008B5437A43B10B490B485A221EF079FBFC
:10E110005A2108481EF06CFB436833B10549064894
:10E120005B221EF06EFB5B21F3E703824369C36051
:10E1300008BD00BFA25E0400A45204002DE9F04F08
:10E1400085B00546684603911446984625F0E5F8E3
:10E15000DDE900673DB95D495D48EE221EF051FBE7
:10E16000EE215A4813E005F11C09EFF3118A402310
:10E1700083F31288BFF36F8F48461CF0B1FB40B9A0
:10E180005449534888221EF03CFB882151481EF018
:10E190002FFB48461CF0C8FBB5F822B0BBF1000FBE
:10E1A00056D02B8C5B4533D90022002328461AF029
:10E1B00071FC044660B348461CF0A0FB40B94549D9
:10E1C000434840F231121EF01CFB40F23111DDE7F2
:10E1D0008AF31188BFF36F8F039D002D66D03246FE
:10E1E0003B46684625F0BDF8A27A3B4B342101FB43
:10E1F00002332046DB6A1B6803A91E68DDE90023A1
:10E20000B0476061002845D12046FFF731FF3CE070
:10E210006C8C631E6B8448461CF070FB0028CED0CB
:10E220008AF31188BFF36F8F95F824302A8C1B3343
:10E23000121B2C6B23F0030302FB0344264B274ADB
:10E24000EB1A9B105343A37295F82430E372C3E793
:10E2500048461CF053FB0028B1D08AF31188BFF365
:10E260006F8F54EA080308D025F0E6F91C4A1D4BCD
:10E2700012589A4204BF5C46A046224643462846AE
:10E280001AF008FC04460028A6D10024204605B058
:10E29000BDE8F08F039B9D4209D90C490C4840F220
:10E2A0004B121EF0AEFA40F24B115AE765610123A2
:10E2B00000212381039BE27A6160638204F11800EC
:10E2C00025F024F92046FFF71BFFDFE7A25E0400DC
:10E2D000A4520400C4530400DC1A0020C54EECC450
:10E2E00008000000D052002070B50C46054650B919
:10E2F000224923484FF4D3721EF083FA4FF4D371AE
:10E300001E481EF075FA41B91C491D4840F2A7127B
:10E310001EF077FA40F2A711F2E7EFF311864023DF
:10E3200083F31288BFF36F8F16481CF0D9FA38B9FF
:10E330001549134888221EF064FA88211248E0E744
:10E3400010481CF0F1FA002323606B6873B9C5E92B
:10E3500000440C481CF0D2FA58B90B49084840F266
:10E3600031121EF04EFA40F23111E7E71C606C608A
:10E37000EFE786F31188BFF36F8F70BDA25E0400D4
:10E38000A452040014590020C453040070B504467C
:10E3900050B91E491E4840F2B3121EF032FA1B4813
:10E3A00040F2B3111EF024FAEFF31186402383F3F9
:10E3B0001288BFF36F8F17481CF092FA38B91649CC
:10E3C000134888221EF01DFA88211348EAE71148F5
:10E3D0001CF0AAFA25682DB162682B68236095426B
:10E3E00008BF63600B481CF089FA40B90A49084825
:10E3F00040F231121EF005FA40F23111E5E786F3E2
:10E400001188BFF36F8F284670BD00BFA25E040065
:10E41000A452040014590020C453040070B50446EB
:10E4200098B1114D342620466468037A013BDBB273
:10E4300003724BB9C3604360837A06FB03539B6A44
:10E4400073B19847002CEED170BD084908484FF4CD
:10E45000E6721EF0D6F905484FF4E6711EF0C8F9D1
:10E46000FFF706FEEEE700BFDC1A0020A25E040004
:10E47000A452040008B550B9074908484FF4FB728C
:10E480001EF0BFF904484FF4FB711EF0B1F9027A97
:10E490000132027208BD00BFA25E0400A452040053
:10E4A00008B5034650B90849084840F241221EF019
:10E4B000A8F9054840F241211EF09AF918465B6818
:10E4C000002BFBD108BD00BFA25E0400A4520400D3
:10E4D00070B50D46044650B90E490F484FF41372FB
:10E4E0001EF08FF94FF413710A481EF081F941B9FB
:10E4F0000849094840F24D221EF083F940F24D21AF
:10E50000F2E746681EB10846FFF7CAFF466065603D
:10E5100070BD00BFA25E0400A452040038B50546D9
:10E520000C4651B90B490C484FF416721EF069F9AC
:10E5300008484FF416711EF05BF920B9BDE8384069
:10E540000846FFF797BFFFF7ABFF2146FFF7C0FF75
:10E55000284638BDA25E0400A4520400034610B54C
:10E56000084651B91549164840F26D221EF049F986
:10E5700040F26D2111481EF03BF9BBB15A6842B917
:10E580000E490F484FF41C721EF03BF94FF41C71FA
:10E59000F0E78A4208D00949094840F271221EF08A
:10E5A00030F940F27121E5E74A685A604468002377
:10E5B0004360FFF733FF204610BD00BFA25E04009A
:10E5C000A452040008B540B90A490B482B221EF09A
:10E5D00018F92B2107481EF00BF9838833B1054940
:10E5E00005482C221EF00DF92C21F3E783680B441B
:10E5F000036008BDCF5E0400A452040008B50346C2
:10E6000000689A68821A91420AD90849084840F27B
:10E6100055121EF0F6F8054840F255111EF0E8F8C4
:10E620009A88401A11441860998008BDCF5E040092
:10E63000A452040008B582888A4203460AD20849D7
:10E64000084840F2C3121EF0DCF8054840F2C3113E
:10E650001EF0CEF8521A828000680844186008BD87
:10E66000CF5E0400A452040008B5034600689A88EF
:10E670008A420AD20749084840F2CF121EF0C1F878
:10E68000044840F2CF111EF0B3F8521A01449A80A8
:10E69000196008BDCF5E0400A4520400F8B5858857
:10E6A00003680E4604465F1920F0E2FAB04208D231
:10E6B000064907483E221EF0A4F804483E211EF0F9
:10E6C00097F83544A5803846F8BD00BFCF5E0400FA
:10E6D000A4520400044A0123C2F840354FF080429E
:10E6E0000020C2F87835704700E0014020B1034BAC
:10E6F000800143F001031847704700BF3042040017
:10E7000008B5044824F099FC00280CBF6FF01200F3
:10E71000002008BD383704000E4B402970B528BFD3
:10E7200040210D4C46181D46B04203F1020304D1AE
:10E73000002305F81130074870BD02781209A25C69
:10E7400003F8022C10F8012B02F00F02A25C03F870
:10E75000012CE9E7E56400206D5F040030B5037823
:10E760008BB0044607AD032B21D8DFE803F0021A73
:10E770001C1E12492846FBF715F90595637804938A
:10E78000A3780393E3780293237901936379009349
:10E79000A3790B4A0B481E211DF07AFA09480BB0E9
:10E7A00030BD0949E6E70949E4E70949E2E7094AD2
:10E7B0000A2128461DF06CFADFE700BF285F04003D
:10E7C0004A5F0400C76400202F5F0400365F040026
:10E7D000405F04007FA6040010B5034C25222146AB
:10E7E00000F0FAF9204610BDA26400202DE9F341A3
:10E7F000234DBFF35B8F98462B68BFF35B8F1746A3
:10E80000DA07044620D538B91E4A1F4801211EF0F8
:10E81000F3FC6FF0010018E001A91EF0EBFD1B49AD
:10E820000246204624F08AFE0028F2D1BFF35B8F17
:10E830002B68BFF35B8FC3F3C0061B0708D5144AD0
:10E84000114802211EF0D8FC002002B0BDE8F08182
:10E85000A5F1A804072221464046B84706280AD851
:10E860000C4A094801211EF0C7FC45F8A86CE67166
:10E87000C4F80360E8E70723B0FBF3F0E071E3E7D7
:10E88000C00C00207E5F0400EC3A04003D5F0400F1
:10E890009F5F0400C35F04002DE9F04188B09C79BC
:10E8A000DDF838805D791E79DF7893F802C093F83F
:10E8B00001E01B78B8F1000F0ED0CDE90638CDE9A4
:10E8C00004CE1346CDE90267CDE90045084A1DF0A4
:10E8D000DFF908B0BDE8F081CDE905E3CDE9037CBF
:10E8E0001346CDE90156034A00941DF0D1F9F0E733
:10E8F000E85F04000C60040010B5FEF7A3F90446BD
:10E9000028B1044A0346012103481EF07EFC20463C
:10E9100010BD00BF2D600400EC3A040070B5044641
:10E920008CB01E461546A2B129B10A4602A80421A0
:10E930001EF06EF802A900912B462246242103A85E
:10E94000FFF7AAFF109A314603A8FDF7F9FF0CB0B4
:10E9500070BD0346044A242103A81DF099F900283C
:10E96000F0DA6FF01500F2E75260040007B50B4BC8
:10E970000B48DA79C2EBC202009200221146FFF77F
:10E98000CDFF034638B1074A0748012103B05DF8BF
:10E9900004EB1EF03ABC03B05DF804FB180C002039
:10E9A0003D5F040058600400EC3A040030B50446B2
:10E9B0008DB0154692B129B10A4602A804211EF075
:10E9C00027F802A900912B462246242103A8FFF72D
:10E9D00063FF03A81EF0E6FC0DB030BD0346054AF8
:10E9E000242103A81DF054F90028F2DA6FF0150075
:10E9F000F2E700BF5260040007B5009313460A46D1
:10EA000001460348FFF78AFF03B05DF804FB00BF2F
:10EA1000FE7704000A4601460148FFF7C7BF00BF62
:10EA2000FE77040007B5009313460A4601460348E3
:10EA3000FFF774FF03B05DF804FB00BFF877040034
:10EA400007B5009313460A4601460348FFF766FFE1
:10EA500003B05DF804FB00BF0977040007B500228E
:10EA60000346009103481146FFF758FF03B05DF8D5
:10EA700004FB00BFF077040008B502481AF0F0FB71
:10EA8000002008BDC8120020F8B51E4DBFF35B8FF3
:10EA90002B68BFF35B8F13F0010F2E462FD015F8B4
:10EAA000A13CA5F1A8078BB901F030FF044630B1B5
:10EAB000154A164801211EF09FFB2046F8BDFB7940
:10EAC00023B901F033FF04460028F1D1BFF35B8F77
:10EAD0002B68BFF35B8F5A0701D400F043FEBFF3EE
:10EAE0005B8F56E8003F23F4805246E8002100295E
:10EAF000F7D1BFF35B8FDB0401D5FFF7BDFF002427
:10EB0000DBE700BFC00C002073600400EC3A040097
:10EB100030B50A4D0A4B85B0002428460293039471
:10EB20001AF014FC02AB0093284606490A234FF45E
:10EB3000A8621AF021FC204605B030BD98320020B2
:10EB4000B160040080710020014601481AF0A0BCA9
:10EB500098320020014601481AF002BD9832002088
:10EB60000378012B30B513D0022B27D07BB9194B7A
:10EB70000A4603F1100453F8045B42F8045BA34215
:10EB8000F9D11B78137043884B731B0A8B7330BD0C
:10EB9000104B0A4603F1100453F8045B42F8045B7F
:10EBA000A342F9D11B78137043684B73C3F3072258
:10EBB0001B0CCB731B0A8A730B74E8E700F110037C
:10EBC00050F8042B41F8042B9842F9D103780B70CC
:10EBD000DDE700BFD760040010B5034686B01C789F
:10EBE000012C0846114609D0022C0AD0FCB95B88DA
:10EBF000124A06B0BDE810401DF04AB85B68104AE2
:10EC0000F7E7B3F801200492D3F803200392B3F896
:10EC100007200292B3F809200192B3F80B2000926A
:10EC2000D3F80D30074A1DF033F806B010BD0021AF
:10EC300006B0BDE8104024F069BC00BF6378040052
:10EC4000EC590400BA600400052838B5054603D81D
:10EC50002A21C140C90708D40A490B483C221DF0AB
:10EC6000D0FD08483C211DF0C3FD08481FF0A3FF5C
:10EC7000044620B101210C30FFF7A4FC2576204684
:10EC800038BD00BFE8600400A4520400141C00203A
:10EC90000F2810B50ED80D280ED90B481FF08BFF8A
:10ECA000044628B101210C30FFF78CFC01232376A8
:10ECB000204610BD1328F0D009B10448EEE7BDE8A6
:10ECC00010400120FFF7C0BF481C0020441B00205B
:10ECD00038B50B6804460D4643B916491648BC22A0
:10ECE0001DF08FFD1348BC211DF082FD4A68DA60DB
:10ECF0000B684A895A820868FFF790FB00211022AE
:10ED0000284624F003FCA07AFFF7CEF96169054696
:10ED100049B1637ADB0704D4C36A1B6820469B6849
:10ED200098470023636121462846BDE8384024F017
:10ED300001BA00BFE8600400A45204002DE9F843C2
:10ED400005460C461F46164642B9244924489822D7
:10ED50001DF057FD982121481DF04AFD30B91F498B
:10ED60001F4899221DF04DFD9921F4E701F10C098E
:10ED700048461FF079FF30B9184919489D221DF007
:10ED800040FD9D21E7E7204620F009FA804630B19A
:10ED9000124913489F221DF034FD9F21DBE705F146
:10EDA0000C0148461FF01AFF48461FF05DFF012383
:10EDB00010FA86F068826B722E8231464846FFF761
:10EDC00039FCE3687B60638AC4F80C807B81A4F81B
:10EDD00012803C602846BDE8F88300BFE86004006C
:10EDE000A4520400C368034A1B780348022120F0A0
:10EDF00002BA00BF26610400CC39040070B5C668B1
:10EE00003378B6F8014083B90F21204603F0C4FCE3
:10EE1000F378054650B90A4A118831B96FEA0450AF
:10EE20006FEA10501080074A137070BD43720121C1
:10EE300003F0D2FB2846BDE8704003F089BB00BF59
:10EE4000D26300206665002070B5C3681D78BDB927
:10EE5000B3F801600F21304603F09EFC044638B938
:10EE60003346084A0848BDE87040012120F0C3B984
:10EE7000294603F0B1FB2046BDE8704003F068BBB3
:10EE800070BD00BF4E610400CC39040010B5C368EA
:10EE90001C880121204603F07FFC38B92346054A2F
:10EEA0000548BDE81040012120F0A5B9BDE810409B
:10EEB00003F04EBB74610400CC39040010B501218D
:10EEC0000C30FFF7D1FBBDE810400378024A03483D
:10EED000012120F090B900BF98610400CC390400F2
:10EEE000014610B50848FFF7FFF90849084824F023
:10EEF00094F9031E06DABDE81040064A06480121CF
:10EF000020F079B910BD00BF3C0D0020E8120020B0
:10EF100038330020BA610400CC390400024A0348A7
:10EF2000012120F057B900BFD7610400CC3904009B
:10EF300098B53C2800AF13D06C468AB06A46094B9E
:10EF4000C2E90530084BD36140F201331384074B0B
:10EF500042F8103F06484FF4125120F04EF9A546F2
:10EF6000BD4698BDF16104002C830400040000013B
:10EF7000CC390400B0B50B460D8A00AF04462946D3
:10EF8000D868FFF7C9FB8AB06A46094BC2E9053465
:10EF900040F202439384074BC2E907504FF43251C9
:10EFA00042F8103F044820F028F9BD46B0BD00BF2C
:10EFB0000D62040005000001CC39040070B5C5687D
:10EFC000B5F801600121304603F0E6FB044638B98C
:10EFD00033460D4A0D48BDE87040012120F00BB9C1
:10EFE0002B783BB9D5F80330C0F89530D5F8073009
:10EFF000C0F89930201D4FF4804120F0EDF82046F4
:10F00000BDE8704003F0A4BA74610400CC39040078
:10F0100073B5C568B5F801600121304603F0BCFB4B
:10F02000044640B92B4A2C483346012102B0BDE8C2
:10F03000704020F0E0B82B781A2B00F1040619D1AB
:10F04000C378012B2AD14FF48051304620F0C4F808
:10F05000C2040FD4D4F8883000936946D4F89030B5
:10F060000193204604F08EFA204602B0BDE87040BD
:10F0700003F06EBA2B788BB9B5F80330A4F886305C
:10F08000B5F80530A4F88C30B5F80730A4F88E3008
:10F090006FF48061304620F0B3F817E0BFF35B8F68
:10F0A0006368BFF35B8F5B05F2D52B78202BEFD124
:10F0B00094F89430002BEBD0013B84F894304FF45B
:10F0C0002032002304F140001AF044FA204603F0F5
:10F0D000AFFDC9E774610400CC39040037B502EB19
:10F0E000C303044608469A4202D16FF05E0010E066
:10F0F000114611F8085BA54211D1038A5178994253
:10F1000009D90848084A009401211EF088F86FF0D8
:10F11000150003B030BD536898470020F9E70A4650
:10F12000E1E700BFCC3904002F62040073B53D480D
:10F13000FFF72CF90446002872D0017E012945D042
:10F1400003296AD1038A032B02D8374A012141E0FF
:10F1500004210C30FFF788FAFF2342880688637683
:10F16000238AC6F30B009A42A08309D02F4800924D
:10F1700001212F4A1EF053F82046FFF74FF912E005
:10F180000F2103F009FB054610B9A38B294ADDE7DF
:10F1900003F042FB320B60762146284603F074F8F8
:10F1A000284603F0D5F9244BD3F82431002B37D06F
:10F1B0002249234824F031F8031E31DA214A1B4842
:10F1C000012102B0BDE8704020F015B8038A012B80
:10F1D00004D81D4A154820F00EF8CDE702210C3066
:10F1E000FFF742FA054600781FF0E2FF10F0020632
:10F1F0000CD11649164840F6A8321DF002FB86F3E2
:10F200001188BFF36F8F0323184602DF114A287855
:10F210000423214620F000F8AEE70F4A0B4695E79D
:10F2200002B070BD3C0D002051620400CC390400D6
:10F230007262040096620400180C0020E81200209C
:10F2400038330020BA610400B8620400D4620400BC
:10F25000A4520400A84504000863040010B501216D
:10F2600004460C30FFF700FA2146034A0078BDE857
:10F2700010400B231FF0D0BFC8450400F8B5012192
:10F2800000AF04460C30FFF7EFF90678114A00236F
:10F2900021463046FFF722FF5F3018D1258AE0680B
:10F2A0002946FFF739FA6C468AB06A460A4BC2E92A
:10F2B000053640F202439384084BC2E907504FF4ED
:10F2C000325142F8103F06481FF097FFA546BD4651
:10F2D000F8BD00BF204604001C63040005000001C7
:10F2E000CC3904002DE9F347DFF83891BFF35B8F89
:10F2F000074688461646002359E8004F49E8003281
:10F30000002AF9D1BFF35B8F44B9474A47483B46CF
:10F31000012102B0BDE8F0471FF06DBF2046FEF7A7
:10F32000CBFE434D4FF00C0A0AFB00504388BB4212
:10F3300023D02046FEF7C0FE0AFB005043883D4A1A
:10F3400000933A483B4601211DF069FFBFF35B8FF4
:10F3500059E8003F49E80042002AF9D1BFF35B8F2A
:10F36000002B5BD03449354840F66D121DF049FA48
:10F37000314840F66D111DF03BFAA6420ED02046F2
:10F38000FEF7BEFE04F10C07012121763846FFF797
:10F3900019F9328AF16838461FF072FC2046FEF7F0
:10F3A0008BFE0C2606FB00504368ABB1B8F1000F92
:10F3B00012D12046FEF780FE06FB00500121426874
:10F3C000D2E90003127A03F01F06B1405B09FAB1DB
:10F3D00000EB83001FF000FF2046FEF76DFE0C26B9
:10F3E00006FB005083686BB12046FEF765FE704354
:10F3F00005F800802046FEF75FFE06FB0055A86872
:10F4000019F0A0FB204602B0BDE8F047FFF706B8B0
:10F41000C94300EB83001FF0F3FEDDE702B0BDE857
:10F42000F08700BF380D00204E630400CC39040083
:10F430001859002076630400D4620400A45204002A
:10F440002DE9F84FD0F80C80018A98F8004001238C
:10F4500003EB84038B4200AF79D96D468AB06A46CC
:10F460003D48C2E907310523C2E905044FF42151A3
:10F4700042F8103F39481FF0C0FEAD46BD46BDE81A
:10F48000F88F36484B465A4601211FF0B4FE01352D
:10F4900098F800309D42F1DA08EB85030F21B3F8AC
:10F4A0000190B3F80360484603F076F9044600285B
:10F4B000E7D000F1C009204616B903F049F8E6E7A5
:10F4C00002F072FE19F03EFB63697BB9244A2348BF
:10F4D00001211FF07FFE2349234840F255221DF0F1
:10F4E00090F940F255211F481DF082F9A1691A6870
:10F4F00062618B4208BFA261C3F800A0226A9AB978
:10F50000C4E90733BFF35B8FD9F80030BFF35B8FDB
:10F51000013EB6B25BB9134913484FF417721DF0A0
:10F5200070F94FF41771DEE713602362EAE7BFF367
:10F530005B8F59E8003F013B49E80032002AF8D1CF
:10F54000BFF35B8F0021204602F03AFEB3E70025AF
:10F55000DFF818B0AA469BE7A9630400CC39040081
:10F56000EF630400D4620400A4520400D3630400D7
:10F5700010B5C1E900239DF808300B720C46FEF768
:10F580009BFD034B0C2202FB00335C6010BD00BFEF
:10F59000185900202DE9F0474FF0FF3206464FF092
:10F5A000FF33184888461FF006FB044638B300F1C5
:10F5B0000C0701214FF000093846FFF703F884F8E3
:10F5C00018902046FEF778FD0F4D4FF00C0A0AFB0D
:10F5D000005046802046FEF76FFD0AFB0050C0F841
:10F5E00008902046FEF768FD0AFB005503213846C7
:10F5F000C5F80490FFF752F8068080F80280204694
:10F60000BDE8F087E01B0020185900200138C0B287
:10F6100002289ABF014B185C00207047C1670400A4
:10F6200070B50C4D06460FCD90B001AC0FC40FCD98
:10F630000FC40FCD0FC495E807000E2E84E8070015
:10F640009BBF10AB03EB8606034856F83C0C10B08A
:10F6500070BD00BF5C3D040006640400034B01461E
:10F66000D3F8480182689268104700BF180C002048
:10F670002DE9F843044600F10C0630461FF0F4FA79
:10F68000B4F81080B8F1010F05460AD8194A1A4893
:10F69000434601211FF0AFFD2046BDE8F843FEF7C9
:10F6A000BDBE30460221FEF7DFFF074600781FF09F
:10F6B0007FFD10F0010906460CD11049104840F6B4
:10F6C000E4721DF09EF889F31188BFF36F8F032356
:10F6D000184602DF05230B4A387821461FF09CFDAF
:10F6E000B307D9D56369A4F8108013FA85F5E560EE
:10F6F000BDE8F883B8620400CC390400D462040089
:10F70000A45204008045040038B50C461AF088FD68
:10F71000237E012B05D0032B14D12046FFF7E0FBFD
:10F720000BE0E36818781FF043FDC207054602D5D9
:10F730002046FFF79DFFAB07EFD400241AF0BEFD73
:10F74000204638BD054A064801211FF054FD2046D9
:10F75000FEF764FE6FF01504F0E700BF0E640400CE
:10F76000CC3904002DE9F84F3E4C3F483F4D00AFE7
:10F7700004211FF031FD02F05DF9E2793C4B204697
:10F78000012A88BF1D466E46FEF7E8FF8AB06A462A
:10F79000384BD061C2E90535374B1362374B42F81D
:10F7A000103F3748DFF8DC80DFF8D4904FF4235166
:10F7B0001FF023FDB546344EA3460125E3799D4253
:10F7C0000BF1070B38DB94F843502846FFF728FF6E
:10F7D0006E468CB0B4F84610B4F84A306A46DFF88A
:10F7E000ACC05362C2E90751294B4FF40075C2E91E
:10F7F00005C015854FF4535142F8103F20481FF0C3
:10F80000FCFCB54694F844603046FFF709FF8AB027
:10F81000B4F848306A461F499584C2E907631E4B15
:10F82000C2E9051042F8103F15484FF433511FF05C
:10F83000E4FCBD46BDE8F88F5846FEF78FFFEA4668
:10F840008AB06A4640F20133C2E90565D06113848B
:10F850004FF4135142F8108F48461FF0CEFC01358B
:10F86000D546ABE7180C0020C00C00202C83040008
:10F870002264040026640400000201030400000264
:10F88000CC3904000400000135640400466404001F
:10F8900006000001846404000500000108B5084862
:10F8A000C37933B9074A084803211FF093FC0020AD
:10F8B00008BD0821A8301FF08FFCFFF753FFF6E7C3
:10F8C000180C0020AB640400CC390400044BBFF3D7
:10F8D0005B8F1868BFF35B8FC0F38000704700BF79
:10F8E000C00C002000487047D8640400014819F09B
:10F8F000B7BC00BFD812002038B505460C4619B970
:10F90000FFF748FE0446D8B140F635439D420FD17B
:10F910002046FFF7A3FE054640B103460A4A0B48BE
:10F9200001211FF068FC2046FEF778FD284638BD0F
:10F930000748214623F0F3FB0025FFF7D7FFF5E743
:10F940006FF06805F2E700BFEA640400CC390400F8
:10F95000440D002073B5C368D9789A781E8842EAAE
:10F960000122ADF8002059791A7942EA0122ADF856
:10F970000220D9799A7942EA0122ADF804201A7A54
:10F980005B7AB4B242EA032301212046ADF8063087
:10F9900002F002FF054658B91C481D4A01212346C2
:10F9A0001FF029FC022120461FF06EFC02B070BD42
:10F9B000694603F097F938B91E2120461FF064FC10
:10F9C000284602F0C5FDF1E70E2142F22000FFF7C4
:10F9D000E1FD04460028F3D00E210C30FEF75EFE58
:10F9E00000230680C0F80A30BDF800304380BDF81F
:10F9F00002308380BDF80430C380BDF80630038137
:10FA0000214642F22000FFF777FFD9E7CC39040006
:10FA10007461040038B502460B462B4DD5F82C1105
:10FA200009B9002038BD05F5847019F0C5F8002823
:10FA3000F7D10022002305F5967019F02BF8044643
:10FA400060B92249224840F6B7321CF0DAFE84F34E
:10FA50001188BFF36F8F0323184602DFD5F82031DA
:10FA60005BB11C4A1C4801211FF0B4FBD5F82001F2
:10FA7000FEF7D4FC0023C5F820312046FEF7FAFC3F
:10FA8000C5F820012046FFF7E9FD0346C8B1134A37
:10FA9000114801211FF0AFFB114819F053F820461F
:10FAA000FEF70AFB0F4B0C2202FB0033588818B1FB
:10FAB00022461F21FFF716FC2046FEF7AFFCFFF79A
:10FAC00015FF0120AEE700BF180C0020D46204002F
:10FAD000A45204000C650400CC390400EA6404005C
:10FAE000200D0020185900202DE9F04F87B0064660
:10FAF00000AF15460C4631B9FFF74CFD044698B9E6
:10FB00006FF068008CE0887AFEF7CEFA4C4B8342A7
:10FB10000AD04C494C484FF4BF721CF072FE494861
:10FB20004FF4BF711CF064FE01220021384623F01F
:10FB30000FFB2046FEF7C0FADFF810910C2303FB01
:10FB4000009087602046FEF795FC0146404823F070
:10FB5000E6FAFFF7CBFE23F06FFD3E4B1A583E4B03
:10FB60009A421BD1DFF8E0B0394823F0EDFA0021CA
:10FB700080464FF4A020FFF74DFF824660B931491F
:10FB80004FF4D47258461CF03CFE8AF31188BFF340
:10FB90006F8F0323184602DF4445E5D14FF4A022BE
:10FBA0000023384619F008F868B1264926484FF472
:10FBB000D7721CF026FE002383F31188BFF36F8FEA
:10FBC0000323184602DF2046FEF776FA0C2358433B
:10FBD00019F80080B8F1000F26D06D468AB06A4649
:10FBE0001E4BC2F81C80C2E905361D4B136240F261
:10FBF000024393841B4B42F8103F1B484FF4325191
:10FC0000A8F109081FF0F9FA2046AD465FFA88F816
:10FC1000FEF704FCB8F1090F0ED8144B13F90800D5
:10FC20001C37BD46BDE8F08F15B12C600020F7E70A
:10FC30002046FEF7F3FBF9E76FF00400F0E700BFA2
:10FC4000E01B0020D4620400A452040018590020D4
:10FC5000440D002008000000D05200202765040059
:10FC60002C83040005000001CC390400B7670400B0
:10FC7000F7B5144B93F96F30002B05460C461DDA8F
:10FC800014B9204603B0F0BD082C01AA4FF00001C2
:10FC900042F21800264628BF0826FFF725FF002855
:10FCA000F0D1019FF96832460131284623F020FC4B
:10FCB0003846FEF7B3FB3544A41BE1E76FF085003F
:10FCC000E0E700BF180C002073B506460D4601AAF8
:10FCD000002142F22F00FFF707FF044638B1154A12
:10FCE000154801211FF076FA204602B070BD019838
:10FCF000C368B3F801203280B3F803302B80FEF7DD
:10FD00008DFB3388A3F11B02E02A04D90B4A0A4871
:10FD100002211FF070FA2B88A3F5A47292B244F26C
:10FD200048118A42E0D9064A034802211FF063FACB
:10FD3000DAE700BF46650400CC39040066650400BC
:10FD40008B650400F0B583B000AF3A1D002140F68A
:10FD50000340FFF7C9FE0446002874D17C68E368BD
:10FD60001B789BB901F066FEBFF35B8FBD4B1A6831
:10FD7000BFF35B8F02F00902BFF35B8F53E8001FF4
:10FD800043E800200028F9D1BFF35B8F2046FEF73F
:10FD900045FB3A1D002141F20300FFF7A5FE044692
:10FDA000002850D17A68B04DD168D1F80100D1F85F
:10FDB000051005F14C0303C31046FEF72FFB214647
:10FDC0003A1D41F20100FFF78FFE044600283AD1A8
:10FDD0007868C3685A7885F843205A88A5F8462081
:10FDE0001A7985F84420B3F80720A5F84820B3F81D
:10FDF0000530A5F84A30FEF711FB21463A1D41F2C5
:10FE00000200FFF771FE0446E8B9D7F804C0DCF839
:10FE10000C2005F15406531C4132186859683446C9
:10FE200003C4083393422646F7D16046FEF7F6FA3C
:10FE300095F850305B060AD48C4A8D4801211FF09A
:10FE4000C9F96FF0120420460C37BD46F0BD3A1DCB
:10FE5000002142F20300FFF747FE04460028F2D1DA
:10FE60007B68844EDA68D2F80100D2F8051003C628
:10FE70001846FEF7D3FA21463A1D42F20200FFF778
:10FE800033FE04460028DED17C68E368B3F8012025
:10FE900091B249B1D97839B1A5F8DC20DA781146A8
:10FEA00006F1280023F054F92046FEF7B7FA3A1D70
:10FEB000002142F23A00FFF717FE0446002840F006
:10FEC000BA807868C368B3F80130A5F8F830FEF757
:10FED000A5FA95F8506016F0200618D1022140F6D8
:10FEE0006D40FFF757FB0446002800F0A180022177
:10FEF0000C30FEF7D3FB01230370467021463246D7
:10FF000040F66D40FFF7F0FD044600289BD195F8C0
:10FF100070301C0712D53A1D002142F21C00FFF779
:10FF2000E3FD044600288ED17868C368D3F8012029
:10FF3000D3F80530C5E92E23FEF770FA95F8B030F6
:10FF4000980621D5B91C3846FFF7BEFE04460028A6
:10FF50007FF479AF042142F22400FFF71BFB064631
:10FF6000002865D004210C30FEF798FB3B88038005
:10FF70007B8843802246314642F22400FFF7B4FDDD
:10FF8000044600287FF45FAF082142F20100FFF72A
:10FF900001FB044600284BD008210C30FEF77EFB05
:10FFA00095F8B0203449354B12F0020F18BF0B46BC
:10FFB000910648BF43F040030370122300224370B0
:10FFC00007238370C270027142718271C27121462F
:10FFD00042F20100FFF788FD044600287FF433AFAA
:10FFE00095F85030B5F8DC109A0630D4C9B93A1DEE
:10FFF00041F20500FFF778FD044600287FF423AFA7
:020000040002F8
:10000000B5F8DC307C684BB9E368B3F80120A5F89B
:10001000DC209A881A48114623F09AF82046FEF709
:10002000FDF9082140F60140FFF7B4FA044668BB29
:100030006FF0680407E7461D7FF405AF114A0C48CE
:1000400002211FF0C7F81F23A5F8F83041E7002967
:10005000E7D10D4A064801211FF0BCF86FF00404F7
:10006000F1E600BFC00C0020180C0020AE650400B3
:10007000CC390400C80C00202E1207000E12070015
:10008000F80C0020D26504002F66040008210C3013
:10009000FEF704FB1023037088230022437002261E
:1000A00020238270C670027142718271C371214631
:1000B00040F60140FFF718FD044600287FF4C3AE68
:1000C00001463A1D4FF60140FFF70EFDA0B1514A1F
:1000D000514802211FF07EF81FF0E4F90446002881
:1000E0007FF4B1AE03F016F8044600287FF4ABAEFF
:1000F000FFF7D4FB0446A6E67B68DC68B4F8013061
:10010000032B96BF454A464952F823106E468AB0E3
:100110006A464448D3614FF400731384424BC2E9EA
:10012000050142F8103F3C484FF413511FF065F8A9
:10013000B4F80120B4F80330022AB54649D1052BA2
:1001400047D83A4A52F823106E468AB06A46384871
:10015000D3614FF400731384334BC2E9050142F8B5
:10016000103F4FF413512C481FF047F8637994F86F
:1001700006C0D4F80900032BB54698BF2D4AB4F841
:10018000076094BF52F8231025496C468CB06A462C
:10019000DFF8A4E0C2E9073C4FF400739385274BD6
:1001A000C2E905E1C2E909604FF4735142F8103F1A
:1001B00019481FF022F8A5467868FEF72FF93A1D76
:1001C00000214FF60240FFF78FFC044618B11C4A8D
:1001D0007EE71349B8E77868C368B3F80130A5F83B
:1001E0009530FEF71BF995F895305B077FF574AFF6
:1001F0003A1D21464FF60340FFF776FC08B1114A3D
:1002000066E77868C3685B7885F89430FEF706F98E
:1002100062E700BF52660400CC3904007045040058
:1002200006640400766604000400000158450400DA
:100230008F66040048450400A7660400070000011B
:10024000D4660400FD66040010B5FFF77BFD034B88
:100250001B6813B1BDE81040184710BD305900208D
:1002600073B52D4D0646D5F8480122F0E6FE48B993
:100270002A4A2B4801211EF0ADFF6FF012042046E0
:1002800002B070BD6FF0020105F1A8001EF0B8FFCA
:1002900001211EF0A1FFC3073AD4FEF72DFB04464F
:1002A0000028ECD11F4B1E600122114605F5847019
:1002B00022F04EFF05F5967022F024FF1A4819F03F
:1002C00045F81A49184800946FF0070340F68C224D
:1002D00019F052F81649144822F0B7FFD5F8480132
:1002E000144983681B689847044630B10346124A94
:1002F0000B4801211EF07FFFC1E726B902B0BDE81F
:100300007040FFF71FBD05F1980018F0A9FFB6E790
:100310006FF07704B3E700BF180C002026670400D5
:10032000CC390400305900203833002000770020F9
:100330003E67040009F70100476704002DE9F04F0C
:1003400085B0047800AF054654B16449644840F272
:1003500032521CF056FA614840F232511CF048FA11
:10036000604BB0F80180198848F47042914202BF96
:100370001C805D4B93F80090C37818BFA146012BF9
:1003800008BF5A4B00F10406304608BF93F84240BC
:100390001EF001FF314668B307F108001EF0F0FEC1
:1003A000D5F81130C7F80130B5F81530A7F8053089
:1003B0004FF0010BEB78012B2FD03046FEF7CEF932
:1003C0006C4688B06A464A4BC2E905304FF4007368
:1003D0009383484B484842F8103F4FF4E2511EF0D7
:1003E0000CFF1321A54640461EF069FF1437BD4699
:1003F000BDE8F08F20461EF0D5FF03460068B860C8
:100400009A889B796868BA81BB73B288B37995F88A
:1004100004B03860BA80BB71CCE7DFF8D0A0062208
:100420009AF8420007F1080102F024FD044640B9A1
:1004300032499AF84200052202F01CFD04460028C9
:10044000BBD02346B5F8012023F8702BB868BA7BDF
:10045000B98920679A719980B5F81730A4F8863069
:10046000B5F81930A4F88C30B5F81B30A4F88E30EC
:10047000EB78E3700022012B62721AD187F800B08A
:10048000BA88BB793868C4F87700A4F87B2084F870
:100490007D30D5F80B30C4F87F30B5F80F30A4F8B4
:1004A0008330DAE92E2303F03F031A4301D000F032
:1004B000BFFE0721204602F08FF8B9F1000F05D0EA
:1004C00084F809900121204602F086F8204602F0C7
:1004D0000BFA204602F03CF888E700BFD462040023
:1004E000A4520400D263002066650020180C00208E
:1004F0006367040003000001CC3904000E5F0400B0
:1005000010B5C378012B22D1037803BB124B93F8AB
:10051000B120D2061BD51A7F72B903F11D0200F17A
:100520001C0150F8044B42F8044B8842F9D1018871
:10053000118001221A7710BD0849094840F2025281
:100540001CF05FF9054840F202511CF051F9BDE87A
:100550001040FFF7F3BE00BF180C0020D462040067
:10056000A452040000B5C368187889B020B109B05E
:100570005DF804EBFEF7DCBCB3F80120ADF8012018
:10058000DA788DF800008DF80320B3F80B20ADF871
:100590001720B3F80D20ADF81920B3F80F20ADF8EF
:1005A0001B205A7C8DF81D20586801901A899B7A6F
:1005B0008DF80A30094BADF8082068461A689B8808
:1005C000CDF80B20ADF80F30CDF81120ADF8153077
:1005D000FFF796FF09B05DF804FB00BF225F04003F
:1005E00038B5042104460C30FEF73EF80346408837
:1005F0005D7818B119782246FEF774FE35B10448CB
:1006000018F0A0FABDE83840FFF770B938BD00BF58
:10061000200D0020B0B50321044600AF0C30FEF7DA
:1006200023F8E3680578B0F80100197840F63543FF
:10063000984215D16C468AB06A460F4B0F48C2E902
:1006400005310F4BD36140F2013313840D4B42F857
:10065000103F4FF412511EF0D0FDA546BD46B0BD6F
:1006600010B12246FEF73EFE002DF7D0064818F0E6
:1006700069FAFFF73BF9F1E77F670400CC39040022
:100680002C83040004000001200D0020F8B50A4D61
:10069000EF7906460024E3B29F4202D86FF00100D2
:1006A00007E0294630461EF073FE0735631C08B18B
:1006B0002046F8BD1C46EEE7180C002037B504466E
:1006C0000D46E9B11E4928461EF062FEC0B91D4A1A
:1006D0002968C4EBC404A3181151AA889A80AA7986
:1006E0009A71194BBFF35B8F1B68BFF35B8F5B077E
:1006F00003D5FEF7C1F91EF023FB002003B030BD87
:1007000068461EF02FFD0028F8D16846FFF7BEFFAF
:100710000028F5DA0B4A00989DF80610C4EBC404D3
:10072000A3181051BDF8040098809971002DD8D0FD
:1007300012592A609A88AA809B79AB71D1E700BFD1
:10074000155F0400180C0020C00C0020F7B500282D
:100750003DD16E460621304616F090F8044698BB0F
:100760009DF805301D4F03F03F0306223946304601
:100770008DF8053022F0D2FE30B3062142F205009A
:10078000FEF708FF054628B3062231460C301EF05E
:1007900077FA2946224642F20500FFF7A5F90546F9
:1007A00048B110F10D0F04D10D4A0E4802211EF080
:1007B000F7FD2C4608E096E803003B46012243F88B
:1007C0003C09B98083F83B20204603B0F0BD6FF0B0
:1007D0001504F9E76FF06804F6E700BF540C002039
:1007E000CB680400D439040070B50446B1B9C0B177
:1007F00020491EF0CDFDA0B92046FFF747FF002895
:1008000031DA2378012B04D1A37903F0C003C02B84
:1008100007D0194A194801211EF0C2FD6FF01500DA
:1008200070BD174DEB79012B20D0BFF35B8FD5F84E
:10083000A830BFF35B8FDB0707D4002CEED00D4947
:1008400020461EF0A5FD0028E8D1EE792146731C54
:100850003046EB71FFF732FF08B93046E0E7EB793D
:10086000013BEB71DCE76FF07700D9E76FF00B002D
:10087000D6E700BF155F0400DA680400D43904002D
:10088000180C00202DE9F341044640B91A4A1B48D0
:1008900002211EF085FD002002B0BDE8F08101AA12
:1008A000002141F20900FFF71FF9054608B1144A7B
:1008B000EDE7019E1349D6F80C8008F101070622E6
:1008C000384622F02BFE28B10F490622384622F086
:1008D00025FE18B93046FDF7A1FDDCE7D8F8013058
:1008E000C4F80130BB88A4F8053030462570FDF708
:1008F00095FD0120D0E700BF08690400D439040049
:1009000021690400225F04001C5F040007B56846EB
:10091000FFF7B8FF044BD87118B169460020FFF704
:10092000CDFE03B05DF804FB180C0020F0B5304D8F
:10093000EC7989B0002C53D195F8966016F0010639
:1009400010D12C4A2C4802211EF02AFDEC711626EB
:1009500000240127EB79E0B298422CD3002B3FD042
:1009600000203BE06A4621464FF60940FFF7BCF8FD
:1009700008B1224AE6E7DDF800C0DCF80C104B783D
:1009800023B96046FDF74AFD1D4ADBE78B1C02AA2E
:1009900001F1120418685968174603C70833A342C7
:1009A0003A46F7D1186838609B88BB806046FDF7EF
:1009B00035FD3446CAE708AB06FB0033694653F8F9
:1009C000182C33F8143CCDF80120ADF805308DF823
:1009D0000070FFF773FE01340028BBD009B0F0BDF2
:1009E0000021084609B0BDE8F040FFF7FDBE00BF9A
:1009F000180C00203F690400D43904006B6904001E
:100A00008B69040010B50C4649B1064B1B780B707E
:100A10000020FFF79BFE08B90123237010BD6FF083
:100A20001500FBE7180C00202DE9F04190460E461A
:100A30001D46024650B14BB13103047810D57307FF
:100A400008D52B4A2B4801211EF0AAFC6FF0150097
:100A5000BDE8F0811EF0FFFC0028F9D1012341E040
:100A6000F70730D5244FB8F1000F13D0B0060AD4E1
:100A7000C4EBC403FB5C012B13D02B70B20620D552
:100A800043F002030BE097F8B0305906F0D46FF052
:100A90008500DDE7C4EBC403FB5C012B01D02B70A8
:100AA0000FE0072101FB0471013110461EF07FFCAD
:100AB0000028CDD1C4EBC4043B5D2B70B8F1000F0E
:100AC000DCD10020C4E773070ED50B4EC4EBC4077E
:100AD000F35D012BE3D1072111FB043131441EF0FA
:100AE00066FCF35D2B70B3E71EF0B5FCB6E700BF04
:100AF000B4690400D4390400180C00202DE9F04F2B
:100B000091B0CDE903010025984614462B46161DE9
:100B100056F83300002207E054F8331001EBC2010D
:100B20000132497802310D449042F5D101339845A4
:100B3000EED1FB2D10D8B04BB3F8F8309D4229D937
:100B4000AE480093AE4A2B4602211CF068FB6FF0C2
:100B5000200011B0BDE8F08F039B072103F11000C6
:100B60001EF0B1FC0746002840F04081A24BB3F8CC
:100B7000F8309D42E4D8014610220CA822F0C6FCB1
:100B8000CDE90A483B46B94640F2726556F839004D
:100B9000002283E0039B0C2103F110001EF093FC64
:100BA00010B91F2D28BF1F2505F1040904985FFA0D
:100BB00089F1FEF7EFFC0746002800F01A8149464C
:100BC0000C30FDF76BFD4A460021064622F09EFCE4
:100BD00004EBC80306F1040B05934FF00008D4F8AA
:100BE00000A000236268934214D3059B0834A342FB
:100BF000F5D1039B86F803805B7833700498032358
:100C00007370002201233946B37011B0BDE8F04F74
:100C1000FEF76ABF9AF801209AF800C008F10200B6
:100C200081188D4213D2BCF1090FA5EB000201D14E
:100C3000002A0ADC7148734A01211CF0DDFA3846AB
:100C4000FDF7ECFB6FF0150083E74FF0080C5FFA3F
:100C500082F909F101010BF8081008F10101C9B28C
:100C60005BFA80F00BF801C0DAF80410069309F182
:100C7000020922F03DFC069BC1445FFA89F801336A
:100C80000AF1080AAEE754F8391001EBC2014978BD
:100C900002310B44AB42D5D8013201278242F2D156
:100CA00009F10109C8457FF471AF07B10F93012322
:100CB00006934FF000080F9D0DB9284649E7FB2D1C
:100CC000AB4628BF4FF0FB0B0BF104060498F1B2C2
:100CD000FEF760FC0590002800F08B8031460C3058
:100CE000FDF7DCFC039B5FFA8BF25B7803708246B6
:100CF00080F80280031D079200260C990D9A54F883
:100D00003100BDF838C000EBC20004EBC1074078E9
:100D1000023084450AD17868ADF8388001328242C9
:100D200003BF0131CDF834800C910D920C9A91459E
:100D300015D00D9954F8322012EBC10C0FD0BDF82C
:100D400038709819B7B99CF8012001329A550136CC
:100D5000F6B20127079AADF838709642CDD3B54266
:100D600029D229492948A8221BF04BFD2648A82151
:100D70001BF03EFD012F06D112F831200270013622
:100D8000F6B20227E6E79CF80120DCF804C00993DC
:100D9000D21B0232ABEB06018A4228BF0A46B91EBB
:100DA0006144089222F0A4FB089A099B174432443C
:100DB000BFB2D6B2CEE7069BAD1B93B1002D0CBFE0
:100DC00003230123DDE904018AF803608AF8013076
:100DD00000220F95FEF788FE00287FF4BAAE069039
:100DE00069E7B5FA85F35B095B00EBE76FF00A0092
:100DF000AFE66FF06800ACE6180C002094390400F0
:100E0000D9690400076A0400206A0400A45204009F
:100E1000F8B504694568064644B140F201432B40E9
:100E20003ED005F48263B3F5806F39D015F480634A
:100E300002D115F4F84F33D11A4BAB4330D01A4FCF
:100E40003078FB7983422BD9C0EBC00017490722C9
:100E5000384422F063FBA8B115F0010306D197F8DE
:100E60004320082A02D8B2689F2A19D915F0300FFA
:100E700009D0ACB1EA060AD405F46035B5F56030A6
:100E800018BF0120F8BDEB0601D4002CF4D1D6E93F
:100E900002239A4204D81F2A02D9B3F5804FEBD916
:100EA0000020EFE700060400180C0020155F040086
:100EB00008B504490722093022F030FB003818BF7A
:100EC000012008BD155F0400F8B5154B067883F8BE
:100ED000426004460D46FFF7EBFF70B911493046FA
:100EE00001F04CFF044610B96FF00B00F8BD05216E
:100EF00001F072FB2C600020F8E704F10907394685
:100F0000304601F07FFF40B92078394601F036FFC6
:100F100004460028E8D00621EAE76FF01500E5E76F
:100F2000180C00200E5F040038B504460D46FFF78C
:100F3000BFFF0346207873B90949052201F09AFFE3
:100F4000044660B14572002101F046FB2046BDE831
:100F5000384001F0FDBA062204F10901EEE738BD80
:100F60000E5F0400F8B50E4E0025002130461EF03D
:100F7000AAFA074668B90B4C582202FB05442046E2
:100F800022F0C4FA394630461EF0D3FA6570204686
:100F9000F8BD0135052D06F15806E6D10C46F6E7F9
:100FA000E8330020D83300202DE9F74FD1F810A006
:100FB0000746BAF100040E4642F236004FF019011E
:100FC000934618BF0124FEF7E5FA8146002800F099
:100FD000068119210C30FDF761FB1922002105461D
:100FE00022F094FA71683965224605F10A03384601
:100FF000FFF71AFD044630B14846FDF70FFA2046C8
:1010000003B0BDE8F08F07F10900BAF1000F00F05E
:10101000B98031691EF06FFA30461EF027FB7B78ED
:101020002B70B368EB70C3F307221B0C2A716B7132
:10103000F368AB71C3F307221B0CEA712B72804675
:1010400070681EF031FA0023AB747F23EB74012328
:1010500068722B75736803F44063B3F5806F14BF37
:1010600001230223AB757368D80442BF03232B7599
:10107000AB75736883F48064C4F3802459044FEA29
:10108000041448BF44F040049A0444BF44F02004D0
:10109000A4B2DB0544BF01232B76736813F0010F64
:1010A00003F4007100F08B8044F0010292B2BAF1B7
:1010B000000F6ED011B9BBF1000F65D044F00304EE
:1010C000A4B2DB06316905F10B004CBF44F0040209
:1010D00044F00C021EF00FFA92B2A2461446737846
:1010E000EB75B3786B75A5F8014001AA494642F249
:1010F0003600FEF7F9FC0446002880D10198C36849
:1011000093F901303B7607F11005FDF787F90121CE
:1011100028461EF00EFA6FF008011EF0DDF90007F8
:1011200055D46FF4804128461EF0D6F908F1FF33FC
:101130005A425A41284608211EF0E4F9A8F102015A
:101140004A424A41284609211EF0DCF972682846C5
:1011500002F001020A211EF0D5F9CAF34002284626
:101160000B211EF0CFF972682846C2F380020D21D0
:101170001EF0C8F972680C21C2F3802228461EF0C6
:10118000C1F93CE7174945E7B8F1020F96D014467C
:1011900097E758050DD444F00304A4B269B9BBF134
:1011A000000F0ED1B8F1020F0BD0BAF1000F88D1A9
:1011B00003E051B144F00304A4B2A2468FE7002932
:1011C000EDD044F00204A4B2EFE71446E7E7F91CBF
:1011D00038461EF0ECF80028A3D004460FE76FF065
:1011E00068040CE7155F0400042808B501D9002045
:1011F00008BD5823064A10FB03F303F11000002139
:1012000010441EF060F90028F1D09818F0E700BFF4
:10121000D833002010B5054CA06930B16FF0010142
:1012200010301EF059F90023A36110BD180C0020E6
:1012300073B5334B9E69002E3DD006F110050E218B
:1012400028461EF040F9B0B3072128461EF03BF9AE
:1012500088BB0A2128461EF036F960B301A9304642
:10126000FFF732FE38BB3046FFF722FE0E21024662
:1012700028461EF028F980F00104E4B20A2128462D
:1012800064001EF020F908B144F001040D21284645
:101290001EF019F908B144F0040421460DF10303CE
:1012A0003046FFF7C1FB044638B1164A0346012118
:1012B00015481BF0AAFF02B070BD304601211EF098
:1012C00027FA019E28B9304602B0BDE8704001F00F
:1012D0003FB92146304601F07FF96FF4804128463E
:1012E0001EF0FAF80446304601F032F96304E2D504
:1012F0000E21284602B0BDE870401EF01AB900BFAA
:10130000180C00206A6A040094390400F8B5174BE1
:10131000BFF35B8F1B68BFF35B8F5B0704460F4611
:10132000164619D5FFF774FDC8B1FFF71BFE054639
:10133000C0B123780370214647610022FFF734FED5
:10134000044638B16FF0010105F110001EF0C4F839
:101350002046F8BD3560FBE76FF00A04F8E76FF050
:101360001504F5E76FF00B04F2E700BFC00C002096
:10137000F0B500F1100785B005460E4600230721A1
:10138000384603931EF09FF8002855D10A213846AD
:101390001EF099F8C8BB002E41D1324606213846CE
:1013A0001EF0B0F80A2138461EF08DF838B90D212C
:1013B00038461EF088F810B928461EF04CF828462A
:1013C0001EF044F958B1022138461EF07CF803465D
:1013D00028B900900246014628461EF0EBF9324635
:1013E000012128461EF052F9044608B3144A154854
:1013F00001211BF001FF039D75B12846002101F07A
:10140000EBF8284601F0A4F806E003A92846FFF708
:101410005BFD04460028BED0204605B0F0BD3388F1
:1014200023B9B278003A18BF0122B7E70122B5E725
:1014300003980028E6D1EFE76FF07704ECE700BFF0
:101440004F6A0400943904002DE9F743C5686878B1
:10145000FFF7CAFEB5F80290044638B9424A43483D
:10146000012103B0BDE8F0431BF0C6BE04F1100833
:101470001EF051F9072140461EF025F83C4F064664
:101480006FF0800140461EF027F8237887F842303D
:101490000023397FFA8B5BB32B78002B35D10121E8
:1014A000484601F079F9064600283BD16FF040012B
:1014B00040461EF011F843060CD520461DF0E4FF0F
:1014C00063693BB11B682BB12A798DF8042001A90F
:1014D00020469847BB699C4242D10E2140461DF0F0
:1014E000F2FF002837D003B0BDE8F043FFF7A0BEFD
:1014F0000029D1D06B889342CED116B11D48FEF79A
:101500001DFF00233B770123C3E70A2140461DF05E
:10151000DAFF18B129782046FFF706FD2B78002B5B
:10152000C4D1BCE7236D1A035CBF317AC1EBC101A2
:1015300000F17E004CBFA11CC9191DF0DCFF6369DE
:101540002BB15B681BB1019601A920469847304634
:1015500000F0FEFFAAE703B0BDE8F043FFF75ABE74
:1015600003B0BDE8F08300BFA06A04009439040012
:10157000180C0020350C00207FB5C5682878FFF7CF
:1015800033FE044638B9134A1348012104B0BDE8BC
:1015900070401BF031BE43698BB19B687BB1013554
:1015A00028461DF0F8FD02AE294650B130461DF028
:1015B000E7FD636901969B6801A92046984704B03E
:1015C00070BD20781DF0EEFE014630461DF093FF01
:1015D000EFE700BFA06A040094390400034B002227
:1015E00099689A801960024B1A727047F8120020AD
:1015F00067650020F0B5054687B00F4642F242000D
:1016000006211646FDF7C6FF0446C0B106210C3080
:10161000FDF744F846800026477005700671467154
:10162000084A009503A920460623FDF7A1FF32468C
:10163000214642F24200FEF757FA07B0F0BD6FF0C4
:101640006800FAE7C00C002038B50546407A0C4621
:10165000FDF7DCFF2073A87AFDF7D8FF607395F9DA
:101660000C30A37195F90D306371EB7A2371EB891E
:1016700063812B88103BDBB20B2B96BF054A0523F9
:10168000D35CE3712B8883F0100303F01F032381E5
:1016900038BD00BF6D6C040008B50C4B0246400914
:1016A00003EB80001EF0B3F802F01F0340FA03F3CF
:1016B00013F0010006D122B905481EF0A8F840F346
:1016C000002008BD6FF07700FBE700BF3459002011
:1016D000C00C00202DE9F04788B08E48002200237E
:1016E00017F026F8002840F0A2808B488A4D1EF0A3
:1016F0008EF810F0010355D02B1D93E8070008ABBE
:1017000003E9070085481EF082F8C0F38013824881
:101710001EF07DF8024600287AD073B180490C2271
:1017200005A821F0FBFE00287CD0002211461046BF
:10173000FFF760FF0446002875D19DF815301907A2
:1017400003F0040576D5002D40F09A8028462E46F9
:10175000BDF81A3063B1BFF35B8F704B53E8001FC5
:1017600041F0800143E80012002AF7D1BFF35B8FFC
:101770000DF10301FFF746F90446002853D1002E6E
:1017800014BF08210321002D14BF05230023194491
:1017900042F24100FDF7FEFE074600287BD16FF0C4
:1017A000680440E05D485F4A1EF031F810F4807F25
:1017B0000ED09089D1891269ADF816004FF480746B
:1017C000ADF81440ADF81810ADF81A30079299E74B
:1017D000554C2068616805AB03C3A068186092F897
:1017E000B1304D481E0744BF05238DF815301EF05B
:1017F0000EF8840706D53023ADF818306023ADF815
:1018000016307FE744481EF002F84007F3D479E72A
:1018100043B10146FFF7EEFE044620B9404B286174
:10182000C3E9010000243B4817F038F8204608B00F
:10183000BDE8F087BDF816309DF81400ADF805300E
:10184000BDF818308DF80400ADF80730D5B101AE01
:10185000BDF81C200AB9BDF81620BDF81E300BB922
:10186000BDF818309DF814108DF80C10ADF80D204F
:10187000ADF80F305EB13078012808D103AD67E7CD
:101880000026E5E7421E5042504101AE60E74B1E84
:1018900058425841F2E700F10C0903214846FCF791
:1018A000FDFE9DF815809DF803300370C8F34003DA
:1018B00082468470437036B101238370052231461D
:1018C00048461DF0DDF955B19AF8023043F00403A3
:1018D0008AF802300522294648461DF0D1F9002237
:1018E000394642F24100FEF7FFF8044600289AD13B
:1018F000BDF81A2008F001010120FFF77BFE044625
:10190000002890D108AA12E90700054B83E80700D8
:1019100088E700BF5059002034590020C00C002037
:1019200044590020180C0020104204002DE9F34710
:10193000054638481DF06BFF1446C2070E4699460F
:1019400002D50B895B0761D428461DF024FC0028D2
:1019500046D0294668461DF013FC2F4F3B68A3B1C3
:1019600020461DF081F9B4F80480A4F804900546DF
:1019700023463F68F27996F905106846B847A36890
:10198000A4F8048013FA85F52560244BC6F800D02E
:101990001B68002B38D01D6805B1083D53F8082C92
:1019A000AAB12F46A3F1080520461DF05DF9B4F851
:1019B00004A0A4F804902B6880462146304698473E
:1019C000A368A4F804A013FA88F323603D46DDB1B0
:1019D000AF682B68B7B1083F002BE5D13D46F7E76C
:1019E0002B78FF2B09D10E4B186800909A889B79B1
:1019F0008DF80630ADF80420AFE729461DF0D2FC83
:101A00000346F1E7002BCFD10023336002B0BDE8DD
:101A1000F08700BF345900208059002078590020F9
:101A2000155F0400024B00221A60FFF7D7BD00BF0C
:101A30008059002010B5094C44220021204621F095
:101A400065FD04F11C0021F04AFB04F1300021F097
:101A500046FBBDE81040FFF7E5BF00BF345900204A
:101A6000032870B5054603D1BDE87040FFF732BECC
:101A7000FFF712FE0446D0B9BFF35B8F05F01F03DA
:101A800001269E400B4B6D0903EB850555E8003F91
:101A9000334345E80032002AF8D1BFF35B8FFFF7EC
:101AA00019FE044618B1F14328461DF0B6FE204643
:101AB00070BD00BF34590020032808B50AD000F0DB
:101AC0001F0301219940054B4009C94303EB8000E6
:101AD0001DF0A3FEBDE80840FFF7FCBD345900200F
:101AE00010B50020FFF7E8FF58B118F04BFC0020BC
:101AF000FFF7E2FF034620B1144A154802211BF00C
:101B000084FB6FF0800113481DF087FE11486FF4CD
:101B100000711DF082FE104B1B68B3B11C6804B14C
:101B2000083C53F8043C03B1984774B1A2682346BB
:101B300042B15B68A2F10804002BF5D1F6E7BDE8DD
:101B4000104018476368002BF9D110BDB46A040037
:101B5000CC3A0400C00C0020785900202DE9F04F49
:101B600000F10C0987B0804648461DF05AF8604DD8
:101B70000746002F39D05F481DF049FEC30707D440
:101B80005B4B1B7A8BB307B0BDE8F04FFFF726BD68
:101B9000B8F81030172B07D8574A5848012107B01A
:101BA000BDE8F04F1BF028BB18214846FCF75CFD50
:101BB000B8F8103090F817B0B0F800A09B45CAF301
:101BC000411604460AF0100A12D94C4800934C4AB8
:101BD0005B4602211BF023FB4046FCF791FABAF169
:101BE000000F02D1424B02221A7207B0BDE8F08FFB
:101BF000BAF1000F0FD002A9FFF726FDE37D4A4698
:101C000002A9A01CFFF792FEE17D4846FCF712FDF9
:101C1000013FFFB2ADE795F808A0BAF1000F05D17A
:101C2000FEB1022E36D1FFF7D9FCEDE7C27AEB798F
:101C30009A4215D1811C0722284621F06FFC78B901
:101C4000022EF0D0DFF8BCA0BAF80430BAF80620B3
:101C50005B4493422ADD02232B72012ED4D0E2E7AB
:101C600016B902A92046C7E7BAF1010F05D1264AE5
:101C7000224802211BF0C0FAC6E7022ED3D0234926
:101C8000234840F26D321AF0BCFD40F26D311F481E
:101C90001AF0AEFDD0F802202A60C288C37AAA806A
:101CA000027AEB710123AA712B72CBE72B7A022BFC
:101CB000D3D0D8F80C105A4650461CF0E1FF012E44
:101CC000A6D046B11149124840F28B321AF099FD64
:101CD00040F28B31DBE702A92046FFF7B5FCBAF8EA
:101CE0000430524602A9A01CFFF720FE9BE700BF6C
:101CF0006765002034590020DD6A0400CC3A0400F6
:101D0000F66A0400F8120020206B04003D6C040009
:101D1000A45204002DE9F04300F10C0785B00646FB
:101D200038461CF07EFFDFF89480DFF8949005467B
:101D300015B905B0BDE8F08340461DF068FDC30746
:101D4000F7D5338A082B07D81E4A1F48012105B052
:101D5000BDE8F0431BF050BA09213846FCF784FC7B
:101D6000037A328A01339A420446EDD30123ADF857
:101D70000C307F238DF80630037A034469465B7A82
:101D80008DF80530FF238DF804300023ADF80A30BC
:101D900002788DF80720042A98BF19F80230ADF8B0
:101DA0000830037A3A460130FFF7C0FD217A384601
:101DB0000131013DFCF73EFCEDB2B9E7345900209A
:101DC000796C0400DD6A0400CC3A0400F8B50546DD
:101DD00022481DF01CFD43070F463CD52A78012AF6
:101DE00003D96FF015042046F8BD6B780F2BF8D897
:101DF0006888031F9BB243F6FC74A342F1D8A988FC
:101E00000B1F9BB2A342ECD88842EAD37AB914489C
:101E10000022002316F08CFC04460028E3D1FFF7D3
:101E20003BFC044640B10E4816F038FDDBE71DF0E0
:101E300029FB0028EBD1D4E728686968094E0A4BD2
:101E400003C6A868306020461F60FFF709FE0446FD
:101E500006F12400E8E76FF00A04C4E7C00C002094
:101E600064590020385900208059002008B5FFF738
:101E7000D9FD0A4B0A4800226FF080011A601DF05C
:101E8000CCFC030604D506486FF400711DF0C5FCB8
:101E9000BDE808400020FFF70FBE00BF80590020BA
:101EA000C00C002010B50446FCF706F9044901EB0C
:101EB00000112046FCF70CFFBDE81040FDF716BDF1
:101EC0008459002070B5124B1C68054644B154F883
:101ED000143C143C13B1697A284698476469F5E7C5
:101EE0000C4C0D4EB44211D90C490D4840F28C7285
:101EF0001AF087FC094840F28C711AF079FC2368CB
:101F000013B1697A284698471834EBE7F7D370BDC8
:101F1000C45900204039040070390400866C040064
:101F2000A452040070B50E4605461DF038F901466E
:101F300040B10E490E4898221AF063FC0B489821D4
:101F40001AF056FC0B4800220023FCF7F7F8044671
:101F500058B1FCF7B1F8084B324603EB00132946A1
:101F60002046BDE87040FCF7E9BE70BD866C0400F9
:101F7000A4520400781B00208459002070B5044648
:101F800041B90D490D4840221AF03BFC0A48402156
:101F90001AF02EFCD1E901560022C1E901220848BD
:101FA00021F0BDF83DB1314620462B466FF06D0261
:101FB000BDE87040184770BD866C0400A452040050
:101FC000C01A002010B50C46817801290AD00B49AF
:101FD0000B4840F2D5321AF014FC084840F2D531D3
:101FE0001AF006FCA1691160E2691A60E27A04F154
:101FF00018000021BDE8104021F088BA866C04006A
:10200000A452040070B5054615480022002316F0BE
:10201000D3FD18BB134B1C6834B154F80C3C143C72
:1020200003B198476469F7E70F4C104EB4420FD9DB
:102030000F4910484FF4D2621AF0E3FB0C484FF4FA
:10204000D2611AF0D5FBA36803B198471834EDE7C5
:10205000F9D32846BDE8704017F002B970BD00BF43
:10206000541A0020C459002040390400703904007B
:10207000866C0400A452040037B504460430BFF354
:102080005B8F50E8003F43F4807240E80021002954
:10209000F7D1BFF35B8FD90532D41DF0EEFB10F4FE
:1020A000804F184D1BD095F8B0309A0628D51DF0FA
:1020B000C1F828B30DF1060101A8FDF705FEF8B936
:1020C000BDF80620BDF8041020461DF035F9034682
:1020D000B0B10D4A0D4801211BF097F810E095F8BA
:1020E000B0301B07DFD520461DF00CF9034620B1A8
:1020F000074A064801211BF088F8A37A072BD2D0A3
:1021000003B030BD180C0020D76C0400B4390400B3
:10211000B66C04002DE9F843044621F08DFA1D4BFE
:102120001A581D4B9A4211D1DFF8708040270025C4
:10213000EFF3118387F31288BFF36F8FE16981B9E1
:1021400083F31188BFF36F8FBDE8F88314491548F6
:102150004FF489721AF055FB11484FF489711AF047
:1021600047FB206A0A68E261814208BF226283F36A
:102170001188BFF36F8FD1E901694046C1E901556C
:1021800020F0CDFF1EB1002249462046B047FDF7A2
:10219000ADFBCDE708000000D0520020C01A00209F
:1021A000866C0400A45204000448B0F8DC30002B14
:1021B00000F1E00008BF0020704700BF180C0020AD
:1021C00030B5044621F038FA0D461249124A095832
:1021D00091428BB005D120460BB0BDE83040FFF7EF
:1021E00099BF24342146104621F017F800280ADA56
:1021F0000A490B484FF4A5721AF003FB07484FF445
:10220000A5711AF0F5FA1DB16946204617F02EF8AF
:102210000BB030BD08000000D0520020866C0400D6
:10222000A452040038B5002204468A4202D1002498
:10223000204638BD04F1C8030120BFF35B8F53E88B
:10224000005F002D04D143E8000CBCF1000FF6D173
:10225000BFF35B8F02D0D0340244E6E7002CE6D017
:10226000C8220021204621F051F904F14000044920
:1022700017F0E8F8034904F1240016F0F3FED7E75D
:10228000D92F0200C1F80300F7B50D46012116460B
:102290000446FFF795FF002128461CF0CDFF012ED4
:1022A0001BD0022E45D123693BB13D483D4A012157
:1022B0001AF0A2FF20461DF006FB2846FCF7DAF8CC
:1022C00020612269138A012B3AD820881CF0B6FFBE
:1022D000012128461CF0B0FF0CE0206940B9324AC9
:1022E0002F4831461AF088FF20461DF0ECFA01E035
:1022F0002F8A2FB9284603B0BDE8F040FCF78EB80E
:102300000C301CF0B5FC87420CD9284A24483146D1
:102310001AF072FF21690022204601F007F900231C
:102320002361E7E720692A8AE9680C301CF0A8FCE1
:10233000C7E71F4A1A48334601211AF066FFD3E760
:10234000D26816880436B6B2B342BED32846FCF72C
:1023500065F821690B8A9E420BD2164A10480096F6
:1023600001211AF05CFF204603B0BDE8F0401DF0EB
:10237000AABA002323610A7A012A0AD00E490F481B
:1023800040F2D9121AF03DFA0B4840F2D9111AF076
:102390002FFA204603B0BDE8F04001F0C7B800BFF7
:1023A000B4390400F36C0400106D04002E6D0400B9
:1023B000556D0400736D0400866C0400A452040083
:1023C00010B50346B0B100F1C80210461DF055FA31
:1023D000D8B1BFF35B8F411C52E8004F844204D157
:1023E00042E8001CBCF1000FF6D1BFF35B8FECD1CB
:1023F000184610BD0649074840F2CF521AF001FABC
:10240000034840F2CF511AF0F3F90346F0E700BF5A
:10241000866C0400A452040038B50122044600F181
:10242000BC03BFF35B8F53E8005F43E80021002942
:10243000F9D1BFF35B8F5DB9FFF7C2FF084BC4F85A
:10244000B850D3F8001104F1B80229B9C3E93F220A
:10245000BDE83840FDF74ABA0A60C3F80021F7E743
:10246000180C002070B5354DD5F8FC4014B9002685
:10247000304670BD324B5A8C22B1B5F8DC302BB9E6
:102480009B68FFDE1B68002BF1D0F6E7D5F8E8303B
:10249000002BECD02B4B1B68002BE8D054F8143CDD
:1024A000002BE4D054F8103C002BE0D054F80C3C46
:1024B000002BDCD014F8AE2C072AA4F1B8060DD1FD
:1024C0003046984750B104F108001DF0D6F90228B3
:1024D00004DC3046BDE87040FFF772BFD5F8FC3031
:1024E00053B91949194840F2C1321AF08AF916480D
:1024F00040F2C1311AF07CF9D5F800111A68C5F81C
:10250000FC208B4208BFC5F800219C42E9D1BFF3F3
:102510005B8F231D002253E8001F43E800200028A2
:10252000F9D1BFF35B8F304654F80C3C9847002834
:102530009ED03046FFF770FF9AE700BF180C0020CE
:10254000781B0020C01A0020866C0400A4520400EE
:1025500037B550B91C491D4840F2F7521AF051F9ED
:1025600040F2F75118481AF043F98578C478BFF360
:102570005B8FC83050E8003F5A1E40E80021002918
:10258000F8D1BFF35B8F01A801931DF076F9019B91
:10259000002B08DC0C490D4840F207621AF031F9B3
:1025A00040F20761DEE701280BD1094816F0CAFAAC
:1025B000084816F055FE012D03D1012C01D1FEF77C
:1025C00037FE03B030BD00BF866C0400A452040087
:1025D000541A002014130020F8B5867A8E4200AFFA
:1025E00004460D461AD1082E96BF614B614B53F835
:1025F00026306C4688B06A465F49C2E905134FF43D
:10260000007393835D4B42F8103F5D4800234FF405
:10261000E451F9F753FDA546BD46F8BD817226B9D0
:102620008378082B01D0FFF7CBFEA37A082B00F2AA
:102630009C8001A252F823F0932602001127020089
:102640001926020019260200192602001926020086
:10265000192602005D26020019260200A378042B29
:10266000DAD04848002118F033FF0023C4E90D33C5
:10267000E378012BD0D1A378012B04BF032384F886
:1026800094304FF42032002304F1400016F062FF32
:10269000C2E7A378042B03D12046FFF759FFBBE71D
:1026A000082EB9D801A353F826F000BF0327020073
:1026B000D1260200F5260200992602009926020082
:1026C00099260200F52602000327020003270200D4
:1026D00004F14005284616F0A9FF01212046FFF726
:1026E0006FFD20461DF0EFF800220023284616F06B
:1026F00097FF91E7637A002BCED02046FFF7E2FBED
:10270000CAE7214A2B461E4802211AF07EFD83E7C4
:10271000637A3E2B0FD16D4688B06A461B4BC2E9E7
:102720000534032342F8103F154800234FF4C451E9
:10273000F9F7C4FCAD46164D05F1E006616911B923
:10274000FDF7D4F868E7A2690B686361914208BF9E
:10275000A3612046FFF712FCB5F8DC30002B14BF54
:102760003046002016F0EEF9E8E70A4A2B46CAE7A1
:10277000304604008E6D0400986D040003000001D3
:10278000B439040024130020A96D0400C06D0400B6
:10279000180C0020E76D040070B5024605460E4691
:1027A0000A4801211DF098F8044610B9002420467B
:1027B00070BD83781E42FAD1054A06482B46022195
:1027C0001AF023FD2046FFF7C3FEEFE79035002007
:1027D000036E0400B4390400F8B5074609480D46F5
:1027E0001646FFF7EDFD044650B183781F4203D132
:1027F000BDE8F840FFF7ACBE3146A8472046F7E7F2
:10280000F8BD00BF90350020024900220120FFF7EB
:10281000E3BF00BFB5F803000A4A0B4908B5831AA5
:102820001B11904201FB03F30AD00849084840F20B
:102830002D6219F0E6FF054840F22D6119F0D8FF2E
:10284000D8B208BD90350020C54EECC4866C04009B
:10285000A45204002DE9F8430F46054690461C4655
:102860001646994620F0EBFC014650B1174918482E
:1028700040F2496219F0C5FF144840F2496119F06D
:10288000B7FF54EA080408D020F0D6FE114A124BD4
:1028900012589A4204BF0E46B146104932464B4682
:1028A000002D14BF284608461CF085F9044638B9A7
:1028B0000B4A0C4802211AF09FFC2046BDE8F88321
:1028C000791D0C30FBF77EFEF7E700BF866C040035
:1028D000A452040008000000D0520020DC1A00209E
:1028E0001A6E0400B439040010B50446054816F009
:1028F000B7FC204600F098FC2046BDE81040FFF7EA
:10290000E1BA00BF0413002010B5837A023B0446ED
:10291000062B24D8DFE803F00B0423232319090036
:10292000417200212046FFF757FE002010BD83783A
:10293000012BFAD00B490C4840F2737219F061FF79
:10294000084840F2737119F053FF00881CF0B7FC7F
:102950000028EBD1A37A072BE7D10821E2E76FF03B
:102960007F00E3E7866C0400A45204002DE9F04FD9
:1029700087B000AF0025FD607D61FFF773FD044661
:10298000F8B1837A072B26D06E4688B06A469F4BF3
:10299000C2E90530032342F8103F9D482B464FF40F
:1029A000C451F9F78BFBB5464FF0FF31D4F8A43092
:1029B00007F1100220469847014630B92046FFF73C
:1029C000C7FD1C37BD46BDE8F08F7B69FA6820461D
:1029D0001CF059FFE8E7DFF83C82D0F8A430B8F8E3
:1029E000DC1007F11002984706460028E6D0B8F838
:1029F000DC203B699A4208D30146D4F8A85007F17D
:102A0000140307F10C022046A8477B697B60338AD8
:102A1000D7E903BA53B98049804840F2912219F0AE
:102A2000F0FE40F291217C4819F0E2FE30461CF0A5
:102A3000B6FB814640B17849784840F2972219F0B8
:102A4000E0FE40F29721EEE7B8F8DC307448002B46
:102A500008BF00200022002316F0AEF840B16E49F6
:102A60006E4840F2A62219F0CCFE40F2A621DAE729
:102A70006C480022002316F00DF8054640B966495F
:102A800066484FF42C7219F0BCFE4FF42C71CAE763
:102A90007B68C0F804B08360B8F8DCB0337ADA45FC
:102AA00098BF1FFA8AFB012B08D05B495B484FF4A3
:102AB000317219F0A6FE4FF43171B4E7338A5B45E9
:102AC00010D93046FBF7D6FC5946FFF72BFA834660
:102AD00058B95149514840F2D22219F092FE40F2C1
:102AE000D221A0E759463046EFE7B8F8DC2094F849
:102AF000C430924594BF02334FF0010984F8C4906A
:102B000098BFDBB204F1C00ABFF35B8F5AE8002F15
:102B100001324AE800210029F8D1BFF35B8F00227F
:102B20002A60A2697AB9C4E9055594F80290B9F10E
:102B3000010F0BD03849394840F2F62219F061FEF6
:102B400040F2F6216FE71560A561EEE704210BF175
:102B50000C007B60FBF752FD7B68228803F0FD03CD
:102B600042EA03330380BBF81030043B4380022366
:102B70008BF818305846FCF771FD002843D0786078
:102B8000BFF35B8F5AE8002F013A4AE80021002981
:102B9000F8D1BFF35B8F294604F114001CF04CFE02
:102BA000214A7B681A4849461AF02FFB5846FBF722
:102BB00035FC20462946FFF7E1F9B8F8DC30184823
:102BC000002B08BF002015F0BDFF6D4688B06A4697
:102BD000164B53616FF00403C2E90634042342F834
:102BE000103F0B4800234FF40151F9F767FA3146C3
:102BF00020467B69FA68AD461CF045FE132120464D
:102C0000FFF782FEDAE6FCF771FED7E6436E0400BA
:102C1000B4390400180C0020866C0400A45204008F
:102C2000F80C0020C01A0020EA6404005A6E040068
:102C3000F8B5031D044618461CF01FFE020519D501
:102C4000B4F88620B4F88810914213D8B4F88A10EA
:102C500091420FD3D4E9231291420BD1BFF35B8F82
:102C600053E8001F21F4006143E80012002AF7D165
:102C7000BFF35B8F164B1D686DB155F8046C143DA6
:102C80003EB1B4F88E30B4F88C20B4F886102046EB
:102C9000B0476D69F0E70F4D0F4FBD4216D90F4990
:102CA0000F4840F2D77219F0ACFD0C4840F2D771D2
:102CB00019F09EFD2E693EB1B4F88E30B4F88C2028
:102CC000B4F886102046B0471835E6E7F2D3F8BDD1
:102CD000C45900204039040070390400866C040097
:102CE000A45204002DE9F041074608460D461CF0A9
:102CF000A6FA064618B900263046BDE8F0811A4B00
:102D00001C6884B154F8083C143C0BB96469F8E7BA
:102D10002946384698470028EDD028461CF08FFAFF
:102D20000028F3D1E7E7114CDFF84480444514D97B
:102D30001049114840F61F0219F063FD0D4840F696
:102D40001F0119F055FD2946384698470028D2D072
:102D500028461CF074FA20B9CDE7CDD2E368002BE9
:102D6000F1D11834E2E700BFC45900204039040013
:102D700070390400866C0400A452040038B505467E
:102D80000C460E480121FFF74DFAB0B105722368D9
:102D90000367A388A0F87430A37980F87630012304
:102DA0008370074BC0F8A430064BC0F8A830064B20
:102DB000C0F8AC30054BC0F8883038BD90350020E5
:102DC0004D330200C51F02006FF8030018002800F1
:102DD00070B505460A480E46FFF7F2FA044620B1E0
:102DE0008378012B04D0FFF7B3FB0024204670BD8D
:102DF000324629461CF092FD0028F7D12046F2E722
:102E000090350020B0B500AF0D46FFF7E1FF044656
:102E100008B32846FBF7A2FCA37A082B96BF0F4AFB
:102E20000F4B52F823306D468AB06A460D49C2E90D
:102E300007030D4B53620D4BC2E9051442F8103FD6
:102E40000B4800234FF44251F9F738F92046AD46BC
:102E5000FFF77EFB0120BD46B0BD00BF3046040039
:102E60008E6D04007D6E0400010302040500000263
:102E7000B4390400F8B505460E480E461746FFF76C
:102E80009FFA044620B18378012B03D0FFF760FB43
:102E900000240DE036B1324629461CF03FFD08B94A
:102EA0002046F3E7A37ABB42FAD1237AAB42F7D1AB
:102EB0002046F8BD9035002010B583780B70C3789C
:102EC0004B70037A8B70837A082B0CD8244AD35C1E
:102ED0000B7701234B770023CB838378012B0DD015
:102EE0006FF0150010BD1F491F4840F6693219F0F8
:102EF00088FC1C4840F6693119F07AFC00F1700337
:102F00008B60037A194AC3EBC30313444B60C47844
:102F100000F17E0300F1770214B11C4613462246ED
:102F2000C1E90323B0F886308B82B0F88C30CB82B5
:102F3000B0F88E300B83D0F8A03023B15B7BDA067B
:102F400044BF0123CB77D0F8A03013B15B7B9B0645
:102F500001D40020C6E7CB7F43F00203CB77F8E72C
:102F6000056F0400866C0400A4520400180C0020B5
:102F700038B5044608460D461CF061F938B3154BC8
:102F800093F8B030990707D4E37873B12946204607
:102F9000BDE8384000F0F6BA94F895309A07F3D5BA
:102FA000201D1CF06AFCC304EED4294620461CF008
:102FB000D7FC58B92B88A4F888306B88A4F88A30DD
:102FC000AB88A4F89030EB88A4F8923038BD6FF04D
:102FD0001500FBE7180C0020F7B510F8363C044646
:102FE000A0F140066BBB30461CF06CFD404B1D68E9
:102FF0004DB155F8103C143D1BB114F8371C304648
:1030000098476D69F4E73B4D3B4FBD4212D93B49B0
:103010003B4840F29D7219F0F4FB384840F29D7134
:1030200019F0E6FB6B681BB114F8371C3046984763
:103030001835EAE7F6D3304603B0BDE8F040FFF7B5
:1030400087BA10F83E3C012B31D1BFF35B8FA0F162
:103050003C0555E8003F23F4006245E800210029C3
:10306000F7D1BFF35B8F190529D5A36C009369468F
:10307000236D01933046FFF77BFF0346C8B9BFF3CA
:103080005B8F55E8003F23F4806345E80032002A57
:10309000F7D1BFF35B8FBFF35B8F55E8003F43F47D
:1030A000007345E80032002AF7D1BFF35B8F03B00D
:1030B000F0BD144A144802211AF0A7F8EBE7134AAE
:1030C0004FF4281369463046CDE90023FFF750FF3F
:1030D000034650B9BFF35B8F55E8003F43F480636C
:1030E00045E80032002AD4D0F6E7094AE2E700BFFB
:1030F000C45900204039040070390400866C040073
:10310000A4520400B66E0400B4390400180028006C
:10311000DB6E040070B50C480C4D0B4E1FF0F2FF37
:1031200000242946304601341FF0F9FF042C05F134
:103130000C05F6D11DF0A2F81DF0CDFB044608B930
:103140001CF00DFD204670BDC01A002094590020CF
:1031500008B50346034A044801211AF056F8002036
:1031600008BD00BF976F0400DC39040080B500AFD4
:1031700088B06A46074BC2E90530032342F8103F86
:10318000054800234FF4C251F8F798FF6FF00B0089
:10319000BD4680BDBF6F0400DC390400044B1A68D3
:1031A0000AB1FFF7E3BF034858600B601046704751
:1031B000CC5900207446040010B50268D2F8B03033
:1031C00053B9174917484FF42F7219F01AFB4FF4EF
:1031D0002F71134819F00CFBD2F8B4401968C2F8EB
:1031E000B010A34208BFC2F8B41000F14C029342E1
:1031F000E7D1BFF35B8F5030002250E8003F40E83A
:1032000000210029F9D1BFF35B8F43B90449054878
:103210004FF4307219F0F5FA4FF43071D9E710BD60
:10322000E66F0400A4520400F7B52D4D2D4F04465F
:103230000026BD4251D92C492C484FF4C97219F0CF
:10324000E0FA29484FF4C97119F0D2FA6B6801A964
:103250002046984700283BDB019B2A889A829A8463
:1032600003F11002A868BFF35B8F52E8001F42E829
:10327000006CBCF1000FF8D1BFF35B8FC3E914669B
:10328000DE649E60A16B03F1080219BBC4E90D2244
:103290001C60D86003F130001FF034FF01984368D0
:1032A0001B6803B19847019BBFF35B8F103353E852
:1032B000001F41F0010143E80012002AF7D1BFF3DB
:1032C0005B8F01984368DB6913B100F110019847E7
:1032D0000C35AEE70A60A263DAE7B7D303B0F0BDFE
:1032E0001C39040040390400E66F0400A4520400B5
:1032F00073B5054618462B680BB39B7A072B1ED176
:10330000002A0E7A14BF022301239E4209DD0D4AD2
:103310000D480096012119F082FF6FF0150002B0F0
:1033200070BDCB7A072BF8D9C8618A6105F13000EE
:103330001FF0F5FE28461CF058FB0020EFE76FF069
:103340007F00ECE717700400DC3904002DE9F0473A
:10335000D0F8B04000AF0E4691464CB14C3C236BC8
:103360006BB104F1300A50461FF0EEFE054658B925
:10337000FCF7BCFA00252846BD46BDE8F08720468C
:10338000FFF71AFFE46CE8E71BF009FF80B16C4619
:1033900088B06A46304BC2E90535032342F8103F36
:1033A0002E4800234FF4C251F8F788FEA546E1E706
:1033B000636DB3B9A38CB5F81080403B9BB23F2B33
:1033C00003D8238D984528BF9846042105F10C00A9
:1033D000FBF714F9A0F80080A38C438008F10403E4
:1033E0006365636D2A8AB34220D8934211D10022CB
:1033F0000023504615F04EFB854220D0184919484D
:1034000040F2CB3219F0FDF9154840F2CB3119F0FA
:10341000EFF9A38C403B9BB23F2B19D92046FFF715
:10342000CBFE236B13B120461CF0DFFA636DC9F8A5
:1034300000309E4234BF9E1B002666659BE7A38C2E
:10344000A3F140023F2AE9D8074AAA61EB61E5E708
:1034500000221346F9E700BF37700400DC3904008E
:10346000E66F0400A45204000FFB030073B50D4681
:103470000646042105F10C00FBF7F6F82B8A42887A
:103480009A42044607D01B48009201211A4A19F0BB
:10349000C6FE02B070BD43783BB9184A15480121F9
:1034A00002B0BDE8704019F0A7BE0378012BF0D040
:1034B000132B03D1012AECD8114AEFE7114A0D482A
:1034C000022119F0A2FE61783568022201201CF069
:1034D00070FA04460028DCD002210C30FBF7DEF83D
:1034E0000023037043702146284602B0BDE87040B7
:1034F0001CF01ABBDC3904004F700400707004002B
:1035000091700400AD70040008B50B8A032B06D837
:10351000044A0548012119F06FFE002008BDFFF79D
:10352000A5FFFAE7D5700400DC39040038B50B8A32
:10353000032B05460C4609D80F4A1048012119F003
:103540005BFE2046BDE83840FAF768BF042104F16D
:103550000C00FBF789F8418828461CF0F6FA30B9D0
:10356000074A06480B46022119F04FFEE9E7436877
:1035700021465B699847E4E7F3700400DC390400F6
:103580001071040070B5124B0C4619780131C9B2A4
:10359000012938BF012105460822122019701CF0AC
:1035A00008FA064688B108210C30FBF777F8228824
:1035B000028062884280A2888280E288C28031468E
:1035C0002846BDE870401CF0AFBA6FF00B0070BD2C
:1035D0005566002023281FD81A2804D8431E182B0C
:1035E0000ED906207047A0F11B03082B1ED8DFE878
:1035F00003F0051D1B231D19251D05000320704721
:103600000F4A012383401A40C2B90E4A1A40002AC9
:1036100014BF01200620704700F07F03522B05D114
:1036200000207047012070470520704710F0400FC0
:103630000CBF06200020704704207047022070470E
:10364000AAAA8A0254554501011F014814F0E8BF97
:103650002019002010B500F158030446BFF35B8F1A
:1036600053E8001F41F0010143E80012002AF7D19E
:10367000BFF35B8F201F1CF031FB04F17C00044979
:1036800015F0E0FE2068BDE8104002F0C5BD00BFA7
:10369000F14602002DE9FF4105460E464FF00008B5
:1036A0004FF42053006817688DF8088002A914466B
:1036B000ADF80A301BF008FDA0B142F601032868FE
:1036C0008DF80C8003A9ADF80E301BF0FDFC48B15D
:1036D00023691BB15A88B24200D25E80012004B037
:1036E000BDE8F081616828681BF0EEFC10B1002392
:1036F0002361F3E7E368A0681A786AB1B7F81AC0E3
:10370000798D038A8C4594BFC3EB0C03C3EB010393
:10371000934201DA0020E2E704210C30FAF7BEFF01
:103720002061068023695E80074B00930194A268A4
:103730000023294638461CF014FB0028EADB2069E8
:10374000003818BF0120CAE743FD03002DE9F0410E
:1037500082B000AF044688463E4800220023394626
:1037600014F0ECFE0546B0B16D4688B06A463A4B9F
:10377000C2E90534032342F8103F384800234FF4D0
:10378000C251F8F79BFCAD466FF00B063046083788
:10379000BD46BDE8F0811FF04FFF314B3E681A581F
:1037A000304B29461A60301D2C221FF0AFFE3460CA
:1037B0003C682D487D60C4E90155C4E90A550022E2
:1037C0000023391D14F0BAFE064688B123686C4602
:1037D00088B06A462549C2E90513032342F8103F21
:1037E0001E482B464FF4C451F8F768FCA546CBE7BA
:1037F0007B680146B82218461FF088FE1C4A82608A
:1038000064301FF07FFC7B68BFF35B8F5C3353E851
:10381000002F43E800610029F9D1BFF35B8F7B687B
:103820001C60A36A7D681BB904F10C001FF06AFCE0
:10383000A26AC5F8B020E26A05F1B003A36202B93A
:10384000E3627B6817225A855A830433C8F8003034
:103850009CE700BF001900204C710400A43904004B
:1038600008000000845A0020201900207171040013
:10387000341300202DE9F743176805468846006891
:1038800051687E6814461BF01FFC8146002842D117
:103890003046952229461CF09BFF0646207540B114
:1038A000E3681B780BB184F81490002003B0BDE8E6
:1038B000F083A068FAF7F4FD02210C30FAF7EEFE6F
:1038C000164B2061A0F8008000930194A268334653
:1038D000294638461CF045FA002807DA10F1FF0F98
:1038E00026BF4042C0B20E202075DEE72369002BC0
:1038F000DBD0A0681CF03EF97B8B7A8D9A4294BF96
:10390000C0EB0200C0EB0300E3681B78984294BF51
:1039100000200120CAE70120C8E700BF85FB0300A3
:103920002DE9F04F91B0166880460F46002542F60B
:1039300001030068D6F804908DF82C500BA91446AA
:10394000ADF82E301BF0C0FB002870D04FF4205390
:10395000D8F800008DF82C500BA9ADF82E301BF0D4
:10396000B3FB38B1A3681BB15A88BA4200D25F805A
:1039700001200EE0616808461CF0FCF8728B738D24
:103980009A4294BFC0EB0200C0EB0300032803D8A7
:10399000002011B0BDE8F08F0846FAF781FD05461A
:1039A00060681CF0E7F8728B738D05F10C0B9A427E
:1039B00094BFC0EB020AC0EB030A58461BF058F94B
:1039C000824537D260681CF0D5F8728B738D9A42AD
:1039D00094BFC0EB0200C0EB030070B96368987A33
:1039E000FAF762FB002200231BF0E5F805460028E9
:1039F000CED001466068FAF791FD00230093D8F815
:103A00000460102302AA41464846B047061E0EDB5A
:103A1000227CE068B2422BD001460BA81BF082FB4F
:103A200060B9237C144A1548022119F0EEFB0023EB
:103A3000A3609DE758461BF01BF9CEE7F2B202A93E
:103A400006A81BF06FFB10B90D4A3346EBE706A939
:103A50000BA81BF039FB0028E9D100236374042173
:103A600005F10C00FAF71AFEA0600780A3687EE754
:103A700002A91FF053FDEEE796710400A43904007B
:103A8000B571040008B5837A072B06D00C4A0221D1
:103A90000C481CF089F8002008BD04211CF055F8E2
:103AA00010B9094A0121F3E7BFF35B8F836DBFF3C0
:103AB0005B8FDB0701D4054AF4E750F8040CEBE711
:103AC000D4710400A4390400E2710400FD71040003
:103AD00010B50446807AFAF7E7FA0B4B83420AD016
:103AE0000A490B484FF48D7218F08BFE07484FF4CB
:103AF0008D7118F07DFE2046FAF7DEFA054B18228C
:103B000002FB003010BD00BF101B00201772040024
:103B1000A4520400245A00202DE9F0470746084625
:103B20000C46FFF7D5FFE368D0F80890BFF35B8F32
:103B3000FA6DBFF35B8FD207064609D4284A29489D
:103B400001211CF031F86FF015052846BDE8F0871B
:103B5000228A52B9244925484FF4B37218F051FE15
:103B600021484FF4B37118F043FEE26812780271F5
:103B7000002202601B78D22B0FD13B6821461868C7
:103B80001CF0A6FE054640B1194A164801211CF05A
:103B90000BF82046FAF742FCD7E704F10C001BF0C3
:103BA00063F80023B4F810A0B76080461A46214697
:103BB000381DFFF79DFB05460028C6D010F1690FA0
:103BC00004D10C4A074801211BF0EEFF6369A4F8F9
:103BD00010A013FA88F3E360C6F808903560B4E7E4
:103BE000FD710400A439040017720400A4520400FB
:103BF000467204005972040008B550B917491848B4
:103C000040F27A3218F0FDFD40F27A31134818F094
:103C1000EFFD41B91149124840F27B3218F0F1FD35
:103C200040F27B31F2E74A6842B90C490C484FF444
:103C30005F7218F0E6FD4FF45F71E7E7036E43B182
:103C40000649074840F27D3218F0DBFD40F27D3135
:103C5000DCE7BDE808401CF0B1B900BF17720400F2
:103C6000A45204002DE9F14F0546FFF731FF002172
:103C70001822D0E90246D0F800A090F80490C78836
:103C8000D0F810801FF042FCA87AFAF70DFA6969A3
:103C9000834651B16B7AD80705D4DBF82C301B680A
:103CA00028469B68984700236B61294658461FF0B9
:103CB00041FAB9F1000F4DD0002C4BD02368002BF6
:103CC00048D01B68002B45D0BAF1000F08D02C4A11
:103CD0002C485346012101B0BDE8F04F19F095BAC8
:103CE000201D1CF004FA4846FFF774FC05283CD858
:103CF000012303FA00F010F014052BD110F0090F86
:103D00001DD110F0220F30D0BFF35B8FE36DBFF3F6
:103D10005B8FDA0707D41C4A1A48012101B0BDE8BD
:103D2000F04F1BF041BF236EA3B14FF4702200236C
:103D300004F1800001B0BDE8F04F15F071BC2368BC
:103D4000D3F80090BFF35B8FE36DBFF35B8FDB07AE
:103D5000E1D536B901B0BDE8F08F41464846B047DD
:103D60000135ABB2BB42F8D3F4E7084908484FF439
:103D70002F7218F046FD05484FF42F7118F038FDEA
:103D80007C720400A4390400FD7104001772040061
:103D9000A452040073B50D46438D418B8B4202F152
:103DA000010228BF0B469A42064609D917480092DD
:103DB0000221174A19F033FA0024204602B070BDE0
:103DC0002846FFF707FC022812D0042810D04FF035
:103DD000FF324FF0FF330F4800211BF08BFE0446EB
:103DE00050B90D4A09482B46012119F00EFAE3E7B4
:103DF0004FF470220023EEE7FFF76AFE0121866090
:103E000004F10C00FAF74AFC0570D6E7A439040067
:103E10009B720400101B0020976F0400F7B50B8AFB
:103E2000076804460D463BB9294A2A4801211BF080
:103E3000BBFE002003B0F0BD012105F10C00FAF734
:103E400013FCBB7A072B0646F3D154F8043C002B35
:103E5000EFD003782048043C002210F832709F42D3
:103E600000EBC2010FD12A8A48788F78904222D97C
:103E70001848009301211346184A19F0D0F9012F70
:103E8000D7D1042320E001320E2AE6D11148144A8A
:103E9000022119F0BAF931780846FFF79BFB002898
:103EA000C7D00528C5D00029C3D00623002220464C
:103EB0001CF061F9BDE74B68204629469847012F61
:103EC0000346B6D10028B4D031780029B1D0EDE74F
:103ED000C0720400A43904009C460400F57204007A
:103EE000DB720400F0B51E4603680D46003987B04A
:103EF000044618BF0121186817461CF085FC40B91C
:103F000004F15C001BF0EFFF002844D0002007B054
:103F1000F0BD002E41D01822002168461FF0F6FAAD
:103F200047BB23681E4A1B6800930023ADF812307C
:103F30000C9B0393BDF83430ADF8103001238DF89D
:103F4000143031466B4630468DF808501BF05FFE4A
:103F50009DF81430C3B1002FD8D00198FAF75EFA5B
:103F60009DF81430002DD1D03246294620461CF051
:103F700002F9CBE7002239462046FFF70BFF0190FC
:103F80000028CED11120C2E701990029BED02046D9
:103F90001CF0E3F8BAE71220B9E70120B7E700BF49
:103FA000ADFB0300F8B50F461646FFF76BFDB0B149
:103FB000846A20461CB150F8B04904B1B03C731C6F
:103FC000194638B1428D458BAA4228BF2A469A42EB
:103FD00007D264B90A4A0B48022119F016F90020E9
:103FE000F8BD32463946BDE8F840FFF7D3BED4F8F5
:103FF000B05005B1B03D20460B462C46E2E700BF6D
:1040000014730400A4390400F8B54FF47022074675
:1040100000230F480D461AF0CEFD044638B90D4A6C
:104020000D482B46012119F0F0F82046F8BD00F1AB
:104030000C0609213046FAF7C5FA2046FFF748FD7D
:10404000012187603046FAF729FB0570EDE700BFD4
:10405000101B0020976F0400A43904002DE9F041E3
:104060000E8A043EF6B2022E04468CB0084601D0F9
:10407000102E64D104210C30FAF7F6FA0DF108087D
:1040800005884788011D324640461BF04BF8002842
:1040900057D09DB3002687B3BD422FD84FF420538D
:1040A00001A940468DF80460ADF806301BF00CF80D
:1040B00040BB1422002107A81FF028FA1121204636
:1040C000FFF7A2FF0990002837D001210C30CDE97D
:1040D0000748FAF7E3FA00230A901B4A03703946AF
:1040E0000B93284607AB1BF092FD0A9B1B78FBB98C
:1040F0000998FAF793F90A2301E03D4601232A467D
:1041000010210EE042F6010307A940468DF81C601D
:10411000ADF81E301AF0D8FF0028CAD010232A4666
:10412000194620461CF027F800200CB0BDE8F081AD
:10413000099920461CF011F8F6E71120F5E7042054
:10414000F3E70E20F1E700BF953602002DE9F043BA
:10415000036885B004460D46186801211CF054FB25
:1041600040B904F15C001BF0BEFEB0BB122005B0EC
:10417000BDE8F0831022002168461FF0C7F9212115
:104180002046FFF741FF029048B3DFF858900094B3
:1041900005F10C074FF001082B8A012B04D8029976
:1041A00020461BF0DAFF18E038461AF042FD6B4655
:1041B0004A46014606468DF80C801BF028FD9DF806
:1041C0000C30002BE8D00298FAF728F99DF80C3053
:1041D0003246202120461BF0CEFF0020C7E71120E9
:1041E000C5E700BF4BFF03002DE9F043036885B02E
:1041F00004460D46186801211CF006FB40B904F185
:104200005C001BF070FEB0BB122005B0BDE8F0836F
:104210001022002168461FF079F90F212046FFF790
:10422000F3FE029048B3DFF85890009405F10C07B4
:104230004FF001082B8A012B04D8029920461BF06D
:104240008CFF18E038461AF0F4FC6B464A460146EB
:1042500006468DF80C801BF0DAFC9DF80C30002B24
:10426000E8D00298FAF7DAF89DF80C3032460E21C1
:1042700020461BF080FF0020C7E71120C5E700BFE4
:1042800005FF0300F0B51D46036885B004460E46E1
:104290001868012117461CF0B7FA38B904F15C0020
:1042A0001BF021FE48BB122005B0F0BD65B3102203
:1042B000002168461FF02AF939462046FFF7A4FE80
:1042C000029018B3BDF82830ADF8043001238DF802
:1042D0000C300F4A00946B46294628461BF097FC89
:1042E0009DF80C305BB10298FAF798F89DF80C3005
:1042F0002A46314620461BF03EFF0020D4E70299B3
:1043000020461BF02AFFF8E70120CDE71120CBE77C
:1043100005FF03002DE9F0410D8A043DEDB2022DA9
:1043200004468CB0084601D0102D68D104210C3011
:10433000FAF79AF90DF1040806884788011D2A4604
:1043400040461AF0EFFE00285BD0BEB3AFB3BE42CA
:1043500034D800238DF8183006A942F62A33404697
:10436000ADF81A301AF0B0FE80BB182200210DEB18
:1043700002001FF0CBF809212046FFF745FE089008
:1043800000283AD001210C30CDE90648FAF786F929
:104390000023099003700A238DF82C301A4A06ABCB
:1043A000394630461BF033FC9DF82C3003B3089897
:1043B000FAF734F89DF82C3001E03E4601233246EE
:1043C000082120461BF0D7FE00200EE023680121C3
:1043D00018681CF019FA0028C7D104F15C001BF022
:1043E00082FD002814BF002012200CB0BDE8F0812F
:1043F000089920461BF0B1FEE6E71120F5E70420FE
:10440000F3E70E20F1E700BF753802002DE9F04315
:104410000F4687B00446062107F10C00FAF724F98D
:104420000588B0F802808288D7F80C90C5B10023C7
:10443000B8F1000F13D0454512D88DF800308DF833
:10444000043001A94FF420536846ADF80220ADF8BE
:1044500006301AF039FE064660B10A2301E04546EF
:1044600001232A46062120461BF085FE002007B0C6
:10447000BDE8F0830146142201A83F7C1FF046F8F6
:1044800007212046FFF7C0FD0290D8B10A238DF81E
:1044900015300D4A019401AB41462846CDE9036928
:1044A0008DF814701BF0B3FB9DF815302BB10298FA
:1044B000F9F7B4FF9DF81530D3E7029920461BF0B9
:1044C0004CFED3E71120D2E7213902007FB5CB683B
:1044D0001D885E88044685B176B1B5420DD810229C
:1044E000002168461FF012F805212046FFF78CFDD9
:1044F000019058B9112007E0354601232A460421CE
:1045000020461BF038FE002004B070BD6B46094AFF
:104510000094314628461BF07AFB029B23B9019890
:10452000F9F77CFF0A23E9E7019920461BF015FE05
:10453000E9E700BF25FC030013B50B4600210191FC
:104540000E4902461FF078F80C680D4909580D48CD
:104550008C4208BF002201A908BF134613F0EEFFEA
:10456000014640B9019B102218461EF0CFFF0346BA
:10457000184602B010BD0023FAE700BF845A00209D
:1045800008000000C019002010B50446806818B16A
:10459000F9F744FF0023A36021460248BDE810401C
:1045A00014F03EB8C01900202DE9F34704468030CE
:1045B0000E4617461D4615F039F8206E58B9174AB1
:1045C000174802211BF0F0FA20681BF048FD00207C
:1045D00002B0BDE8F087134B98424FF0000802D1BB
:1045E000C4F86080F0E7D0F80490C0F80480206E32
:1045F000D0F80CA0FFF7C8FF2068C4F860801BF05B
:104600002EFDB9F1000FE2D02068CDF800A00068BF
:104610003B4632462946C847D9E700BF2F730400FE
:10462000A4390400885A0020F7B550F8044C054618
:10463000002C59D000F1AC0104F128001BF038FC2B
:104640002E1F05F1600700220023384614F022FADD
:10465000024678BBEB6D2BB101466FF06703304625
:10466000FFF7A2FF002345F8043C05F15803BFF310
:104670005B8F53E8001F21F0010143E80012002A7C
:10468000F7D1BFF35B8FA36A73BB04F10C06002262
:104690000023304614F0FEF978B9666886B91348ED
:1046A0002660214613F0BCFF286803B0BDE8F04047
:1046B00001F006BFF9F7B2FEC5E7F9F7AFFEE6E78E
:1046C000A26833686360964208BFA36077683FB111
:1046D000F3680093002320681A466FF06701B8471B
:1046E0003046FFF751FFD8E703B0F0BD00190020B6
:1046F0002DE9F04192B050F8803C06AF06461868AC
:104700001BF02CF9037804463D1D032B47D8DFE846
:1047100003F00240424425492846F5F743F9A379BE
:10472000059562780492A2780392E2780292227947
:1047300001926279009207F110081D4A1E2140463D
:1047400017F0A6FA6C4688B006AA1A4BC2E90538DB
:104750004FF400739383184B42F8103F00234FF43B
:10476000E2511648F7F7AAFCA6F17C00A546FFF730
:104770005BFF56F87C0C1321FEF7C6F8034620B108
:104780000F4A0E48012118F040FD3037BD46BDE804
:10479000F0810C49C0E70C49BEE70C49BCE70C4A64
:1047A0000A21284617F074FAB9E700BF285F040011
:1047B0004A5F04004673040003000001A4390400AA
:1047C000727304002F5F0400365F0400405F040032
:1047D0007FA6040070B50E4650B92049204840F627
:1047E0007D7218F00EF840F67D711C4818F000F844
:1047F00041B91A491A4840F67E7218F002F840F69C
:104800007E71F2E7FFF73EF9044628B93046F9F722
:1048100005FE6FF07F0070BD00F10C0528463146A3
:104820001EF07DFCA06A38B150F8B04904B1B03C2C
:1048300029461BF043FC20B90020ECE71C466FF032
:104840000100002CF8D0D4F8B03023B90230F5D0F4
:1048500020461C46ECE7B03BF8E700BF17720400A7
:10486000A452040038B50C46054650B917491848FB
:1048700040F6927217F0C5FF40F69271134817F098
:10488000B7FF41B91149124840F6937217F0B9FFCA
:1048900040F69371F2E715F0C3FC2846FFF7F2F8F3
:1048A00020B915F00BFD6FF07F0038BD00232360A9
:1048B00083683BB9C0E901441BF0D1FB15F0FEFC55
:1048C0000020F2E71C608460F6E700BF1772040066
:1048D000A452040010B5084C227803469A420846B8
:1048E00007D1611C1BF05AFD002814BF2046002090
:1048F00010BD0020FCE700BFB05A002010B5074CE7
:104900002378834207D1601C1BF048FD002814BFA8
:104910002046002010BD0020FCE700BFD863002027
:1049200070B5204B144682689A420FD1A568C668BC
:1049300075B92279216830461BF038FD024628B14E
:10494000194901301BF05FFD15701581012070BD04
:10495000E0680028FBD02B888B420AD0F6D2E068B2
:10496000A36801380433E0600038A36018BF012059
:10497000EDE725682279294630461BF017FD0246EF
:1049800060B9094930461BF011FD02460028E6D007
:10499000294601301BF037FD23791370A3685B882B
:1049A0001381DCE7714F0200155F040010B5084960
:1049B000144618461022A047041E07DA054A064886
:1049C000234601211BF026FD204610BD0024FBE7F5
:1049D000B036002097730400C439040010B50748AE
:1049E0001021FAF73BF8034630B1BDE81040044A05
:1049F000044801211BF00EBD10BD00BFA0360020F1
:104A0000B8730400C439040008B530B90749084830
:104A10001BF0C4FC38B1074808BD054A12F8011C58
:104A20001AF07CFFF6E70020F6E700BF155F0400F0
:104A3000B15A0020B05A002010B54A1C0C4638B1BB
:104A400009781AF06BFF08B1204610BD0020FCE782
:104A5000024910461BF0A2FCF5E700BF155F0400F9
:104A60002DE9F04105460E4617461AF00BFC194990
:104A70000B78AB4204461AD1013130461BF08EFC54
:104A8000A8B13CB9BDE8F0813146D01F1BF0BBFC9A
:104A900002F8085C0121B9400F481BF096FCBDE804
:104AA000F0410E484FF40042002314F0B9BD002C31
:104AB000E8D0094A10461BF0AFFC0028E4D00849B2
:104AC000084840F2CE5217F09CFE054840F2CE5105
:104AD00017F08EFE60360020683600207036002009
:104AE000DE730400A452040010B5014602460423FC
:104AF00011F8010B0832F9F77FFF034630B1BDE82A
:104B00001040034A034801211BF084BC10BD00BFC4
:104B10000E740400C43904002DE9F04180460F46AC
:104B200016461D46FFF7EAFE044680B91549FFF711
:104B3000E5FE044630B9BDE8F041134A13480121AF
:104B40001BF02ABC00F8018B39461BF05CFC228963
:104B500063896AB973B926816581214611F8010B11
:104B60001AF090FB40B12046BDE8F041FFF7BCBF12
:104B7000964203D39D42EFD8BDE8F0819D42268145
:104B8000EBD9E9E7155F04002A740400C439040076
:104B900008B5044A044801211BF0FEFB6FF0040035
:104BA00008BD00BF49740400C439040008B5034AB5
:104BB000034801211BF0F0FB002008BD5C740400D9
:104BC000C439040038B50F4B144682689A420D462A
:104BD00015D122792168C0681BF0E8FB78B1D4F8C0
:104BE000C8302F2B03D9BDE83840FFF7DFBF04EBF7
:104BF00083020133158101895181C4F8C830012035
:104C000038BD00BF714F0200022110B510481BF0E3
:104C1000DCFB08401BD10F490F4A0B880F4CA24206
:104C200012D900B10B800E490E4840F2046217F011
:104C3000E8FD0B4840F2046117F0DAFD50680344C8
:104C40009BB208320120EAE7F8D300B10B8010BD17
:104C5000C05A0020E4630020703904008039040049
:104C6000DE730400A452040008B5044A044801217C
:104C70001BF092FB6FF0150008BD00BFB07404007C
:104C8000C439040008B513468168074A914209D126
:104C90001A791968C0681BF089FB18B100230360FA
:104CA00043600381012008BD714F020002484FF4A8
:104CB000A472002314F0B4BC3837002008B50421D6
:104CC00008481BF082FB07486FF002011BF08CFBC9
:104CD00004481BF0A1FBC30701D5FFF7E7FF002045
:104CE00008BD00BF68370020024608B508490130FA
:104CF0001BF089FB002313720C32BFF35B8F52E869
:104D0000001F42E800300028F9D1BFF35B8F08BDD7
:104D1000155F040010B5FFF7F1FD044678B10146B8
:104D200011F8010BF9F776FE034620B1054A064853
:104D300001211BF06FFB002323606360A360002050
:104D400010BD00BFBC740400C439040070B500F18C
:104D5000700605463146007A1AF094FA0446314648
:104D6000287A54B1FFF7D6FF034660B1BDE8704022
:104D7000054A064801211BF04DBBFFF7BFFD10B1EE
:104D800004604460846070BDD9740400C4390400B8
:104D90002DE9F04385B00E4600AF90469946044693
:104DA00058B9354A354801211BF0F6FA6FF0150560
:104DB00028461437BD46BDE8F08307F1080119F015
:104DC0009BFF054698B16D4688B06A462C4BC2E9F8
:104DD00005344FF4007393832A4B42F8103F274861
:104DE00000234FF4E251F7F769F9AD46DEE7391DCC
:104DF000204618F0FFFA786858B10A22294616F0C2
:104E0000E9FF034628B1204A1C4801211BF002FBA0
:104E1000CCE707F108010020FFF770FD044620BB36
:104E2000002EC5D01949FFF769FD044638B9184A64
:104E3000124801211BF0B0FA6FF00B05B8E7002310
:104E400000F8013B07F108011BF0DDFA04F108014D
:104E500004224846C047041EAADA0E4A07482346E1
:104E600001211BF0D7FA2546A2E7002EEED10660FD
:104E7000466086609CE700BF7E5F0400C439040082
:104E8000EF740400030000010B750400155F0400BB
:104E9000267504009773040013B5BDF810100B4C71
:104EA000104608294FF42812CDE900420BD8C1F171
:104EB00008049C42A8BF1C46224669441EF018FB09
:104EC000204602B010BD6FF00604F9E71800280074
:104ED0002DE9F041234B154682689A42074602D1DC
:104EE000C468638933BB0120BDE8F081FDF730FB66
:104EF000E36800216181002BF5D038469847F2E73E
:104F000005F17008287A41461AF0BCF968B9164BC9
:104F10009C4202D12846FFF719FF144930461BF086
:104F200072FA002323702381E2E7414630461BF0EA
:104F30006AFADDE72389002BDAD02646284616F8E0
:104F4000011B32461AF0EAFC0028D9D120783146FC
:104F5000FDF73EFF0028CBD0837A072BC6D1FDF7A3
:104F6000F7FAC0E7714F020074130020155F0400C8
:104F70002DE9F0471F46BDF82030D1F80C900646C9
:104F80008846002B4ED17B1E012B4ED8012F49465F
:104F9000157818BF1588FFF74FFD0446B8B915B945
:104FA0003846BDE8F0874946FFF746FD044638B964
:104FB0001F48204A02211BF0EFF96FF01000F0E7C4
:104FC00006F1700101301BF01EFA337A2370D9F814
:104FD0001030DBB9B4F808A02581B9F80A30AB422B
:104FE00003D0494640461BF0B0F9AA4505D0307AB7
:104FF000002206F17001FFF733FD002DD0D10E49DC
:10500000601C1BF000FA25702581C9E72A4641463D
:10501000304698470028C4DB01380128DAD96FF000
:105020000D00BEE76FF00600BBE76FF00C00B8E7BD
:10503000C439040048750400155F040038B50546FE
:105040000C460F4801211BF0C0F910F0010F0D4B69
:105050000AD11D835C830A481BF0DEF9830709D45B
:10506000BDE83840FFF722BE198B5A8BA94202D8FF
:105070009442EFD838BD94421D83ECD9EAE700BFD3
:1050800068370020183700202DE9F0411F46BDF891
:105090001830012B0646904635D83B44012B3D463F
:1050A00034DCFFF7B1FC044668B9FFF7ADFC0446F9
:1050B00048B9194A194802211BF06EF96FF0100522
:1050C0002846BDE8F08197B1217A98F800200023A6
:1050D00021FA03F0C70703D522FA03F0C00718D559
:1050E0000133032BF4D102F007021143217206F1C0
:1050F0007001601C1BF087F9337A23700121204670
:105100001BF0DAFADCE76FF00605D9E76FF00C0563
:10511000D6E76FF01205D3E762750400C4390400C6
:1051200010B56FF0020104460E481BF05DF90D4802
:105130001BF072F9C20704D50B480022002314F0BB
:105140006FFA20461BF0CAF858B12046FFF75CFC06
:1051500038B1037ADB0704D5BDE8104001211BF00C
:10516000ABBA10BD6837002038370020F8B56FF0B3
:1051700008011748174D184F1BF036F90023174840
:105180004FF4A472F9F7E6FC6E1C00232C7A04F0AD
:10519000010403B1F8BD394630461BF0FFF8002882
:1051A000F8D1002CF6D03146FDF712FE044620B1AE
:1051B0001BF096F82046FDF7CBF96FF00201084886
:1051C0001BF012F9002128461BF076FA0123DDE7D7
:1051D00068370020B05A0020155F0400C036002058
:1051E000BC5A00202DE9F04385B0894600AF164631
:1051F0009846044658B9424A424801211BF0CCF86F
:105200006FF0150528461437BD46BDE8F08307F159
:10521000080119F071FD054698B16D4688B06A46DF
:10522000394BC2E905344FF400739383374B42F88E
:10523000103F344800234FF4E251F6F73FFFAD46EC
:10524000DEE7391D204618F0D5F8786858B10A22F3
:10525000294616F0BFFD034628B12D4A29480121F1
:105260001BF0D8F8CCE707F108010020FFF732FB6C
:10527000044690B9FFF7C8FB044638B9254A2148CF
:1052800001211BF089F86FF00B05BBE7002300F844
:10529000013B07F108011BF0B6F8B9F1000F2AD065
:1052A000022239464046B047061E07DA1A4A154818
:1052B000334601211BF0AEF83546A3E73B78237255
:1052C000022E09D0154A0F4802211BF065F8002173
:1052D00020461BF0F1F995E77B78012B05D9104AA0
:1052E000084831461BF096F8F1E703F0010120462B
:1052F0001BF0D2F986E72046FFF7F6FC82E700BFF5
:105300007E5F0400C4390400EF7404000300000150
:105310000B7504008E75040097730400B0750400CB
:105320000476040037B504460D46FFF7D3FA02466B
:10533000C0B1037A8DF804300C301BF06DF800F02A
:1053400001008DF80500022301AA29462046F9F73D
:1053500069FB034620B1044A044801211BF05AF8B6
:1053600003B030BD0346F0E755760400C4390400AD
:1053700010B5094C094920461BF010F8014648B900
:10538000601E1BF089F914F8010C2146BDE810409D
:10539000FFF7C8BF10BD00BFB15A0020155F040061
:1053A00008B5104801211BF010F8C30719D4FFF706
:1053B0002BFC0D490D4814F045F800234FF4A4725E
:1053C0000A48F9F7C1FB0A490A4814F03BF80221E0
:1053D00009481AF0FAFFBDE808400849084814F0E7
:1053E00031B808BDC05A0020C9070400C0360020EB
:1053F000BD5D020038370020683700207B080400BC
:10540000703600202DE9F041034678B3008A68BB6E
:105410001849DFF864E001244FF0140C714524D9D9
:10542000164917484FF4ED6217F0EBF913484FF4A3
:10543000ED6117F0DDF9D1E90076BB4204D30CFB36
:105440000672143A93420ED93444A2B2083114467B
:10545000E4E70CFB057843450AD001356219B542F3
:1054600092B2F6D1F2E70025F8E7E4D3BDE8F08187
:105470001046FBE77039040080390400DE73040035
:10548000A45204002DE9F04F89B09946BDF8483088
:1054900004460F4690461BB94FF6FF73ADF84830EF
:1054A000374B1B88A34226D2BDF84830ADF81E30DA
:1054B000344B1D68002D3AD109B0BDE8F08F149B24
:1054C00028680493139B039312ABCDE90193CDF8A5
:1054D00000803B4622460BFB06001AF0A3FF002883
:1054E000EAD001366B680AEB0601B34289B2E6D80E
:1054F0000DE00026F6E7244D4FF0010A4FF0140BA3
:1055000007E0D1D269685144A142F2D289B208358C
:105510008A461E4B9D42F4D91D491E4840F62C0276
:1055200017F06FF91A4840F62C0117F061F9083DA1
:105530004FF0140A0DF11E0BAE68BEB96B689E42A7
:1055400019D22868149B0AFB06002246018A04939C
:10555000139BCDE90089CDE902B33B461AF062FF07
:105560000028A9D00136E9E70026E7E756F8083C0D
:105570001B8AA342F8D8AD68002D9DD0083DDBE71B
:10558000E4630020C45A002070390400803904000C
:10559000DE730400A452040010B5C8B000241AAA97
:1055A000694604A8CDE90044CDE9024419F0CEF8DB
:1055B00068B14FF6FF710120114A04AB1BF0F9F8F6
:1055C000104804A919F057F940B90F4A00E00F4AF2
:1055D0000F4801211AF0E0FE48B010BD094B2146EA
:1055E00003F110020131187812F8014D03F8014B54
:1055F00008291070F6D107481AF0E7FEECE700BF63
:1056000085040400A0360020907604007E76040015
:10561000C439040068370020F8B51C49BDF818608B
:105620000446A1F1300015461F4614F045F818480D
:105630001AF0F2FE010705D4FFF7AEFFFFF798FE60
:10564000FFF7CCF92046FFF7DFF968B1037ADA07F4
:105650000AD500F10C0420461AF0DEFEC30703D47D
:10566000022120461AF0B1FE102E0CD8C6F110040B
:105670000849BC42A8BF3C462246314428461DF09A
:1056800037FF2046F8BD6FF00604FAE7F036002039
:1056900068370020A036002010B51B481AF0BCFE69
:1056A000C0F3C00080F0010408B9FFF775FF164889
:1056B0001AF0B2FE034614481AF0AEFEDA0622D5FE
:1056C000830606D5FCB1FFF753FEBDE81040FFF797
:1056D00085B920210C481AF078FE0C491022881850
:1056E0001DF01CFF48B90A4813F0A0FFBDE81040A8
:1056F00005486FF001011AF077BE4FF6FF710120E7
:10570000FFF79CFCDFE710BD68370020A0360020C3
:105710003837002008B5102103481AF056FEFFF76D
:10572000BBFF002008BD00BF683700202DE9F74F00
:10573000044650B97249734840F2C56217F061F8E7
:1057400040F2C5616E4817F053F8036843B96C49DD
:105750006C4840F2C66217F054F840F2C661F1E7B7
:10576000436843B96649674840F2C76217F049F891
:1057700040F2C761E6E764481AF04EFEC1070ED555
:1057800062481AF049FE420709D4614A6148012182
:105790001AF002FE6FF0150003B0BDE8F08FFFF7BE
:1057A00033FA2368002518688DF800504FF4C05371
:1057B0006946ADF8023019F087FC10B96FF0770038
:1057C000EAE7236801A918688DF8045041F601033F
:1057D000ADF8063019F078FC0028EFD04E4D14F0EB
:1057E0001FFD2B682768B4F80490ABB94B4A1688A4
:1057F000002F5DD1002204F10803A2606A68002A2C
:105800005ED1C5E9003340481AF006FEC30767D4ED
:1058100014F054FD0020BFE76B68002B6DD053E9F6
:105820000232142101FB023333F8046C002F45D1FE
:10583000002EDFD023681F8AB742DBD829680029F1
:10584000E1D0A1F1080300221868008AB84240D9CB
:1058500004F10803002A36D09168A1600029CDD058
:105860009360D0E7398A69B9711C89B2398209F12C
:10587000FF3914371FFA89F90E46B9F1000FF1D13B
:105880004646D5E7B142F2D801AB5A460846CDF8B4
:1058900004A01AF08EFF019B43B13B8A204A1D48A9
:1058A00001211AF0B7FD14F009FD73E73146DEE778
:1058B0009846DFF870B04FF0000ADEE7B046F8E730
:1058C00013606B609FE76A68A1602B60002A9AD121
:1058D000F7E79868002896D01A46A0F10803B3E7C6
:1058E000D4E90023142101FB0323108A33F8041C9C
:1058F000FFF7A4FBFFF73AFC8AE71B68FFDE00BF57
:10590000DE730400A4520400C05A0020683700204F
:10591000A3760400C4390400C45A0020E4630020C4
:10592000E5760400450304002DE9F04FB9B000AF5F
:105930000C4690463749D7F808013A46994617F081
:1059400035FD38B9FFF790F905462846E437BD46DE
:10595000BDE8F08F3E68391D304617F04BFD3EB96B
:105960002D4A2E4801211AF017FD6FF015043EE074
:105970007868F8B907F1080A4FF0000B5146304635
:1059800087F814B019F0B8F9054600B36C4688B032
:105990006A46234BC2E905364FF400739383214BCB
:1059A00042F8103F1D485B464FF4E251F6F786FB84
:1059B000A546DAE70A22002116F00CFA0346002871
:1059C000D8D0194A154801211AF024FDCDE7C7F8AF
:1059D00010A0E4B1C02207F120014846C047041ED0
:1059E00007DA124A0D48234601211AF013FD254615
:1059F000ABE7A40807F12003C7E906340C4A07F116
:105A000010034FF6FF7101201AF0D3FE9DE72346E5
:105A1000F2E700BF067704007E5F0400C43904008B
:105A2000EF740400030000010B7504009773040079
:105A30002149020007B500230193FFF7E3FC411C55
:105A400089B20846034A01AB1AF0B3FE019803B0CD
:105A50005DF804FB2B0504002DE9FF410C461746B9
:105A6000054650B95349544840F67E5216F0C9FED7
:105A700040F67E514F4816F0BBFE41B94D494E48A5
:105A800040F67F5216F0BDFE40F67F51F2E7837A72
:105A9000072B10D100238DF80C30206842F6030349
:105AA00003A9ADF80E3019F00FFBB0B9E3689B798C
:105AB00013F0300F03D1002004B0BDE8F081204680
:105AC000FFF7B8FF044640B93A493B484FF45962E2
:105AD00016F097FE4FF45961CCE7002320688DF84B
:105AE0000C3003A942F60213ADF80E3019F0ECFAAF
:105AF00068B12046FFF79EFF044640B92D492E4865
:105B000040F6965216F07DFE40F69651B2E700261A
:105B100042F6021820688DF800606946ADF80280F0
:105B200019F0D2FAD8B9002320688DF80C3003A9F7
:105B300042F60213ADF80E3019F0C6FA0028BAD1B9
:105B4000E4682246284612F8011B19F0E7FE0028F7
:105B5000B1D023891F4214BF01200020ACE7206888
:105B60008DF8046042F6030301A9ADF8063019F080
:105B7000ABFA0028D7D020688DF808604FF4205386
:105B800002A9ADF80A3019F09FFA0028CBD020689E
:105B90008DF80C6042F6010303A9ADF80E3019F040
:105BA00093FA0028BFD02046FFF744FF04460028A0
:105BB000B0D180E7DE730400A45204002DE9F04761
:105BC000894651684F8A17F094078046154609D0D8
:105BD0002B4A2C4802211AF0DFFB4FF0FF352846F4
:105BE000BDE8F0870222FFF737FF38B9264A25487B
:105BF00002211AF0D1FB6FF01505F0E74FF4702089
:105C00000021AE8AFEF798FC0236044688B11F4B8D
:105C10004360C56032461D214046FEF7C3F9064683
:105C200050B918481A4A02211AF0B6FB2046FEF76E
:105C3000ABFC6FF00B05D2E701233A46394606F17B
:105C40000C0A1AF073FB02215046F8F727FD0746AD
:105C5000504627F8029BA98AF8F720FDAA8A2969ED
:105C600038461DF045FCA66021464046FEF7FAFD89
:105C700005460028B3D02046FEF786FCAFE700BFFC
:105C80000D770400C4390400237704005F03040087
:105C90004E77040030B505468BB00C4651B94249E9
:105CA000424840F6254216F0ACFD40F625413E48FC
:105CB00016F09EFD4B6853B90B6843B93A493B480F
:105CC00040F6264216F09DFD40F62641EFE73848A3
:105CD0001AF0A2FB420761D515B1AB7A072B60D150
:105CE00060680590FFF78EFB2268ADF818003AB3A4
:105CF00005A902912F4901910121002300914FF63E
:105D0000FF710593FFF7BEFB059B1BB96FF0010008
:105D10000BB030BD6360059B186800238DF8103010
:105D200004A942F60303ADF8123019F0CDF970B9A9
:105D30000598C3689B799B0605D46FF01500E7E7CB
:105D40000028E8D1E2E71AF0E2FCADF81800BDF84F
:105D500018003DB101230146A37522462846FFF7EE
:105D60002DFFD5E76FF07F0307930223ADF82030B6
:105D700042F60213ADF8123005ABA57502930E4B37
:105D800001930123009304AA2B464FF6FF71099457
:105D90008DF81050FFF776FB0798B9E76FF00A000F
:105DA000B6E76FF07F00B3E7DE730400A45204008F
:105DB000C00C00208D03040005610200F7B500F15E
:105DC00030050446A0F1200728461AF025FB83077A
:105DD000C0F340060AD51749174840F25E5216F044
:105DE00010FD144840F25E5116F002FD54F8083CD4
:105DF00001936FF0010128461AF0F6FA0F4B44F8B0
:105E00001C3C0F4B44F8183C01AB44F8103C0423F5
:105E100024F8086C24F8066C24F80C3C394630460B
:105E2000FFF738FF18B9022128461AF0CEFA03B05E
:105E3000F0BD00BFDE730400A45204004447040018
:105E400021510200F8B5334B156882689A4200AFC1
:105E500004461FD1C6683389721CDBB131782846ED
:105E600019F05CFDB0B14FF49572214628461AF046
:105E7000AFFC032811D16D4688B06A46264BC2E9B3
:105E8000053442F8100F254800234FF4C451F6F7AB
:105E900015F9AD460120BD46F8BD314620461AF041
:105EA00054FA1F4B9E42F5D1287A05F17001FEF796
:105EB00025FD04460028EDD0038913B94389002B42
:105EC000E8D02846FCF7A8FC164A238922F820309F
:105ED00002EB8003618959801349144C182303FB9A
:105EE000001300B202EB800200EB40005C601A611C
:105EF0000F4C9C60042201EBC00128469A82FFF7F8
:105F0000C9FE0028C6D00B4A044801211AF044FA01
:105F1000C0E700BF714F020075770400C439040068
:105F200074130020D4630020985A002044470400D2
:105F3000D5060400897704002DE9F84388465168A6
:105F40004B8A03F094030746144643B12148224A82
:105F500002211AF021FA4FF0FF30BDE8F883012248
:105F6000FFF77AFD38B91B481C4A02211AF014FACF
:105F70006FF01500F1E7A2891B2102323846FEF7C7
:105F800011F8054638B91348154A02211AF004FAE7
:105F90006FF00B00E1E700F10C0902214846F8F729
:105FA0007DFB0646484626F8028BA189F8F776FB6A
:105FB000A289A16830461DF09BFAD4E90412284654
:105FC00001231AF0B3F929463846BDE8F843FEF735
:105FD00001BC00BFC43904000D770400237704001E
:105FE000A677040030B505468BB00C4651B9404940
:105FF000404840F6443216F004FC40F644313C4838
:1060000016F0F6FB4B6853B90B6843B93849394869
:1060100040F6453216F0F5FB40F64531EFE73648DD
:106020001AF0FAF942075DD515B1AB7A072B5CD1AE
:1060300060680590FFF7E6F92268ADF818003AB3FA
:1060400005A902912D4901910121002300914FF6EC
:10605000FF710593FFF716FA059B1BB96FF001005E
:106060000BB030BD6360059B186800238DF81030BD
:1060700004A942F60303ADF8123019F025F870B9FF
:106080000598C3689B79DB0605D46FF01500E7E738
:106090000028E8D1E2E71AF03AFBADF81800BDF8A5
:1060A00018002DB1014622462846FFF745FFD7E7E5
:1060B00042F60212ADF8122005AA6FF07F03029299
:1060C0000F4A07930123CDE90032ADF8203004AA2E
:1060D0002B464FF6FF7109948DF81050FFF7D2F957
:1060E0000798BDE76FF00A00BAE76FF07F00B7E7E7
:1060F000DE730400A4520400C00C00208D030400D1
:1061000005610200F8B53E4B144682689A42074684
:1061100001D00120F8BDC6683A4B9E4256D0328964
:10612000A3899A4206F10101F3D13078FCF750FEC1
:1061300005460028EDD0837A072B05D0FCF708FA36
:10614000E7E7FCF705FAEAE7736923B139469847B0
:1061500008B92846F2E77B8A13F0940705D02A4A4B
:106160002A4802211AF018F9F3E7A389022B14D167
:10617000338913F0020604D12846FCF7E9F9A6603A
:10618000C7E72269A1882846FFF718FD0646A8B987
:106190002269937D01339375EEE7012B04D02846E5
:1061A000FCF7D6F9A760B4E7338913F00106E3D012
:1061B0002269A1882846FFF7BFFE06462846FCF75D
:1061C000C7F9002EA660A4DA0020A3E7104D1149FC
:1061D00028461AF0E3F80028A1D115F8010C07228F
:1061E0002946FCF747FE0028ABD1236915F8010CBE
:1061F0001A69294653881288FEF78EFC8FE700BF84
:10620000714F0200741300200D770400C43904009C
:10621000D9630020155F040030B58FB000F1700520
:10622000044603900123007A8DF81030294619F0B6
:1062300029F890B1227ACAB102AC0421204616F0A6
:10624000E7FB00940A4A242105A82B46F8F724FB13
:1062500005AA08491046F6F7D3FB074A03AB4FF6E9
:10626000FF7101201AF0A5FA0FB030BD0092E9E7E6
:106270000977040029590200455E0200F8B5084B71
:106280001C6805460E4617464CB154F8043C043CC5
:106290001BB13A463146284698476468F4E7F8BD92
:1062A000CC5A002030B5B5B0002301918DF808001C
:1062B00033930F4A01AB04460D4601204FF6FF71A0
:1062C0001AF077FA339B83B19B0003AA2046294634
:1062D000F8F7B6FB044628B10346064A06480121F2
:1062E0001AF098F8204635B030BD1A46EEE700BFE8
:1062F000C54B0200CF770400C4390400F8B5224C26
:106300002378834205460E4603D0BDE8F84018F0D6
:10631000B9BF611C30461AF041F8314600282846C2
:1063200008BF002418F0AEFF68B364B304F1080797
:106330006FF0010138461AF057F8C20703D531460D
:106340002846FFF7AFFF6FF0020138461AF04CF80D
:10635000830703D531462846FEF7E4FF38461AF096
:106360005BF880B9234603F8010BC4F80100C3F8B9
:106370000300BFF35B8F57E8003F47E80002002AA5
:10638000F9D1BFF35B8FF8BD603600202DE9F74FE0
:10639000044650B94449454840F2F56216F031FAD6
:1063A000414840F2F56116F023FA13F039FF404BF3
:1063B0001A6804F10800002132B913F07FFF6FF072
:1063C000010003B0BDE8F08F904221D1A268C9B9A5
:1063D00059681A60884200D15A600027DFF8D4B0AB
:1063E000DFF8D490A7604FF0140A6368BAB2934202
:1063F00011D832481AF010F8C30747D413F05EFFE3
:106400000020DEE70A605A68904208BF5960E4E75E
:1064100011461268D0E723680AFB02339A685A458E
:1064200001D00137E1E7DD68002305F101086B8148
:106430004946404619F0B2FF01900028F1D1287872
:106440004146FCF7C5FC0646A8B1837A019A072BA2
:106450000FD100F17001007AFEF702FB3046FCF725
:1064600077F84946404619F0CEFF00232B702B8168
:10647000D7E7FCF76DF82878414618F003FF0028AD
:10648000EFD028784146FFF70DFFEAE7D4E9002373
:10649000142101FB0323108A33F8041CFEF7CEFD00
:1064A000FEF764FEAAE700BFDE730400A4520400F6
:1064B000C45A0020714F0200155F0400C05A00202A
:1064C00073B5044603461A4A4FF6FF71012004F1E2
:1064D00070061AF06EF9207A3146FFF70FFF207A26
:1064E000314618F0CFFE50B1237A8DF80430114AAE
:1064F00000966B464FF6FF7101201AF05AF92046BC
:10650000FEF782FA054688B1207A314618F0BAFEC5
:1065100028B9284602B0BDE87040FEF7E5BB314619
:10652000681C02B0BDE8704019F06DBF02B070BDCC
:10653000D14E0200854C020080B500AF88B06A469B
:10654000074BC2E90530032342F8103F05480023FA
:106550004FF4C251F5F7B2FD6FF00B00BD4680BDA0
:1065600009780400F43A0400044B1A680AB1FFF7F2
:10657000E3BF034858600B6010467047D45A0020B0
:106580004848040010B500F083F918B301F0E4F8AE
:106590000AF022FD20B1124B5B681B78012B03D15E
:1065A0000CF058FA0CF092FE00F078FC0AF0E6F8D5
:1065B000002002F0FBFA044604F0D8F901462088D6
:1065C0000AF01AFD03F044F90648002103F0A8FD83
:1065D000002010BD00F066F90128D9D1D6E700BF30
:1065E0006C5C0020DB080400034BBFF35B8F186872
:1065F000BFF35B8F704700BF700D002038B5FFF709
:10660000F3FF82073BD5FFF7EFFFC30737D51C4CDD
:1066100020460025012140F8085F256084F8F851E4
:1066200065601AF062F900F067FC04F5007012F082
:10663000FDFF1AF0C9FF06F06FFB00F059FA08F0F1
:10664000D3F902F033FE02F0C7FA4FF6FF7001F003
:10665000F5FC09F005FD0CF0A9FE1AF078FA2946C0
:10666000102204F50C701CF051FF01F08DF804F0BD
:1066700067F908F09FFDBDE838400AF0C5BC38BD99
:10668000680D002070B505460E46144801211AF029
:106690002CF9C3071FD41CF046F80446C8B930468D
:1066A00004F020F90446A0B928460AF0BFFC0446CD
:1066B00078B900F01DFA01F029FF08F0A3F91AF0EB
:1066C00081FF03F0ABF800F00DFF08F039FA08F095
:1066D0004FFD204670BD6FF07704FAE7700D002083
:1066E00010B508F071FA044618B9BDE81040FFF77C
:1066F00049BF034A0348012116F07EFD204610BD24
:1067000035780400543A04002DE9F04788B0044677
:10671000BDF840709A46FFF767FF9146C20788466A
:106720004ED53B46294A2A4803211AF0DCF829486D
:1067300002211AF0DAF8830745D4119D6B4605F162
:10674000100C1E46286869681A4603C2083565455C
:106750001346F7D104AB04F1100C1A4620686168A7
:106760001D4603C5083464452B46F7D153464946B8
:10677000404601F0EDF9044680B1BFF35B8F154B45
:1067800053E8001F21F0020143E80012002AF7D16C
:10679000BFF35B8F204608B0BDE8F0870E4D01F0D7
:1067A0006FFF38466C6004F0B5F896E80F0005F509
:1067B0000C7585E80F001AF0C7F9FFF791FFE9E7BC
:1067C0006FF01204E6E76FF07704E3E75078040017
:1067D000543A0400700D0020680D0020012938B5DE
:1067E000054620D8134C20461AF099F840FA05F2D5
:1067F00001F0010302F00102934217D00121A940E8
:1068000023B120461AF091F8002038BDC943BFF3E8
:106810005B8F54E8003F0B4044E80032002AF8D177
:10682000BFF35B8FF0E76FF01500EEE76FF07700D6
:10683000EBE700BF700D002008B5144B0246184668
:106840001AF06DF8C0F3C02082421ED082B14FF41E
:10685000006118461AF069F800F07EFF0B481AF044
:106860005EF8830711D5BDE80840072008F0FEBB9D
:10687000BFF35B8F53E8001F21F4006143E800126F
:10688000002AF7D1BFF35B8FE8E708BD700D002049
:1068900008B503481AF043F8C0F3C02008BD00BF94
:1068A000700D002008B503481AF039F8C0F38030A5
:1068B00008BD00BF700D0020014B93F8FC0170472C
:1068C000680D002038B5014605460C20FFF786FF0D
:1068D000044690B9012D12D025B901460B4802F0AB
:1068E00043F980B1022002F08BFF09481AF017F833
:1068F000830702D5072008F0B9FB204638BD0146C2
:106900000F20FFF76BFF08F093FAEBE7150904007F
:10691000700D002008B503481AF001F8C0F30030EC
:1069200008BD00BF700D002008B5034819F0F7FF3F
:10693000C0F3C03008BD00BF700D0020012808B5AD
:1069400014D0020612D40B4B93F8FB21824201D1E2
:10695000002008BD83F8FB0103F1080019F0DFFFF8
:106960008307F5D5072008F081FBF1E76FF01500EC
:10697000EFE700BF680D0020014B93F8FB01704763
:10698000680D002038B5014605460D20FFF726FFAB
:10699000044668B9042002F033FF064819F0BFFF2F
:1069A000830702D5072008F061FB0DB909F058FBF9
:1069B000204638BD700D002008B5034819F0AFFF20
:1069C000C0F3403008BD00BF700D002008B5094B72
:1069D00093F8F92182420CD083F8F90103F1080001
:1069E00019F09DFF830704D5BDE80840072008F093
:1069F0003DBB08BD680D0020014B93F8F9017047BD
:106A0000680D002010B50C4601460A20FFF7E6FE8F
:106A100010F1160F12D010F1780F0B4B03D193F831
:106A2000FA21A2420AD0012083F8FA4102F0E8FEDE
:106A3000064819F074FF830701D4002010BD072019
:106A400008F014FBF9E700BF680D0020700D00206E
:106A500073B51C4819F063FF10F001040E4615468B
:106A600019460CD05EB307236A46284608F0D8FAC8
:106A7000044638B1144A1548012116F0BDFB2046E2
:106A800002B070BD9DF80000FFF7A0FF9DF8021056
:106A90009DF80100FFF7B6FF9DF80300003818BF0E
:106AA0000120FFF7C9FE9DF80400FFF70BFF9DF8DA
:106AB0000500FFF767FF9DF80600FFF73FFF002482
:106AC000DDE700BF700D0020757804000C3A04006B
:106AD00008B5034819F023FFC0F3802008BD00BFAC
:106AE000700D0020014B93F8FA017047680D0020EB
:106AF0000D4808B50A2380F8F9314FF4E163A0F896
:106B0000FA314FF48061083019F00FFF4FF4006143
:106B100019F00BFF4FF4805119F007FFBDE8084052
:106B20004FF4005119F001BF680D002007B51F4850
:106B300019F0F5FE83072AD51D4A92F8F9318DF830
:106B40000030FFF7C5FF92F8FA318DF802308DF86A
:106B50000100FFF79DFE8DF80300FFF7DBFE8DF8C7
:106B60000400FFF729FF694692F8FB318DF8050014
:106B7000072210488DF80630F5F7E2FE20B10E4AE4
:106B80000E48012116F038FB03B05DF804FB0948FC
:106B900016F008FC03460028F6D0094A07480121F0
:106BA00003B05DF804EB16F030BB00BF700D0020A1
:106BB000680D002089780400957804000C3A0400E0
:106BC000B9780400F7B51E46194BBFF35B8F1B68FD
:106BD000BFF35B8F5B070C46174607D5154A16486F
:106BE000022116F009FB002003B0F0BDDDE9082307
:106BF00001A911F0A3FC05460028F4D10198012356
:106C00001D2203778118103017F0E2FF0198C5604C
:106C100083690361037B858204F0030444EA07145B
:106C200003F00C031C434560856004734673DBE787
:106C3000700D0020ED780400EC3904002DE9F041DE
:106C400007460C46A388012B01D8BDE8F0812046F9
:106C500017F0E7FF05460028F7D0A388834206D245
:106C6000174A1848BDE8F041022116F0C5BA20467F
:106C700017F0FAFF06462046B4F8048017F0D1FF5B
:106C80006B1E2A28A38007D02B2815D0292808D1CD
:106C900020460BF09BFC04E000223946204601F020
:106CA00005FBA368A4F8048013FA86F6266029463B
:106CB0002046F7F7BFFCC5E7204600F0C3FCF0E72D
:106CC00019790400EC39040008B5027FFF2A08D1C5
:106CD000054906487B2215F094FD03487B2115F0F9
:106CE00087FD0132027708BD26790400A452040012
:106CF00008B5037F014643B90E490F48842215F0B9
:106D000080FD0C48842115F073FD013BDBB2037755
:106D10007BB9037B03F0F003102B08D00748084A27
:106D2000302B18BF1046BDE8084011F079BC05486B
:106D3000F9E708BD26790400A45204004019002098
:106D400060190020A0190020012913460A4603D12A
:106D500001460448FFF736BF032901460CBF02482D
:106D60000248F7E7A0190020401900206019002010
:106D700030B587B005460C461022002101A81CF052
:106D8000C5FB04238DF811300F4B059301212A46D2
:106D9000234601A814F0A6FA10B1002007B030BDB8
:106DA000049BC3F38633042B08D013F0770FF4D081
:106DB000064A0748022116F028FAEEE70598002255
:106DC000002311F067FEE9E76C1A002055790400F2
:106DD000EC39040030B4044614F008051046194696
:106DE00003D0084830BC11F055BE14F0010F01D19A
:106DF0000548F7E7630702D430BCFFF7B9BF284660
:106E000030BC7047881A0020A41A002070B51D4BB2
:106E1000BFF35B8F1B68BFF35B8F5B0704460E46B7
:106E2000154604D5184A1948022116F0E5F9237BC6
:106E300043F00803237303F0F003302BC4E901652A
:106E4000204609D1FFF740FF014611481CF067F9C1
:106E5000BDE8704008F008B8102B09D1FFF734FFE7
:106E600001460C481CF05BF9BDE8704007F0ECBF30
:106E7000FFF72AFF014608481CF051F9BDE87040B1
:106E800007F0DCBF700D002076790400EC390400B7
:106E9000881A0020A41A00206C1A002030B5124B6A
:106EA00012491B7885B000258DF8043001A83023E5
:106EB000CDF80550CDF80950ADF806300395ADF882
:106EC0000830FAF783FF044640B110F1780F08D07C
:106ED000074A03460121074816F097F9204605B0F6
:106EE00030BD2C46FAE700BF566600209D0904001D
:106EF0009C790400EC39040010B5FAF7B7FF04469A
:106F000040B110F1780F07D0044A0346012104482C
:106F100016F07BF9204610BD0024FBE7BA79040087
:106F2000EC390400F8B5FFF7C7FC05461CF0F3F98F
:106F30004FF47A73A0FB030603FB0166C40BFFF753
:106F4000B1FC012844EA46444FEAD63610D17DB15F
:106F5000104AD2E9043242F21077E01A07FB05F535
:106F600066EB0201A84271F1000101D213430ED178
:106F7000094D0D2128460FF081FC48B935F8023C37
:106F8000C5F80E40013325F8023CC5F81260002018
:106F9000F8BD00BF7037002072370020F8B50C46EE
:106FA000054601F025FC01210746204617F074FE36
:106FB000AE78B31E5E42394620465E4117F06CFE45
:106FC0006A2303FB065108227A31204617F058FE47
:106FD000064B2046196817F084FE082205F11A01B5
:106FE000204617F04DFE0020F8BD00BF680D0020C0
:106FF0002DE9F34704460D46FFF794FF064640BBD4
:10700000DFF88880B4F84020B8F800309A4204F1E4
:10701000430A04F1360924D0A778BB1E5F422046FC
:107020005F4101F0E5FBCDE900A96A23184A03FBA3
:1070300007470146126807F1A20008F1020302F0B7
:1070400015FE074648B1134A1348012116F0D4F83B
:107050003E46304602B0BDE8F087B8F80030A4F8EC
:1070600040300221284617F017FE0C490D22284611
:1070700017F006FE51460522284617F001FE0822A9
:107080004946284617F0FCFDE3E700BF70370020B3
:10709000680D0020E8790400043A040072370020EB
:1070A00002480022002312F0BBBA00BF883700203C
:1070B00010B50C4619F0EBFC064B20601B683BB189
:1070C000BDE8104004484FF42472002312F0A8BA1F
:1070D00010BD00BF2C5B0020883700202DE9F04F49
:1070E00087B090F8485002AF0E4600F17A08002DA4
:1070F0004ED000257068082241461CF00FFA002887
:1071000046D107F10803317D00933369424608F107
:1071100018001AF0CFF88146002839D1F468082207
:10712000B91820461CF0FAF9002839D00821204669
:10713000F7F7F2FAC7F804D088B002AC1C4BDFF8BE
:1071400074A022464FF4007BC4E90530A4F81CB0BB
:1071500042F810AF18483A604B464FF4E451F4F748
:10716000ADFF0821D7F804D07818F7F7D5FA88B022
:10717000124BA4F81CB0C4E90530C4F810A00E48A6
:107180003A684B464FF4E451F4F798FFD7F804D02F
:1071900008F16A0855B918F8320C012510B1A9E7B1
:1071A000757501201437BD46BDE8F08F0020F9E762
:1071B000057A040003000001043A04002B7A04005D
:1071C00008B5FFF765FB40B9BFF35B8F044B186848
:1071D000BFF35B8FC0F3001008BD0120FCE700BFC8
:1071E000700D002008B50B4659B1064A064801212A
:1071F00016F00BF8054B1B681BB1BDE80840FFF704
:107200004FBF08BD3F7A0400043A04002C5B002005
:107210002DE9F04F89B019F077FB002800F0A88025
:10722000FFF7CEFF10B38E4D2B6843B98D4A13780C
:1072300083F00103137013B98B4801F0A7FC002001
:1072400001F0B4FC8146286801F0B0FC8145044699
:1072500013D12B688BB100232B604FF4A0228348FD
:10726000002309B0BDE8F04F12F074B9FFF71AFB24
:107270000128D8D009B0BDE8F08F04F108030293CB
:107280002C60FFF79DFF7A4B049304F124030593D0
:107290008DF80C00FFF706FB431E58425841754B12
:1072A0008DF81800079302AE6FF0220B4FF0000824
:1072B0003379002B47D03768D6F808B019F0E7FBD0
:1072C0003A686D4B7968821A9A420FD897F808C0CD
:1072D00042F210730CFB0333A3F59C53083B9A4214
:1072E000B1D3401A42F20F739842ACD90022002366
:1072F000CDE90023002108220220FFF725FD824668
:1073000098B95E4A5E48012115F076FF6FF00B0BCD
:107310002B681B885B4A5A48CDF800B0012115F054
:107320007EFF90E74FF00108C2E700F11001204610
:10733000D847834688B9504653493A46FFF766FD19
:107340005046FFF7D5FC0C36B8F1000FEAD0BBF180
:10735000000F08DB7FF477AF8CE75046FFF7C8FCDF
:10736000BBF1000FEFDA1BF1230F3FF46CAFCFE757
:1073700009F032FE054698B900220023CDE902004B
:10738000CDE90400CDE9002301460A220220FFF7DF
:10739000DBFC064638B9394A3948012115F02CFF83
:1073A0004FF420325BE709F011FE06F110070446A6
:1073B0002946384617F070FC21681022384617F02D
:1073C0005FFC65685DB32846F2F7F4FA02AA01464D
:1073D000284619F0BBFD10BB218941F00201384657
:1073E00017F06AFC042202A9384617F049FC002273
:1073F00011463046FFF70AFD3046FFF779FC636817
:10740000002BCDD000220023CDE9002300210A2249
:107410000320FFF799FC054618B91C4ABCE72189EF
:10742000DDE76068F2F7C6FA05F110070646384650
:1074300017F01EFC864208D9154A1148022115F0A2
:10744000DBFE2846FFF754FCAAE76168324638465F
:1074500017F016FC002211462846FFF7D7FCF0E78C
:107460002C5B002057660020FD09040088370020AF
:107470009D6F0200F16F0200BF2709005D7A0400D2
:10748000043A04007B7A040070480400A17A0400E6
:10749000BC7A0400F7B5054601F0AAF9AB780F4CA9
:1074A0009A1E534253412288013AA5F840206A228D
:1074B000534301460026002703F17A0203F19200AC
:1074C00005F11A03C4E904670093054B2A441B68BD
:1074D000284419F0EFFE03B0F0BD00BF7037002064
:1074E000680D002008B50449044811F0ABFFBDE861
:1074F0000840FFF717BD00BF117202008837002057
:107500000F4BBFF35B8F88B153E8001F41F01001B0
:1075100043E80012002AF7D1BFF35B8F094B0A48FA
:1075200000221A600022002312F014B853E8001F52
:1075300021F0100143E80012002AEDD0F6E700BF69
:10754000700D00202C5B00208837002070B50446A9
:107550000846214601F008FB054600284ED08178F8
:10756000022907D1637D2BB9254A2648BDE8704022
:1075700015F042BE237803B305F12406E2681368D0
:10758000C6F80A305368C6F80E30217D627D284661
:1075900001F0010119F071FB002001F059F978B1F7
:1075A0002B886BB1184A1748022115F025FE217867
:1075B0003046BDE8704019F077BA05F10806DDE7FE
:1075C000124BBFF35B8F1A68BFF35B8FD2060ED5E9
:1075D000BFF35B8F1A68BFF35B8F237DC2F3C002DA
:1075E000C3F340039A4202D10020FFF789FF217DB7
:1075F0002069C1F3400100F0EDFAD8E770BD00BF8B
:10760000E17A0400043A0400127B0400700D0020AB
:1076100038B504460D460146094801F0A5FA40B1C7
:10762000217821B12430BDE8384019F03DBA083046
:10763000F9E729462046BDE83840FFF787BF00BF7D
:10764000130A04002DE9F041838886B004463BB953
:10765000394A3A48012106B0BDE8F04115F0CCBDE9
:1076600017F0DFFA012805462FD002284AD000285B
:107670005ED109F0ABFC436B06460BB3A38823F045
:107680000402122A07D02E4A01212C4806B0BDE878
:10769000F04115F0BABD10212046F6F7E5FF80460F
:1076A000204617F0CEFAA388042B07460BD12046BC
:1076B00017F0D1FA6A460090736B394640469847F6
:1076C00006B0BDE8F0812A46F6E7A388142B01D85E
:1076D0001C4AD9E7002320468DF8003017F0A1FAA4
:1076E00008218DF814002046F6F7BEFF01902046D1
:1076F00017F0B1FA23681449049003936846FFF722
:1077000087FFDDE7A388192B01D8104ABCE70123C6
:107710000D2120468DF80030F6F7A6FF05210290D6
:107720002046F6F7A1FF2368094901900393E5E796
:10773000084A03460221A8E73F7B0400043A0400FC
:10774000507B0400797B0400DD7002009A7B04000A
:10775000310A0400BC7B040010B519F0D5F810B153
:10776000064801F013FA064B064800221A60BDE8ED
:1077700010400022002311F053BF00BF050B04008E
:107780002C5B002088370020024B034800221A603F
:1077900011F04CBF2C5B0020883700202DE9F0470A
:1077A0001E460B68077F14461A780546307802F0AB
:1077B0007F03984202D00020BDE8F087DFF8008107
:1077C000D8F8003003F0010383EAD2133A4663F39A
:1077D00000022A770023A380A36823608A880968AF
:1077E000204617F04DFA2B7FD8F80010206803F0E0
:1077F000010306F11102C91A02F0A2F90028DAD138
:107800002368B3F8052052BA90B22A8112B2002A36
:10781000D1DD03F0C5F80028CDD12D7F15F0300F54
:107820000BD1284BDFF8A0A0B3F800904946B9B9B6
:10783000DFF894A0202189452AD307F03003A3F173
:107840003001D8F800204B4205F001054B41521B96
:107850002146701C19F035FCB0FA80F04009ABE706
:107860002068013989B2B0F805303AF821205BBAB6
:10787000C2F30E029BB29A42D9D1023019F047F9F5
:107880005AF82130C0F31000B0EBD33FCFD192E7CC
:107890002068013989B2B0F805303AF821205BBA86
:1078A000C2F30E029BB29A42C5D1023019F02FF9F1
:1078B0005AF82130C0F31000B0EBD33FBBD17AE7C8
:1078C000680D0020E6630020B45B002070B5304DE9
:1078D000304E8CB0EC69002C58D02A6A2368EB61DA
:1078E000944200D12B622022002104A81BF00EFE3E
:1078F000636804931B88ADF814304FF6FF73ADF83E
:107900001630E3895BBAADF81830238A5BBAADF85C
:107910001A30A37A03F07F038DF8213004F10B00B5
:1079200001238DF8243019F0F2F82B680A90627A5E
:1079300003F0010383EAD2139DF82C2063F30002C5
:107940008DF82C2063689B78991E4B424B41D2B234
:1079500063F341028DF82C20A37ADB09DB00D2B25D
:1079600022F0780243F0500313438DF82C30227A32
:1079700004F1090101A817F02BF904A901A806F0E8
:1079800083FC2146304610F04BFEA3E70CB070BDDF
:10799000680D002080190020034BBFF35B8F18682F
:1079A000BFF35B8F704700BF700D002070B58AB0C9
:1079B0000D461946FFF7F0FF10F00104164615D0EA
:1079C00045B902F0BDFF1648102229461BF09EFD66
:1079D00000240BE0122305AA304607F021FB0446E1
:1079E00038B1104A1048012119F099F820460AB020
:1079F00070BD01AC0DF116030DF126062246186884
:107A00005968254603C50833B3422C46F7D10FCA3F
:107A1000034C84E80F00BDF8140002F07BFFD7E7A9
:107A2000980F0020E67B04006C3A040073B50D4605
:107A30001946FFF7B1FF10F0010416460CD0BDB196
:107A4000032301AA304607F0EBFA044638B10A4A8C
:107A50000A48012119F063F8204602B070BD9DF874
:107A60000630BDF8045045EA034525F07F057F3513
:107A7000034B00245D60EFE7FA7B04006C3A0400DE
:107A8000680D00200B4BBFF35B8F50B153E8001F14
:107A900041F0080143E80012002AF7D1BFF35B8FE1
:107AA000704753E8001F21F0080143E80012002A44
:107AB000F4D0F6E7700D002073B50D461946FFF7B8
:107AC0006BFF10F0010416461DD085B9174B43F823
:107AD000085BBFF35B8F53E8001F21F0080143E808
:107AE0000012002AF7D1BFF35B8F00240BE00523BF
:107AF0006A46304607F094FA044638B10C4A0D48FD
:107B0000012119F00CF8204602B070BD9DF8040068
:107B1000064C009B236000F00100FFF7B3FF9DF8C7
:107B20000430C3F3460384F8F831DEE7680D002023
:107B30000E7C04006C3A040018B9044B5B685B06C9
:107B400002D1052007F092BA704700BF680D0020EF
:107B50002DE9F0410D461F4615F0010311461DBFEA
:107B60001346022100221946064600F07DFF044616
:107B700038B1134A1348012118F0D1FF2046BDE85F
:107B8000F081014680221048DFF840801BF0BEFCE7
:107B90000F4BC8F80070C5F340001C80FFF772FF60
:107BA000002818BF602088F8F801304619F03BF82B
:107BB000042007F05BFA052007F058FADEE700BF63
:107BC000217C04006C3A0400B45B0020680D0020A6
:107BD000E6630020F7B5484D2B68834204460E4605
:107BE00003D803F12A02824209D2444A009344484E
:107BF0002346012115F013FB002003B0F0BD8342A2
:107C000034D10029F8D1421C3AD13E4F3B78002BA9
:107C100043D13D4A3A48022118F081FF01233B70CD
:107C200007F028FC00232C606B603046FFF72AFF2A
:107C30000023364A85F8F8313548002311F0F0FC6E
:107C40004FF6FF7008F022FA324800F09FFFFEF76F
:107C500061FE01284BD100200BF0AEF8042007F0A4
:107C600005FA052007F002FA0120C6E70133834236
:107C7000CBD305D1FFF790FE0307C6D40029C4D0AB
:107C8000FFF78AFEC0F3C0008642B5D095F8F83100
:107C90005F2B0CD8204A022105E095F8F831BF2B64
:107CA000B7D81E4A0121164818F039FFA4E7AEB92B
:107CB00006F080F9C8B11A4A1148022118F02FFFC6
:107CC000BFF35B8F174B53E8001F41F0400143E8BF
:107CD0000012002AF7D1BFF35B8F8DE72C6007F00D
:107CE000DBFB084B00221A709FE76E609DE7FEF7F2
:107CF0001BFE0128B2D1AEE7680D0020387C0400DD
:107D00006C3A040058660020867C04000000C0A87D
:107D1000680F002095740200A37C04005F7C0400BF
:107D2000C57C0400700D002010B518F0EDFD58B3AF
:107D3000164C94F8F831E72B28BFE7231833DBB251
:107D40005F2B84F8F83109D8042007F08FF9BDE8DB
:107D500010400F4A0F48002311F062BC6022B3FBB1
:107D6000F2F102FB1133DBB213B90B4800F00EFF46
:107D7000FFF712FE0307E7D50120FFF7C1FB2068DC
:107D80000021FFF727FFE2E710BD00BF680D0020CC
:107D90000000C0A8680F0020D10A040038B50F4CBD
:107DA000656800206B1C6360FFF7C6FEFFF7F4FDFB
:107DB00003461B07C0F3C0000ED46368B3F5000F81
:107DC0000AD900F045FD38B10120FFF799FB206882
:107DD00001210844FFF7FEFE284638BD680D00204B
:107DE000F8B543685F884FF6FF739F4205460E461D
:107DF00014460CD1104616F03BFF072807D81C4A42
:107E00001C48012118F08BFE6FF01500F8BD2046CC
:107E100016F02EFF032801D8174AF1E76B682046B9
:107E2000998816F0E2FE2989204616F0DEFEFFF75B
:107E3000B5FF0146204616F0E8FE4FF6FF739F425D
:107E40006B68197C204608BF41F0800116F0D6FE11
:107E50000A4B1A78FFF7A0FDC0F3C000121A46EAD9
:107E6000C2112046C9B216F0C9FE0020CEE700BFFD
:107E7000F47C04006C3A0400177D0400680D0020B7
:107E80002DE9F041C37A07686FF30003C372BC7831
:107E9000A31E5C425C416A235C433B190D461646B7
:107EA0000A4693F85910FFF79BFF70B9084B1A6800
:107EB000FFF772FD5934C0F3C0003346121A391966
:107EC0002846BDE8F04118F02CBEBDE8F08100BFA7
:107ED000680D00202DE9F04F9946C37AD0F800A034
:107EE0006FF30003C3729AF80230023BD3F1000B28
:107EF00087B04BEB030B01F1100301936A2303FBE3
:107F00000BA30D46904601F1100293F85910044658
:107F1000FFF766FF064600285AD16368988818F074
:107F200023FDD0B12B690293AB8A01933E48002216
:107F3000002305A910F002FBE0B13C4A3C480221B5
:107F400018F0EDFD6368B3F90420002A02DC1B7C05
:107F5000012B49D16FF00B063AE06368988802F074
:107F60001FFD0028DED163681B7C012B3CD16FF024
:107F700015062DE0059F226803907A6007F109003D
:107F8000DDE901211BF0B4FA019B3B72039B3B60CE
:107F9000284B1A6A1ABBC3E90777274811F060F922
:107FA0006368B3F90420002A02DC1B7C012B1BD17F
:107FB000B8F1000F0CD0D8F800301BB100214A46B0
:107FC00008469847D8F8043013B14946002098472E
:107FD0002846FEF78DFE304607B0BDE8F08F1760EB
:107FE0001F62DAE70646F3E7124B1F68FFF7D4FC7F
:107FF0006A23C0F3C00203FB0BA1BA1A0023593154
:1080000005F1100018F08DFD0028EBD1C5E90189BC
:108010006368284699880BF00FFA4A46414628467D
:10802000FEF7F4FED4E700BF80190020367D04007F
:108030006C3A0400680D0020740D00202DE9F8430F
:108040000025134CDFF84C8006462F464FF6FF798B
:10805000E16951B9C4E90775BDE8F88300230B60F5
:108060000DB1296011E00F460FE0226A0B68E36151
:10807000914200D123624E4503D04B681B88B34226
:10808000ECD1404610F0CCFA29460D46E0E700BF9F
:10809000680D00208019002010B503681A78134B72
:1080A0001B6803F0010383EAD2130A7F63F3000223
:1080B0000A7703685B78D2B2DB0963F3C3020A77FD
:1080C00003685B7803F07F034B740446006802305A
:1080D00018F01DFD88612368B3F805305BBA0B8189
:1080E0002368B3F807305BBA4B8110BD680D0020E0
:1080F0002DE9F84398468388112B00AF81460E4640
:10810000144622D85E4A5F48022115F07EF8B9F87D
:108110000410D9F80000F6F7FFFA6C4688B06A46FA
:10812000594BC2E905304FF400739383574B42F823
:10813000103F544800234FF4E451F3F7BFFFA54626
:108140006FF01500BD46BDE8F8831D2B05D9504AD8
:108150004C48022115F059F8F2E789BB0568DFF8B1
:1081600034C11D4415F8082C15F8073C15F8061CF9
:1081700015F8020C43EA022315F8052C42EA012205
:1081800042EA034215F8031C15F8043C41EA0321B6
:1081900015F8013C43EA002343EA014382EA030560
:1081A000DCF800303C481946002942DC20218B4293
:1081B00045DB03F01F035A1C40F82350CCF8002085
:1081C000237F66F3051323774246344B4946204606
:1081D00000F00EFD00284FD04FF6FF73E380D8F873
:1081E0000030227F587800F07F006074003818BF9C
:1081F000012040422075D8F800305B78DB0963F33A
:10820000C3022277D8F80000023018F080FCA06189
:10821000D8F80030B3F80730032E5ABA628114D070
:108220009BB918481E4A012118F079FC6FF04C00E8
:1082300088E7013950F821209542B5D180E701390E
:1082400050F821209542B2D17AE71649164A0B8898
:10825000258903F01F0332F8230065F30E0022F88E
:10826000230052F82300A46964F3DF3042F82300AE
:1082700001330B80002065E76FF0010062E700BF6B
:10828000527D04006C3A04003BA40400030000018A
:108290007A7D0400305B0020345B00209D77020073
:1082A000A17D0400E6630020B45B0020F0B597B028
:1082B00006AB17464FF4E812CDE904230C460546F9
:1082C000202200210EA803931BF020F98DF84840CE
:1082D00018F01AFB98B303AB0EAA39462846FFF7ED
:1082E00007FF60BB03A816F0BFFC0446BDF84200C0
:1082F000BDF8106018F038FB18BBBDF8420002F062
:108300004FFB9DF85430022F60F386138DF85430E4
:1083100019D1BDF8401028460BF05CF8FEF7FAFAC8
:1083200088B9FEF701FB9DF8543003F04003184371
:10833000C0B240B96C4A6D48032118F0F0FB17B089
:10834000F0BD0120DDE70EA903A805F09DFF10F1A7
:108350000B0F19D1664A6548022118F0E0FB654A07
:108360001388013B9BB21380634A32F823106FF3EA
:108370000E0122F82310614A1368013B1360604A22
:10838000002142F82310DAE74D30D8D0BDF9423051
:10839000002B03DD9DF854303F2BD0D8059BADF862
:1083A000106013FA84F49DF849300394012BC6D968
:1083B0009DF8543013F0340F08D1FEF789FB0128E3
:1083C00007D19DF8543013F0340F0BD0FEF714FB97
:1083D0000AE0FEF79FFA0128F3D0FEF7A5FA01287C
:1083E000ADD1EEE7FEF77EFB024600210020CDE98D
:1083F000000101210846FEF7A7FC044600289ED094
:10840000039A537823F07F035370039A9DF8493001
:108410005178013B0B43537000F11005BDF810205B
:108420000399284616F02CFC0E9A9DF85400937878
:10843000991E4B424B416A214B4303F159014007BE
:1084400011440BD52669307820F07F003070206908
:108450001A44037892F8592013430370294B9DF86E
:108460005420186802F00102821A0023284618F0EE
:1084700058FB40B1244A1D48012118F050FB20460A
:10848000FEF736FC5BE79DF854305A0712D5BDF86D
:10849000421020460AF0D0FF9DF8543013F0300F00
:1084A000C3F301120FD0022A17D09DF854305B0796
:1084B0000DD4E4E7FEF72EFA0128E8D0FEF734FAEF
:1084C0000128E9D1E3E7FEF703FB0128EDD1002203
:1084D00011462046FEF79AFCD1E7FEF71BFA012869
:1084E000F5D0FEF721FAF0E7D47D04006C3A0400E1
:1084F000F87D0400E6630020B45B0020305B0020C0
:10850000345B0020680D00202D7E040010B5064C61
:108510000649204610F096FFA4F5FA700449BDE81C
:10852000104010F09FBD00BF680F0020297D0200A1
:10853000CD78020007B5FFF72FFA83071AD5144A42
:1085400013680093FFF728FA92F8F831C0F3C000DF
:1085500040EA43008DF8040005220E486946F4F70E
:10856000EFF920B10C4A0D48012118F0D8FA03B0F8
:108570005DF804FB074814F015FF0028F7D0084AFF
:108580000648012103B05DF804EB18F0C8BA00BF3B
:10859000680D0020427E04004D7E04006C3A040009
:1085A000667E040030B587B0FFF7F6F983071ED565
:1085B00002F0DCF9144CADF804000DF1060204F1F0
:1085C0001005234603CBAB42106051601C4602F1FC
:1085D0000802F6D10D48122201A9F4F7B1F920B131
:1085E0000B4A0C48012118F09AFA07B030BD074831
:1085F00014F0D8FE0028F8D0074A0648012107B039
:10860000BDE8304018F08BBA980F0020797E040046
:10861000857E04006C3A0400A37E040007B5FFF7D2
:10862000BBF9830714D5114B11489A88ADF8042083
:10863000DB888DF80630032201A9F4F781F920B117
:108640000C4A0D48012118F06AFA03B05DF804FBEA
:10865000074814F0A7FE0028F7D0084A0648012171
:1086600003B05DF804EB18F05ABA00BF680D0020A3
:10867000BB7E0400C77E04006C3A0400E07E040068
:10868000054890F8F8315F2B05D8044A002300F51F
:10869000007010F0C5BF7047680D00200000C0A832
:1086A000F8B50B4C0B4F05460E46BC420ED90A4995
:1086B0000A48462214F0A5F80748462114F098F815
:1086C00054F8043B314628469847EEE7F8D3F8BD06
:1086D0008039040090390400067F0400A45204008D
:1086E0000346024A0248012114F08FBD387F04007E
:1086F000743A040010B586B00346074A04461421B4
:1087000001A813F0C5FA01A814F04CFE10B12046E0
:10871000FFF7E6FF06B010BD5B7F0400F0B585B043
:1087200000238DF80F3000F122031646019300F16B
:1087300012030093054600F111030F4601220DF1CB
:108740000F01304601F0DCF8044638B11F4A2048DA
:10875000012114F051FD204605B0F0BD4FB1334664
:108760006A1C06F1100153F8040B42F8040B8B420B
:10877000F9D105F13201304601F026F9044608B17D
:10878000144AE4E70246144905F13A03304601F081
:108790006DF9044608B1114AD9E7114905F14A03B8
:1087A0000222304601F062F9044608B10D4ACEE7D4
:1087B00002460D4905F15A03304601F057F90446C7
:1087C00008B10A4AC3E701232B70C4E76D7F040098
:1087D000743A0400997F0400B37F0400B87F04005A
:1087E000D77F0400DC7F0400FA7F0400FF7F0400D1
:1087F00018B18078821E50425041054BBFF35B8F09
:108800001B68BFF35B8F1B0748BF40F00200704737
:10881000700D0020034BD87818B193F84200013056
:10882000C0B27047A413002010B5084B1B884FF648
:10883000FF74A34204D01AB921B10380012010BDF6
:108840000020FCE76FF00B00F9E700BFA413002045
:10885000034B1A8882420CBF18460020704700BFA5
:10886000A413002010B58EB00146FFF7F1FF0446B7
:1088700040B91C4A1C480B4602210EB0BDE810400E
:1088800014F0C3BC0B46194A1421684613F000FAD1
:1088900004F149030DF1150204F1590153F8040BD9
:1088A00042F8040B8B42F9D104F1B3030DF1250218
:1088B00004F1C30153F8040B42F8040B8B42F9D1C5
:1088C000A37821225B0005A968468DF81430F4F7DF
:1088D00037F820B1064A0448012114F08DFC0EB08F
:1088E00010BD00BF25800400743A04005B7F0400C3
:1088F00042800400F0B4144D6C782A8814F0100FF4
:1089000081F00106C2F30B0711D1C0F30B0343F44E
:10891000805343EA463322F47F52C3F30D0322F01F
:108920003F0213432B80F0BC012006F09FBB87421F
:1089300003D031B9F0BCFFF7DDBE66F345146C70AF
:10894000F1E7F0BCFFF78EBFE863002038B5154CA7
:1089500023889842054603D04FF6FF7293421CD1FC
:108960002388AB4207D1102204F149001AF0D6FD4A
:1089700088B1062010E00A4604F148000121FFF703
:10898000CDFE014658B9608025802046FFF788FE5D
:10899000208818F048F9002038BD0520FCE7102099
:1089A000FAE700BFA413002030B5174B85B01A8832
:1089B0009B78ADF80C208DF80E30FFF749FF0D467F
:1089C000044618B90870042005B030BD09788378D2
:1089D00099420DD0022B0DD803F110026A4412F80F
:1089E000042CCA40D20705D518F020F9A3782B70C3
:1089F0000020E9E705480091054A022114F00FFC28
:108A0000A3782B700B20DFE787800400743A040002
:108A10005F800400022938B50D4620D0FFF718FF0B
:108A2000044608B9042015E00E4802884FF6FF738B
:108A30009A4207D0C378012B04D190F842300BB191
:108A40000AF00EFC3DB1002120460AF0FBFB06F0C7
:108A5000EFF9002038BD20460AF002FCF7E70F20AE
:108A6000F8E700BFA4130020F8B5174D1F462B8868
:108A7000984204460E4603D04FF6FF718B421CD13C
:108A80002B88A3421CD04AB97FB92C8000242846E9
:108A9000AE70EC70FEF7FEFC204605E00021284693
:108AA00018F064F80028EFD0F8BD3A4601212846B6
:108AB00018F05CF80028E8D0F6E76FF00B00F3E759
:108AC0006FF07700F0E700BFA4130020F0B51F4659
:108AD000214BBFF35B8F1C68BFF35B8F14F0010465
:108AE00093B0154607D048B91C4A1D48012114F01F
:108AF00083FB6FF00104204613B0F0BD102200216B
:108B000013F0F2F8212386B209AA3946284606F066
:108B100087FA044628B1134A1148012114F06CFB6E
:108B2000E9E701AC0DF125030DF145072246186870
:108B30005968254603C50833BB422C46F7D19DF83A
:108B40002430012B4FEA530130468CBF05AB002384
:108B5000FFF78AFF0446CEE7700D00207E5F040019
:108B6000743A04008B80040010B50346064804885C
:108B70004FF6FF72944205D00BB9034810BD9847D9
:108B80000028FAD10020F9E7A413002008B5034615
:108B9000054801884FF6FF72914202D098470120A4
:108BA00008BD0020FCE700BFA413002068B1084AFC
:108BB00000F58E73934208BF034618884FF6FF7284
:108BC000904214BF184600207047024BF5E700BFE3
:108BD000C0140020A4130020044802884FF6FF733D
:108BE0009A4201D018F058B8704700BFA413002073
:108BF0002DE9F8432C4D04460E461746984605F5D8
:108C0000E879AB6B33B3236093F8483033B105F1A7
:108C10003C033A4631462046C047C8B9236893F81A
:108C2000B230BBB105F15D033A4631462046C0473C
:108C300080B10123227F5B0043F0040322F006028F
:108C40001343237723681B88A3800120BDE8F883A2
:108C50000023EFE7E8354D45D3D1144B2360198845
:108C60004FF6FF72914201D10020EFE793F84820C0
:108C70002AB159333A4631462046C04790B9236855
:108C800093F8B220002AEFD0C3333A46314620464B
:108C9000C0470028E8D00122237F23F0060343EADF
:108CA0004203CEE70022F7E7680D0020A41300205E
:108CB000084A5378D9060CD56FF304135370108803
:108CC000DBB29B06C0F30B0001D5FFF713BDFFF726
:108CD000C9BD7047E8630020F8B50C4D0C4F044641
:108CE0000E46BD420FD90B490B48B52213F089FD42
:108CF0000848B52113F07CFD55F8043B21886088B5
:108D000032469847EDE7F7D3F8BD00BF903904002D
:108D100094390400C3800400A452040090B58FB0BD
:108D200000AF0346234A04461421384612F0B0FF30
:108D3000214A5388A34222D11388BB821379BB7581
:108D400007F11701931D163253F8040B41F8040B79
:108D50009342F9D1194B07F1270203F1100153F89F
:108D6000040B42F8040B8B42F9D1232207F11401C2
:108D70003846F3F7E5FD48B93C37BD4690BD104A8B
:108D800010482346022114F040FAF5E76C4688B0FB
:108D90006A460D4BC2E905374FF4007393830B4BC2
:108DA00042F8103F074800234FF4E251F3F786F9E9
:108DB000A546E1E7F78004004C1800206318002066
:108DC00009810400FC39040025810400030000012E
:108DD0000346024A0248012114F017BA45810400F3
:108DE000FC39040010B586B00346074A0446142136
:108DF00001A812F04DFF01A814F0D4FA10B12046DA
:108E0000FFF7E6FF06B010BDF7800400F0B4144D84
:108E10006C782A8814F0100F81F00106C2F30B075A
:108E200011D1C0F30B0343F4805343EA463322F4D9
:108E30007F52C3F30D0322F03F0213432B80F0BC9B
:108E4000022006F013B9874203D031B9F0BCFFF716
:108E5000C9BF66F345146C70F1E7F0BCFFF75EBF65
:108E6000EA63002011F0FD0F70B50B462AD170BDEA
:108E7000042B20D12379002BF9D004F11603621DB5
:108E800004F1260153F8040B42F8040B8B42F9D18C
:108E90001B7813700021112213481AF037FB0023AE
:108EA000012128462371FFF7B1FF10480421BDE8D6
:108EB0007040FFF711BF032BD9D12379002BD6D0F7
:108EC0002046F4E7094C65884FF6FF729542CED0F4
:108ED000268802889642CAD1012BC9D12046BDE816
:108EE000704017F06EBF00BF621800204C180020C1
:108EF000F8B5074608460E461546FFF7A9FC90B39D
:108F00001C4C63889F4203D04FF6FF72934228D1D6
:108F10006388BB420AD12388B34224D11022294658
:108F2000A01D1AF0FBFA00BB0020F8BD611D284609
:108F300000F076FDD8B92680678020712946A31DF0
:108F400005F1100251F8040B43F8040B9142F9D1DA
:108F500038460121FFF75AFF00212046FFF7BCFEEB
:108F6000E2E70520E1E70420DFE70620DDE70F2048
:108F7000DBE700BF4C18002070B5204D14466A880E
:108F8000824232D14FF6FF729142288801D0884246
:108F90002DD1FFF75DFC60B38678012E01D00B2048
:108FA00070BD2B793BB11648102221461AF0B6FA53
:108FB00008BB0020F4E71349204600F031FD0028EB
:108FC000EDD10F4B2E71214604F1100251F8040B24
:108FD00043F8040B9142F9D168880121FFF716FF8D
:108FE00006480221FFF778FEE3E70320D8E71120C7
:108FF000D6E70420D4E70620D2E700BF4C180020B3
:10900000631800206218002038B54FF6FF739942AC
:1090100005460C4609D00846FFF71AFC90B10A4BEA
:109020005A88AA4209D0002038BD074B5B8883428A
:10903000F9D1054817F0C5FEF5E71B88A342F8D023
:109040001120F1E70420EFE74C180020F8B5154C8B
:109050001D466388984206460F4603D04FF6FF71BF
:109060008B421BD16388B3420ED00021204617F0FB
:1090700083FE10B16FF00400F8BD3DB9003D18BF8C
:1090800001252780668025710020F5E72A46012109
:10909000204617F071FE0028F0D0EBE76FF00B00D0
:1090A000EAE700BF4C1800202DE9F0411F46264B8F
:1090B000BFF35B8F1C68BFF35B8F14F0010492B0A9
:1090C0008846154607D050B9204A2148012114F09E
:1090D00093F86FF00104204612B0BDE8F081102231
:1090E000002112F001FE0646B8F1000F20D0232324
:1090F00009AA3946284605F093FF002820DB01AC79
:109100000DF127030DF147072246186859682546D7
:1091100003C50833BB422C46F7D19DF82630BDF875
:10912000241003B105ABB0B2FFF790FF044608B9B5
:109130000024D0E7074A0648012114F05DF8CAE789
:109140006FF01504C7E700BF700D00207E5F0400BC
:10915000FC39040068810400024B5B881B1A5842EA
:10916000584170474C18002070B50A4D6C884FF676
:10917000FF76B44209D0B04202D02D88854204D196
:109180001BB922B10C80012070BD0020FCE76FF0FC
:109190000B00F9E74C180020F8B51E464388154629
:1091A000DA1C92B2012A04460F460BD91D4C628884
:1091B0009A4225D12088FFF74BFB386010BB2388EB
:1091C000194A10E00088FFF743FB38600028F6D00A
:1091D00062884FF6FD739A420CD1A08801F0E0FB43
:1091E00040B9A388114A1248022114F00EF86FF01A
:1091F0001500F8BD0F4B2B60002333700020F8E7FB
:109200000D4AF0E78378022B06D1237923B1A37DA1
:10921000337017342C60F1E763793370074B2B60A0
:10922000ECE700BF4C180020808104009681040008
:10923000FC390400980F0020AB8104005218002074
:10924000F8B504461046069A5CB1B0F90A10002938
:1092500002DD1449984710B34FF6FF70F8BD651D45
:1092600014E0114C66884FF6FF75AE42F4D00568E5
:1092700026882D88AE42EFD1057FAD07EFD527793F
:10928000651D04F11606002F18BF35462E788E4254
:10929000E2D1691C98470028DED16088DEE74FF6EE
:1092A000FE70DBE7980F00204C180020044842882D
:1092B0004FF6FF739A4201D017F083BD704700BF8D
:1092C0004C180020084A5378D9060CD56FF30413C4
:1092D00053701088DBB29B06C0F30B0001D5FFF77B
:1092E00081BDFFF71BBD7047EA63002070B50C4DD0
:1092F0000C4C0D4E00236B60B4420ED90B490C4848
:10930000592213F07EFA0948592113F071FA636863
:109310000BB1284698470C34EEE7F8D370BD00BF78
:10932000345C00209439040094390400E181040085
:10933000A452040070B50B4C0B4D0C4EAC420ED930
:109340000B490C48282213F05CFA0948282113F035
:109350004FFAA3680BB1304698470C34EEE7F8D3C8
:1093600070BD00BF9439040094390400445C0020AF
:10937000E1810400A4520400F8B5144DEC680646DF
:10938000B4B16B88012B13D94FF47A735C434FF45B
:10939000004740F2E73000214FF47A720023E4FBEB
:1093A0000701EBF7A9FD02460B46094810F038F912
:1093B0006B884FF6FF7293421CBF03F1FF336B8043
:1093C0001EB9BDE8F840FFF7B5BFF8BD445C00200A
:1093D000B837002010B5054C2389054A05480121FE
:1093E00013F013FF0023238010BD00BF445C002056
:1093F00016820400443A040030B58DB00E220021DC
:10940000254C05460DF122001AF080F84FF6FF7347
:10941000ADF81E302388ADF82030237920898DF8EF
:109420002C300023CDE904330693ADF81C00FFF780
:109430000FFA07AB0593049001F098FAADF8180005
:10944000FDF7DAFA8DF81A00049810B3208800B3FB
:1094500023798DF80C30FDF73BFB431E5C425C41E9
:10946000FDF758FA012808BF44F00204FDF7A4FAFA
:1094700001284FF0000308BF44F00404CDE9005375
:109480002402032303AA0A2104A8ADF80D4004F026
:109490005DFE0DB030BD00BF445C002008B50B4B35
:1094A000DA6892B15A8882B11889FFF7D1F918B9F0
:1094B000BDE80840FFF78EBF0548FFF79DFF20B1CC
:1094C000BDE808400021FFF757BF08BD445C0020FD
:1094D000784804002DE9F0418B88022B07460D46A1
:1094E00008D82F482F4A012113F086FE6FF015008F
:1094F000BDE8F081084615F094FB2B4E0446284643
:1095000015F09FFBBA68B36897F811809A42054638
:1095100001D00020ECE7254819F08FFE0028F8D094
:1095200004F07F04C8F10108B37B4444E4B2A342D1
:1095300028BF2346B373F37BA34238BF2346F3739C
:10954000B3894FF6FF7293421CBF0133B381738915
:109550006BB1174811F052FB4FF47A72A0FB023046
:1095600002FB0100DB0B43EA4043B3FBF2F3736001
:10957000104F114EDFF83080BE4208D90F49104815
:109580004E2213F03EF90D484E2113F031F9C0D2AE
:1095900033681BB12A462146404698470C36EBE714
:1095A000443A040038820400345C0020E83700208C
:1095B000F83700209439040094390400E181040054
:1095C000A452040038B5044608B1038873B9184B97
:1095D00018480022DA601A601A71DA801A8110F0D5
:1095E00025F817F091F9F8B9002038BD0089FFF788
:1095F0002FF938B923891048104A012113F005FECC
:109600000420F2E7E3880A4D03F00F03E38094E8B7
:109610000F0085E80F0017F077F90028E4D005481F
:10962000002200230FF0FCFF062005F01FFDDBE702
:10963000445C0020B8370020443A040054820400FF
:1096400010B51946214BBFF35B8F1C68BFF35B8FCE
:1096500014F0010486B010460AD008236A4605F0CB
:10966000DFFC044638B11A4A1A48012113F0C4FD40
:10967000204606B010BD9DF80220BDF80030ADF8C0
:109680000830F2B1FF2A1ED0013A012393409BB269
:1096900005939DF803308DF80C30BDF80430ADF81B
:1096A0000E30BDF80630C3F30B03ADF810309DF853
:1096B000073002A843F30013ADF80A30FFF782FF2A
:1096C000D6E70346E4E74FF6FF73E1E7700D0020AD
:1096D0006A820400443A040010B5034B04460FCBE1
:1096E00084E80F0010BD00BF445C0020030470B587
:1096F00006460D46144606D5294A2A48022113F08B
:109700007BFD012070BD81F40043B3F5804F01D291
:10971000254AF2E701F580739BB2F82BF8D90BB21A
:10972000002B2DDD01F022F98542F1D1B4F5803F07
:1097300007D91C481D4A2346022113F066FD0F205D
:10974000E0E726BB1A4B0022C3E902220024184B93
:1097500000251C604FF47A735C434FF4004640F2DE
:10976000E73029464FF47A720023E4FB0601EBF759
:10977000C3FB02460B460F480FF052FF2846C1E7D5
:10978000B2F5803FD5D80028DCD00029DAD0002CF3
:10979000DCD0074B4FF4FE021E815D81DA60D6E714
:1097A00081820400443A04009B820400BA820400CF
:1097B000345C0020E8370020014B00229A8170477A
:1097C000345C002038B50C4D044695E80F0084E861
:1097D0000F006B896BB1094811F010FA4FF47A72DF
:1097E000A0FB023002FB0100DB0B43EA4043B3FB6A
:1097F000F2F3636038BD00BF345C0020F83700200E
:10980000044B1A882AB1DB88184202D00248FFF7BD
:10981000F3BD7047445C00208048040008B5074B46
:10982000074908484FF6FF721A810FF00BFEBDE89A
:109830000840054905480FF005BE00BF445C002004
:109840009D940200B8370020ED920200E837002016
:10985000054B5A8832B1DB6823B10448002200234B
:109860000FF0DEBE704700BF445C0020B837002018
:109870007FB502A8FFF730FFBDF808205AB91D4890
:1098800013F090FD20B11C4A1C48012113F0B4FCD8
:1098900007B05DF804FBBDF80A30ADF800204FF6C4
:1098A000FF71591A4B424B419DF8071063F30411A5
:1098B000059B8DF8071023B1B3FA83F3C3F120039E
:1098C000DBB28DF802309DF80C308DF80330BDF816
:1098D0000E30BDF81020ADF80430BDF80630054854
:1098E00062F30B0369460822ADF80630F3F728F857
:1098F000C8E700BFDE820400EC820400443A0400A2
:109900002DE9F04395B0814688462E4802A91546B8
:109910001F4617F029FB044600284FD10AAE3346F4
:109920001022494602A817F091FA0446002845D1B2
:109930000123CDE910850DF1070206ADCDE9122313
:10994000CDE90E008DF8073003222B460EA93046D4
:1099500018F095FE044688BB9DF827300E9503F05D
:109960007F033B7010230F9302238DF807300322EF
:109970002B460EA9304618F082FE0446F0B91C9A18
:109980002C46234603CBB342106051601C4602F1C3
:109990000802F6D103222B460EA930468DF8072087
:1099A00018F06DFE044648B91D9A2B4603CBB3420E
:1099B000106051601D4602F10802F6D1204615B034
:1099C000BDE8F0831D83040030B5134B8BB0054612
:1099D000186800901B7911488DF804300C4602A9D4
:1099E00017F0C2FA034698B906AB1022294602A81E
:1099F00017F02CFA034658B902AB0522694606A8AF
:109A000017F024FA034618B904AA03CA206061605B
:109A100018460BB030BD00BF27830400228304002A
:109A200030B58BB00F4B019305460C460E4802A98A
:109A300017F09AFA98B906AB1022294602A817F037
:109A400005FA60B9042202AB0DEB020106A817F07B
:109A5000FDF920B99DF8173003F03F0323700BB0D8
:109A600030BD00BF696436012D83040070B58AB033
:109A70000646084602A91C4617F076FA0246A0B927
:109A800006AD02AA0A4B00951021304617F08DFA58
:109A9000024650B923460AAE2C4603CCB4421860A5
:109AA0005960254603F10803F6D110460AB070BD8F
:109AB0003283040010B586B002AB144600930A4608
:109AC000094B202117F071FA60B90DF10B03224602
:109AD0000DF1170153F8044B42F8044B8B42F9D1B6
:109AE0001B78137006B010BD3983040070B586B0C2
:109AF00002AD0C4B009514460A46202117F055FA8A
:109B0000064658B92B46224606AD1C4603CCAC424D
:109B100010605160234602F10802F6D1304606B0CB
:109B200070BD00BF3E83040007B5044B00920A4697
:109B3000202117F03AFA03B05DF804FB43830400D8
:109B400070B51A4B88B004460E4618689B88009082
:109B5000ADF804300DF10501002330461546CDF86F
:109B60000630CDF80A30ADF80E3017F049F9D4F8C8
:109B70000730CDF80930B4F80B30ADF80D3004AA39
:109B8000637B8DF80F306946284618F072FD58B98E
:109B9000234604AA063413F8015F12F8011BA342FE
:109BA00081EA05011970F6D108B070BD1C420400AD
:109BB00010B5064A0144FF23884202D1D843C0B2FF
:109BC00010BD10F8014B6340D35CF5E775830400CA
:109BD00030B502688088084C1044FF23824206D1C9
:109BE0004B40E05CA0F1CF035842584130BD12F821
:109BF000015B6B40E35CF1E77583040030B589B02D
:109C000005460C460B48694617F0AEF980B904AB1F
:109C100010222946684617F019F948B9BDF81E30D8
:109C20005BBAC3F30D036FEA43436FEA53432380E8
:109C300009B030BD4883040013B50446012C084622
:109C400006D100934021074B17F0C7F902B010BDB1
:109C50002CB900932021044B17F0A7F9F6E76FF019
:109C60001500F3E74D830400558304002DE9F74305
:109C70000446DDE90A890F4616461D460F48009244
:109C80000B460F4A022113F0CAFA4146304601F84A
:109C9000017B17F0B5F84B462A464146204617F09F
:109CA00009F940B943462A464146204603B0BDE87B
:109CB000F04317F0D5B803B0BDE8F0831C3A0400B8
:109CC0005A83040008B5044A0448012117F079FBBF
:109CD0006FF00A0008BD00BF84840400E43904006A
:109CE000F7B50D460746002602210DF10600ADF836
:109CF00006600CF0C3FDBDF80640B4FBF5F305FBB0
:109D000013441434A4B24FF4004540F2E730314616
:109D10004FF47A720023E5FB0401EBF7EDF80246FD
:109D20000B4607F120000FF07BFC041E07DA054903
:109D30000548224617F081FB204603B0F0BD3446AB
:109D4000FAE700BFA6840400E439040030B40446F6
:109D50000D4624880299029264BA1846A3B21DB136
:109D6000024A30BC11F094BF014AFAE7CB840400E8
:109D7000DB8404000B4BBFF35B8F1A68BFF35B8F70
:109D8000D2070CD559B1BFF35B8F53E8001F41F0E8
:109D9000800143E80012002AF7D1BFF35B8F002057
:109DA000704700BF700D00202DE9F84300AF044656
:109DB0003D6AD5F800800E469146B8F1000F4FD1AC
:109DC00083682BB1186080682A4920300FF03AFB75
:109DD0004FF6FF72238A98451EDB274B61681B688C
:109DE000DB68F31A1B110B7062682449B9F1000F8C
:109DF00039D0F368E31ADB104B435370236A0C33FA
:109E000053F8042C72B92A60636A4BB39B683BB366
:109E100020469847286023E0E36823F8182008F1DB
:109E20000108D7E753F80C1C20888AB2824203F15C
:109E30000C03E5D063886C468AB06A46104EC2E9CE
:109E400007310523C2E9056042F8103F00230D48A1
:109E50004FF42151F2F732F96FF01503A5462B604C
:109E6000BD46BDE8F883B368E31ADB104B4353707B
:109E7000CAE700BF95A40200545C0020CDCCCCCC36
:109E8000EB840400E43904002DE9F0418AB0154662
:109E90004268538802AF0446002B00F00581D907C1
:109EA00031D523F0010353804FF00008018A434667
:109EB0004FF6FF708B426BDB1423009307F10C0607
:109EC000904A606833462946FFF740FFB8F1000F1B
:109ED0006FD04FEA480239463046F2F731FD90B173
:109EE000E84688B002AA884BC2E905364FF40073F1
:109EF0009383864B42F8103F854800234FF4E2518C
:109F0000F2F7DCF8C546626853889E0740F19180FD
:109F100023F0020353800026218B33468B424CDB17
:109F2000142300937B4A606807F10C032946FFF76E
:109F30000DFF002E4ED07200394607F10C00F2F7EB
:109F4000FFFCA0B16E4688B002AA6F4B536107F1C7
:109F50000C0393614FF4007393836C4B42F8103FF2
:109F60006B4800234FF4E251F2F7A8F8B546E369D5
:109F70001868A0BB1423684A0093294607F10C0314
:109F80006068FFF7E3FE07F10C0013F00BFA3AE00C
:109F9000E26832F8132082421CBF07F1200606EB6C
:109FA000480603F101031CBF26F8202C08F1010824
:109FB00080E7304613F0F6F991E7626932F8132032
:109FC00032B107F1200000EB4600013620F8202CCA
:109FD0000133A3E707F10C0013F0E4F9B1E73946C8
:109FE00003F0F6F9142300934B4A07F10C032946BA
:109FF0000028C5D16068FFF7A9FE0222394607F1A3
:10A000000C00F2F79DFCA0B16E4688B002AA3E4B50
:10A01000536107F10C0393614FF4007393833B4B3F
:10A0200042F8103F3A4800234FF4E251F2F746F865
:10A03000B5466268538858072BD523F00403538034
:10A040000023C7E900333B811423009307F10C067A
:10A050003346324A60682946FFF778FEA3680BB1A1
:10A060009A882ABB304613F09DF990B16D4688B0AE
:10A0700002AA254BC2E905364FF400739383234BA4
:10A0800042F8103F224800234FF4E251F2F716F84D
:10A09000AD4662685388990606D523F020035380A5
:10A0A000636A20461B6998472037BD46BDE8F081AA
:10A0B0003A809A89C2F30B027A80DA89BA80FA88E8
:10A0C000198A22F47F62C1F30B0122F00F020A43C6
:10A0D000FA805A7BF979C2F3001262F30411F97124
:10A0E0009A8882F40042B2F5804F04D2986807F152
:10A0F000080103F06DF90A2239463046F2F720FCD8
:10A10000B3E700BF3085040035850400030000017B
:10A11000E43904004E85040052850400578504008C
:10A120002DE9F347DFF86CA006460F4600254FF0F7
:10A130002809DAF800309A68AA4202D802B0BDE8CD
:10A14000F087DC684FF0000804EB0514A379434561
:10A1500006DC4FF00008E37943450EDC0135E8E703
:10A16000A0680097B5FA85F309FB08005B09002297
:10A170002146B04708F10108E8E7E0680097B5FA22
:10A1800085F309FB08005B0901222146B04708F16D
:10A190000108E0E7545C00202DE9F74F3F4B0191A7
:10A1A0001F680446398801AA17F01AF9798801AAAC
:10A1B000204617F015F9B98801AA204617F010F9C2
:10A1C00001AA0A21204617F00BF901AA072120460F
:10A1D00017F006F94FF000084FF0020A4FF0280977
:10A1E000BB68434501D8002022E0FD68019E05EBD5
:10A1F0000815AA79EB7902321AFB0323B6EB430F59
:10A200004FEA430B05D3A6EB0B06019608F10108B4
:10A21000E6E7204614F02CFDC6F104065E44B04289
:10A2200009D21F481F4A012117F0CBF86FF0060032
:10A2300003B0BDE8F08FA98801AA204617F0D0F836
:10A24000A97901AA204617F0FDF8E97901AA20466C
:10A2500017F0F8F80026AB799E4215DB0026EB7963
:10A260009E42D3DAE96809FB06F301EB030B01AA6E
:10A27000C95A204617F0B4F8BBF8021001AA2046CC
:10A2800017F0AEF80136EAE709FB06F3A96801AA60
:10A29000C95A204617F0A4F80136DCE7545C0020C8
:10A2A000E43904005B85040083682BB3187C8209C1
:10A2B000022A18D0032A1BD0012A0ED0642210FBD8
:10A2C00002F05A7B520618D5B8B15B7C03F00F033D
:10A2D00018416428B8BF6420704700F03F004FF475
:10A2E0007A725043EDE700F03F0042F21072F8E757
:10A2F000024A00F03F00F4E718467047C027090003
:10A300002DE9F0410D468E6817F05DF87469AB6871
:10A310000146071B587C0F2838D9DB7B4FEAD30C4A
:10A3200003F00703322201330CFB0222A3EB1013CC
:10A330005A432BD0974240D3224A2348022117F098
:10A3400040F8B37CDA0704D5204A1F48022117F0F1
:10A3500038F8AB68DA7B3223D20802FB033323EAF6
:10A36000E3744FF4004640F2E73000214FF47A7274
:10A370000023C4FB0601EAF7BFFDAD6820350246A5
:10A380000B462846BDE8F0410FF0E4B82846FFF739
:10A390008BFF0246A0B187420FD30D4A0A48022123
:10A3A00017F00FF8B37CDB0701D40123D7E7094A84
:10A3B0000548022117F005F8F7E7631A9B18CED17C
:10A3C000BDE8F08178850400E43904009D8504002F
:10A3D000D18504000186040038B5024604460D46C6
:10A3E0000448054917F029F829462046BDE83840B9
:10A3F000FFF786BFE439040031860400034B42684E
:10A400001B681078DB6803EB00107047545C002079
:10A4100070B5ECB084680CAB07AD4FF0C072CDE9FD
:10A4200002230646142200212846019319F06EF8F3
:10A43000A389C3F30B03ADF81E30A388ADF8203019
:10A44000A3680993A37B8DF82C3030460023CDE917
:10A4500005530493FFF7D2FF03689DF81B201B8868
:10A46000ADF81830637BC3F3001363F30002A369F4
:10A470008DF81B209A88196801A814F001FC044A81
:10A48000334601A904A803F09FFD6CB070BD00BF66
:10A490008848040070B530F81C3C0446002B57D0A7
:10A4A000BFF35B8F314B1B68BFF35B8F5A07C3F35E
:10A4B00080064DD410F80F3C0F2B1CD9F03300F858
:10A4C0000F3C14F9133C50F8200C002B41DA54F8DF
:10A4D000042C002A3DD08368597CDB7B03F0070302
:10A4E000B3EB111F35D0904798B354F8201CBDE84A
:10A4F0007040FFF705BF10F8112C02F0070262F35D
:10A50000071300F80F3C50F8043C93B150F8200CAE
:10A510009847054616F057FF44F80C0C4DB114F857
:10A520000F3C66F3071304F80F3C54F8201C284630
:10A53000DDE714F80E3CDB070BD51E21A4F120004B
:10A54000FFF7CEFB28B914F80F3C103304F80F3C8A
:10A5500070BD54F8200CFFF75BFF05460028F7D0CC
:10A5600002460349034816F068FFDEE7700D00203D
:10A570004B860400E439040038B5124C2468A56801
:10A58000A94206D30A461049104816F056FF00208B
:10A5900038BDE46804EB011150B1C879904201D88C
:10A5A0000B49F1E7C86802EB820300EBC300EFE759
:10A5B0008879904201D80749E6E7886802EB820370
:10A5C000F3E700BF545C002066860400E439040011
:10A5D0007F8604009D8604002DE9F04F87B002AF0E
:10A5E0000546D7F838B0924699460C4659B99A4A6A
:10A5F0009A48012116F0E5FE6FF001042046143759
:10A60000BD46BDE8F08F10220021204611F06CFB02
:10A61000C0F307265FFA80F8424628463146FFF726
:10A62000ABFF054640B98E4A8C48CDF800803346D2
:10A63000012112F0F4FDDFE73946204612F0DAFE80
:10A6400038680028D3D0002112F0D4FE0328D7F8B0
:10A650000080044669D0042840F0EA80024681491F
:10A66000404618F06BFFD0B94FF6FF732A8A90422C
:10A6700004DBBAF1000F06D10024BFE7EA6822F834
:10A6800010300130F2E7E96852005846C847041E0E
:10A69000F2DA75497148224616F0CFFEAEE77349EB
:10A6A0002246404618F04AFF064600BBEB69186098
:10A6B000BAF1000FE0D007F10408022241465846E3
:10A6C000C847041EE5DB6408B146A145D4D038F87C
:10A6D0001900D5F81CA002F06DFE4AF82600EB69BF
:10A6E00053F8263003B1013609F10109EDE722469E
:10A6F0005F49404618F022FF0446002840F0988049
:10A70000391D404612F076FE6B6A002B3FF476AF9F
:10A710001E68002E3FF472AFCDF800B079684B464A
:10A7200052462846B047044668E75249024640462A
:10A7300018F004FF014658B92C8B68696400224662
:10A7400018F0E4FEBAF1000F96D0696922469CE742
:10A7500022464949404618F0F1FE0446002867D1D8
:10A76000AB683BB9454A3D48022116F02AFE6FF01E
:10A77000150443E7BAF1000F18D19880AB689A89A5
:10A7800060F30B029A81AB685A7B60F304125A7330
:10A79000AB689873AB681874AB68D873AB685A7CB5
:10A7A00060F307125A74AB68986027E70A233A1DD2
:10A7B0005946484604F034FC064630B1304A274832
:10A7C000012116F0FEFD344618E7BB8883F40043F0
:10A7D000B3F5804F04D2B889AE6802F0EBFDB060EB
:10A7E000AB68BA889A80AB68F9889A8961F30B02E2
:10A7F0009A81AA68FB7A517BC3F3001363F30411B7
:10A800005173AB683A7A9A73AB68BA7A1A74AB68C8
:10A810007A7ADA73AA68FB7A517CC3F3030363F391
:10A8200003015174AB685A7C6FF307125A74E5E662
:10A830006C4688B002AA134BC2E905384FF4007386
:10A840009383114B42F8103F044800234FF4E45126
:10A85000F1F734FCA546CFE67E5F0400E43904003E
:10A86000B886040030850400E786040052850400A1
:10A87000506D04004E8504005785040006870400CF
:10A8800028870400428704000300000123B5054621
:10A890000848BFF35B8F0068BFF35B8F10F00100C7
:10A8A00006D00093002013460A462946FFF794FE7F
:10A8B00002B020BD700D002023B505460848BFF347
:10A8C0005B8F0068BFF35B8F10F0010006D0009330
:10A8D000012013460A462946FFF77EFE02B020BD3E
:10A8E000700D002007B568B183685BB1074B01A903
:10A8F0001860074800230193FFF712FC019803B08A
:10A900005DF804FB6FF01500F9E700BF545C002010
:10A91000A99D020030B5084B1880084B1968002328
:10A920008C68C2189C4292B200D830BDCD681C0120
:10A9300001332C592280F3E7EC630020545C0020A3
:10A9400010B5084A00231380074A12681846916818
:10A95000994200D810BDD4681901013361580880AC
:10A96000F5E700BFEC630020545C0020014B188821
:10A97000704700BFEC63002003B2002B0CDD074BD7
:10A980001968CA68896813681B88C31A9BB28B420E
:10A9900002D202EB0310704700207047545C002085
:10A9A0002DE9F84F03B2002B01460DDC1E4BD3F806
:10A9B00000A0DAF808804FF0000928271FFA89F56F
:10A9C000454508D3002004E0FFF7D6FF003818BF44
:10A9D0000120BDE8F88FDAF80C3003EB05150026EE
:10A9E00095F806B05E450BDB95F807B000265E458E
:10A9F00010DB002409F10109002CDFD00120E8E779
:10AA0000AC6807FB0644204616F095FC0028F1D1FF
:10AA10000136E7E7EC6807FB0644204616F08BFC9E
:10AA20000028E7D10136E2E7545C0020014B1B68A7
:10AA3000187A7047545C00202DE9F0470C4649888D
:10AA4000DDF82090074615461E4616F05BFD40B324
:10AA5000E37BC3B1B4F804804046FFF7A1FF20B107
:10AA60000FFA88F8B8F1000F0DDC3846FFF7C6FC86
:10AA7000036829461A88CDF8209033462046BDE861
:10AA8000F04709F039B93846FFF7B8FC03682946A2
:10AA90001A88CDF8209033462046BDE8F04716F0DE
:10AAA00019BD0A460348044916F0C7FC6FF01500AB
:10AAB000BDE8F087E43904005887040010B58468C5
:10AAC000002C3FD0A388002B3FD0A3690BB19B88FB
:10AAD0003BB91F481F4A012116F073FC6FF01500A7
:10AAE00010BDB3F5BE7F07D919481B4A012116F0E6
:10AAF00068FC6FF07900F3E7637C0F2B04D9174AE9
:10AB00001348022116F05DFCE37B627C03F007032F
:10AB1000013363F30712627416F055FCA37C606185
:10AB2000DB0707D40022002304F120000EF078FD9B
:10AB30000020D5E74FF4F0712046FFF7D1F8002848
:10AB4000F0D1F5E76FF08500CAE76FF07C00C7E74A
:10AB5000E43904007987040090870400B687040074
:10AB6000014B1868704700BF545C00201FB50446B5
:10AB700000230068ADF80C1001AA0549019302906A
:10AB800016F003FD029B0198236004B010BD00BFC6
:10AB9000591304001FB5044600680023CDE90201E3
:10ABA00001AA0449019316F0F0FC029B019823606E
:10ABB00004B010BD831304002DE9F7439846D2E991
:10ABC0000235B8F5803F07463ABF1D469079D079E7
:10ABD0000E4634BF4FF0FF321FFA88F20023D9B27D
:10ABE000884203D8032003B0BDE8F083511C02D093
:10ABF00029888A4204D1D5F82090D9F8081011B9D3
:10AC000001332835EBE7D9F80010884567D009F102
:10AC10000C09F2E7B7F90620FB88B9680195002A0C
:10AC20001ADD334A11686A68C968127812018A58B5
:10AC30001488E31A5C425C41002C4ED0D9F80430F1
:10AC4000B288002B2BDB93422ED92A4942462A4850
:10AC500016F0F3FB0420C6E783F40042B2F5804F00
:10AC600006D201A8FFF796FF041E18BF0124E3E7F0
:10AC700003F5804292B2B2F57C5F07D36A6814781C
:10AC800003F5807292B2FE2A05D824B1194601A8B4
:10AC9000FFF76CFFE8E7B4FA84F46409CCE7DA4222
:10ACA00002D016494246D2E70123FB73304613F027
:10ACB000DBFFD9F80830B6F804800446324639463E
:10ACC00028469847B368A6F80480003813FA84F43D
:10ACD00018BF01203460800085E7012083E7798870
:10ACE000284616F00FFC002894D102207BE700BF15
:10ACF000545C0020D8870400E4390400FC87040079
:10AD00002DE9F0470B681B789A09022A06460C4683
:10AD10002CD0032A33D07F2B0DD1314A3148012169
:10AD200016F04FFB304A2F48022116F04AFB03274A
:10AD30003846BDE8F087084613F073FF0546DFF894
:10AD4000AC90B6F90610D9F80030F2889F68002957
:10AD500042DDD86803681988511A89B2B9421DD3F7
:10AD60002349204816F069FB0127E1E78B88012B76
:10AD700001D8204AD2E7084613F063FFDEE78B884C
:10AD8000022B01D81C4AC9E7084613F04AFF0546C2
:10AD9000204613F04EFF40EA0545D0E700EB0112D4
:10ADA0002B4621463046BDE8F047FFF705BFC9688E
:10ADB0002B4601EB021230462146FFF7FDFE00282C
:10ADC00008BF002708F10108D9F800108B681FFAA6
:10ADD00088F29342EBD8ABE74FF000080427F3E783
:10ADE00023880400E439040081880400545C0020B6
:10ADF00099880400378804005C8804000148002119
:10AE0000FFF78EB9899E02002DE9F74331F08001EA
:10AE1000054605D1114603B0BDE8F043FFF7BCB9C4
:10AE2000012954D12B4B01921F684FF00008BB68D9
:10AE3000434501D800201FE0FB68019C03EB081389
:10AE40004FEA08199E79DB791E440236B44204D3D6
:10AE5000A41B019408F10108E9E7284613F008FF54
:10AE6000C4F104043444A04209D21B481B4A012106
:10AE700016F0A7FA6FF0060003B0BDE8F083FB6898
:10AE80004B4401AA9979284616F0DCFAFB684B443A
:10AE900001AAD979284616F0D5FA0024FB684B445C
:10AEA0009B799C420CDB0024FB684B44DB799C4281
:10AEB000D0DA01AA0021284616F0C4FA0134F3E7DB
:10AEC00001AA0021284616F0BDFA0134E6E76FF02A
:10AED0001500D1E7545C0020E43904005B850400D0
:10AEE00070B50B468688054629B1012903D06FF05D
:10AEF0000104204670BD0948094950F833002A462C
:10AF0000F1F77EFD044628B102460649064816F0D0
:10AF100094FAEEE7AB88B342EBD1E8E7904804003F
:10AF200005140400B0880400E439040013B51D487A
:10AF300012F038FA30B11C4A009000231B4801215E
:10AF400012F06DF91A4812F02DFA30B10123009079
:10AF5000154A1648194612F062F9BFF35B8F154C7B
:10AF600054E8003F23F0800344E80032002AF7D180
:10AF7000BFF35B8F104812F015FA024618B10F4963
:10AF80000A4816F05AFABFF35B8F54E8003F23F4E7
:10AF9000007344E80032002AF7D1BFF35B8F02B0A0
:10AFA00010BD00BFD4880400E2880400E439040026
:10AFB000FC880400700D00200A8904001B8904002D
:10AFC00001480021FFF7ACB85F14040008B513F086
:10AFD00028FE802813D9BFF35B8F0D4B1B68BFF38E
:10AFE0005B8F1A0611D4BFF35B8F094B1B68BFF34D
:10AFF0005B8F13F0800F0CBF0120802008BD03067B
:10B00000F1D4003818BF0120F8E78120F6E700BF2F
:10B01000700D002008B5044A0448022112F0ECF833
:10B020006FF00F0008BD00BF6E890400643A040091
:10B0300007B5012AADF8060004D104480DF1060158
:10B04000FFF76EF803B05DF804FB00BF9B1B040024
:10B05000F0B589B004460D4617461E464FF420222F
:10B0600002AB48F2170105A8CDE90623059316F0B7
:10B07000ADFA9DF8381005A813F00EFE394605A864
:10B0800013F011FE314605A813F006FE00230093CD
:10B0900005AA29462046FFF7CFFC20B1034A044801
:10B0A000012116F08AFB002009B0F0BDA089040040
:10B0B000143A0400F0B589B004460D4617461E4602
:10B0C0004FF4202202AB48F2480105A8CDE906233F
:10B0D000059316F07BFA394605A813F0DDFD3146DD
:10B0E00005A813F0E0FD9DF8381005A813F0D4FD75
:10B0F0000023009305AA29462046FFF79DFC20B1B6
:10B10000034A0448012116F058FB002009B0F0BDA5
:10B11000C8890400143A0400F0B589B004460D460D
:10B1200016461F464FF4102202AB48F2440105A810
:10B13000CDE90623059316F049FA394605A813F020
:10B14000ABFD314605A813F0AEFD0023009305AA20
:10B1500029462046FFF770FC20B1044A044801212B
:10B1600016F02BFB002009B0F0BD00BFEC890400F5
:10B17000143A04002DE9F0438BB017461E464FF4F5
:10B18000702206AB04460D4603A848F21F01CDE924
:10B19000042303939DF85090DDF84C8016F016FAC6
:10B1A000394603A813F078FD314603A813F07BFD60
:10B1B000BDF8481003A813F076FDB9F1000F17D0C1
:10B1C000042103A8F3F76AFAD8F8003003600023DB
:10B1D000009303AA29462046FFF72EFC20B1084A17
:10B1E0000848012116F0E9FA00200BB0BDE8F08311
:10B1F000022103A8F3F752FAB8F800300380E6E71B
:10B20000098A0400143A04002DE9F04F8BB09246ED
:10B210009DF858B09DF85080159C179F4FF4A012D0
:10B2200005460E4602A848F21901994605ABCDE93C
:10B230000323029316F0CAF9594602A813F02CFD15
:10B24000514602A813F02FFDBBF1000F21D00721BA
:10B2500002A8F3F723FA00230360C0F80330B8F123
:10B26000000F38D0042102A8F3F718FA3B680360F6
:10B270000023009302AA31462846FFF7DDFB20B1E8
:10B28000184A1948012116F098FA00200BB0BDE8C1
:10B29000F08F494602A813F006FDA3685A7B9B89EC
:10B2A000C2F30012C3F30B0343EA0233C3F30C01EE
:10B2B00002A813F0F8FCA36802A8997B13F0ECFC39
:10B2C000A36802A8197C13F0E7FCA36802A8D97B45
:10B2D00013F0E2FCC3E7022102A8F3F7DFF93B8891
:10B2E0000380C5E7328A0400143A0400F0B506462C
:10B2F00085B0104615460F4613F09BFC04462846C1
:10B3000013F08FFCB4F5805F8DF80F0009D30E4A5F
:10B3100023460E48012116F024FA6FF0150005B0FF
:10B32000F0BD0DF10F012046FDF73EFB0B289DF807
:10B330000F3001D1064AECE70090224639463046EC
:10B34000FFF786FEEBE700BF5A8A0400143A0400B8
:10B35000758A04007FB5054610460E4613F069FC59
:10B36000B0F5805F044609D303460B4A0B48012120
:10B3700016F0F7F96FF0150004B070BD0DF10F0174
:10B3800015F0DEFC9DF80F3000902246314628462D
:10B39000FFF75EFEF0E700BF5A8A0400143A04008B
:10B3A00070B588B002AB05460E4610464FF430210A
:10B3B000CDE90613059313F03CFC03B2002B0446C1
:10B3C00008DC1948194A022116F0F7F96FF0150048
:10B3D00008B070BD48F22E0105A816F0F7F8214616
:10B3E00005A813F060FC01231A4621464FF6FF70B2
:10B3F00004F004FE80B14168642291FBF2F105A8DB
:10B4000013F063FC0023009305AA31462846FFF79A
:10B4100013FB18B90020DBE70146F0E7044A0248B5
:10B42000012116F0CAF9F5E7143A0400988A0400DD
:10B43000B98A040001480DF013BF00BFC0140020FA
:10B44000F7B5064610460F46154613F0F2FBB0F569
:10B45000805F044609D3154A03461548022116F0B9
:10B4600080F96FF0150003B0F0BD284613F0D9FB4A
:10B470000128054602D90F4A0346EEE70146204659
:10B48000FDF7C8FA0428024603D10023009323469F
:10B4900005E00A2808D102230093002223463946FA
:10B4A0003046FFF707FEDEE70095F0E75A8A040012
:10B4B000143A0400DF8A04007FB5054610460E46A4
:10B4C00013F0B7FBB0F5805F044609D303460B4A7F
:10B4D0000B48012116F045F96FF0150004B070BD5E
:10B4E0000DF10F0115F037FC9DF80F300093024667
:10B4F000234631462846FFF7DDFDEFE75A8A040070
:10B50000143A040030B589B003AB4FF4002204466E
:10B510000D4605A848F24301CDE90623059316F030
:10B5200055F80022012102A8FDF77EF9022834BF58
:10B530000246012202A905A816F015F9002300937E
:10B5400005AA29462046FFF777FA20B1034A0448A6
:10B55000012116F032F9002009B030BDFC8A040048
:10B56000143A040070B5064610460D4613F061FB10
:10B57000B0F5805F04460ED22A88824206D10C23A1
:10B5800029463046BDE87040FFF7C6BD15F0CEFB3A
:10B5900000232246F4E70346034A0448012116F03B
:10B5A000E0F86FF0150070BD5A8A0400143A0400E8
:10B5B0002DE9F041064610460F46154613F039FBBB
:10B5C000B0F5805F04460AD2296815F083FB224655
:10B5D000034639463046BDE8F041FFF79DBD0346BE
:10B5E000044A0548012116F0BCF86FF01500BDE8CB
:10B5F000F08100BF5A8A0400143A04002DE9F0419A
:10B60000064610460F46154613F013FBB0F5805F53
:10B6100004460AD22968FDF799F9224603463946BD
:10B620003046BDE8F041FFF777BD0346044A0548C0
:10B63000012116F096F86FF01500BDE8F08100BF0B
:10B640005A8A0400143A04002DE9F047E8B016467F
:10B6500005AC08AB4FF0C07281463046C4E9012307
:10B6600023608A4613F0E5FA03B2002B054609DC95
:10B670002F48304A022116F0A0F86FF0150068B08C
:10B68000BDE8F087304613F0D4FA0746304613F091
:10B69000D0FA48F22C010646204615F097FF2846BE
:10B6A000FFF76AF9C8B90121204613F0F5FA2946D7
:10B6B000204613F0F8FA3946204613F0F4FA3146E2
:10B6C000204613F0F0FA00230093224651464846E4
:10B6D000FFF7B2F928BB0020D1E73246394615F012
:10B6E00029FF804608B90221DEE70021204613F039
:10B6F000D3FA2946204613F0D6FA3946204613F0ED
:10B70000D2FA3146204613F0CEFA0494D8F8043029
:10B7100009491B78ADF80C3003AA404615F035FFF7
:10B72000D1E7064A0248012116F047F8D3E700BFE7
:10B73000143A0400178B04001DB80200328B040079
:10B740002DE9F043E9B0164605AC08AB4FF0C072E6
:10B7500080463046C4E901232360894613F069FA24
:10B7600003B2002B054609DC2848294A022116F0BD
:10B7700024F86FF0150069B0BDE8F083304613F08F
:10B7800058FA48F22A010646204615F01FFF2846BF
:10B79000FFF7F2F8A8B90121204613F07DFA2946F7
:10B7A000204613F080FA3146204613F07CFA00233D
:10B7B0000093224649464046FFF73EF9F8B900207B
:10B7C000D9E7314615F0CDFE074608B90221E3E777
:10B7D0000021204613F060FA2946204613F063FA50
:10B7E0003146204613F05FFA04947B6809491B78C0
:10B7F000ADF80C3003AA384615F0C7FED7E7064A65
:10B800000248012115F0D9FFD9E700BF143A04001E
:10B81000178B04001DB80200608B0400F8B5436864
:10B820001A780B889A4204460E461CD00120F8BDB7
:10B8300063697068D95B13F036FA0135238BAB422C
:10B84000F4DD636933F815306F00002BF5D07068B4
:10B8500013F00EFA0528EBD80448054A022115F02A
:10B86000ACFF0020E3E70025E8E700BF143A04003E
:10B87000878B040030B589B003AB0D464FF400212F
:10B88000CDE90613126805931378012B044608D9F5
:10B890001648174A022115F064FF6FF0150009B031
:10B8A00030BD51781846FBF7ADF848F2280105A8DD
:10B8B00015F08CFEFBF70CF9014605A813F0ECF926
:10B8C000FBF710F9014605A813F0E6F900230093F1
:10B8D00005AA29462046FFF7AFF808B90020DEE7A1
:10B8E000044A0248012115F068FFF7E7143A040002
:10B8F0009E8B0400B98B040030B589B003AB4FF4C4
:10B90000002204460D4605A848F22801CDE9062389
:10B91000059315F05BFEFBF7DBF8014605A813F075
:10B92000BBF9FBF7DFF8014605A813F0B5F90023D2
:10B93000009305AA29462046FFF77EF820B1044A65
:10B940000448012115F039FF002009B030BD00BFC7
:10B95000DE8B0400143A040070B588B0144603ABC3
:10B960004FF4E022CDE906230593236805461878B5
:10B970000E46FBF72BF848F2250105A815F026FE28
:10B98000236805A8197813F087F90023009305AA06
:10B9900031462846FFF750F820B1044A04480121F7
:10B9A00015F00BFF002008B070BD00BF0A8C04002A
:10B9B000143A0400F0B589B003AB15464FF4E02209
:10B9C000CDE9062305932B68064618780F46FAF74B
:10B9D000B5FF044648B12B68104A1B781048022175
:10B9E00015F0BFFE204609B0F0BD48F20E0105A8D3
:10B9F00015F0ECFD2B6805A8197813F04DF90094AB
:10BA0000234605AA39463046FFF716F80028E9D044
:10BA1000044A0348012115F0D0FEE3E7318C04000D
:10BA2000143A0400558C040070B588B003AB14467A
:10BA30004FF4E022CDE90623059323681B78012B00
:10BA400005460E4608D91348134A022115F089FE0F
:10BA50006FF0150008B070BD03F00100FAF7ECFEBE
:10BA600048F20B0105A815F0B1FD236805A8197867
:10BA700013F012F90023009305AA31462846FEF779
:10BA8000DBFF08B90020E5E7044A0248012115F070
:10BA900094FEF7E7143A0400808C0400A38C0400A1
:10BAA00070B58AB004AB05460E4610464FF43021FF
:10BAB000CDE90813079313F0BCF8B0F5805F044696
:10BAC00009D30346204A2148012115F04AFE6FF0B0
:10BAD00015000AB070BD07A848F2020115F076FD06
:10BAE000204615F0F0F888B9042107A813F0D4F81F
:10BAF000214607A813F0D7F80023009307AA314680
:10BB00002846FEF799FFC0B90020E2E7002107A808
:10BB100013F0C2F8214607A813F0C5F8012203A9C3
:10BB200000232046FDF720FB022834BF02460122F5
:10BB300003A907A815F017FEDEE7054A034801210F
:10BB400015F03BFEE0E700BF5A8A0400143A0400F7
:10BB5000D08C0400024A0348012115F02EBE00BF1C
:10BB6000EB8C0400143A040030B589B003AB4FF4F9
:10BB7000C02204460D4605A848F24A01CDE9062335
:10BB8000059315F023FD0023009305AA054B2946D4
:10BB90002046FEF751FF08B1FFF7DCFF002009B097
:10BBA00030BD00BFA048040008B5044A0448012184
:10BBB00015F003FE6FF0150008BD00BF0C8D0400EA
:10BBC000143A0400024A0348012115F0F6BD00BFF3
:10BBD000418D0400143A040038B513681B78012B1A
:10BBE00004460D4608D81846FAF7CCFE29462046EA
:10BBF000BDE8384015F015BE034A0448022115F08F
:10BC0000B0FD6FF0150038BD5E8D0400143A0400DD
:10BC100008B5054A03460121044815F0A2FDBDE818
:10BC2000084003480DF01CBB7A8D0400143A040050
:10BC3000C01400202DE9F04314468DB007AB4FF43B
:10BC40008812CDE905230493A38823F002039BB255
:10BC5000042B0746884609D03548364A012115F09D
:10BC6000ACFD6FF079000DB0BDE8F083204612F016
:10BC7000E0FF03B2002B064607DC2D482E4A0221C6
:10BC800015F09BFD6FF01500EDE7D4F80090FEF77E
:10BC900073FE054658BBA3881A1F534253418DF8C3
:10BCA0000F3001249DF80F3063B348F24E0104A811
:10BCB00015F08CFC214604A812F0EEFF314604A8D2
:10BCC00012F0F1FF0422494604A812F0D9FF25B171
:10BCD0002A8AE96804A815F046FD0023009304AA07
:10BCE00041463846FEF7A8FED8B90020BBE72146FA
:10BCF0000DF10F0215F0BEFDB0FA80F4640905469F
:10BD00006400CFE748F24C0104A815F05FFC21461F
:10BD100004A812F0C1FF314604A812F0C4FF0222A9
:10BD2000D1E7064A0248012115F047FDDDE700BFD3
:10BD3000143A0400A48D0400178B0400DE8D040067
:10BD40002DE9F043938823F002039BB2042B87B0C4
:10BD500006460F46914609D02148224A012115F096
:10BD60002CFD6FF0790007B0BDE8F083104612F0AB
:10BD700060FF03B2002B054607DC19481A4A02216E
:10BD800015F01BFD6FF01500EDE7D9F80080FEF708
:10BD9000F3FD044648B9B9F804301A1F5342534121
:10BDA0008DF81730012223460AE00DF117024946AB
:10BDB00015F060FD044678B183687BB19B88002252
:10BDC000CDE902289DF81720009201942A463946B1
:10BDD0003046FFF719FAC6E70222E4E70722EFE749
:10BDE000143A0400A48D0400178B04002DE9F041DF
:10BDF000938823F002039BB2042B86B006460F46BD
:10BE0000144609D02148224A012115F0D6FC6FF0D2
:10BE1000790006B0BDE8F081104612F00AFF03B2C7
:10BE2000002B054607DC19481A4A022115F0C5FC0B
:10BE30006FF01500EDE7D4F80080FEF79DFD90B996
:10BE4000A3881A1F534253418DF8173001229DF8E1
:10BE50001730CDE901830023009339462B46304645
:10BE6000FFF788F9D5E721460DF1170215F002FD1D
:10BE7000044640B10022084915F087FB204615F022
:10BE800091FB0022E3E70222E1E700BF143A04003D
:10BE9000A48D0400178B0400591704002DE9F0430A
:10BEA0009388062B87B00746884614460BD0082B8C
:10BEB00009D02A482A4A012115F07FFC6FF0790049
:10BEC00007B0BDE8F083204612F0B3FE03B2002BAA
:10BED000054607DC2148234A022115F06EFC6FF06D
:10BEE0001500EDE7204612F0A4FE06462846D4F8D9
:10BEF0000090FEF741FD88B9A3881A1F53425341B1
:10BF00008DF8173001229DF817300096CDE9019386
:10BF100041462B463846FFF72DF9D1E721460DF172
:10BF2000170215F0A7FC044698B106F580439BB2B2
:10BF300043F6FE729342E5D8038B63B100220A49AF
:10BF400015F023FB636920461E8015F02BFB0022B1
:10BF5000D9E70222D7E70522D5E700BF143A04004B
:10BF6000A48D0400178B0400591704002DE9F04735
:10BF7000938823F002039BB2142B86B006460F462B
:10BF8000924609D03248334A012115F016FC6FF071
:10BF9000790006B0BDE8F087104612F04AFE03B201
:10BFA000002B054607DC2A482B4A022115F005FC28
:10BFB0006FF01500EDE710215046F2F755FB804673
:10BFC0002846DAF80090FEF7D7FC0446A0B9BAF884
:10BFD00004301A1F534253418DF813304FF00108BB
:10BFE0009DF813300094CDE9019342462B46394623
:10BFF0003046FFF7BFF8CCE751460DF1130215F0BC
:10C0000039FC8246E0B1048BF4B1404605A901F049
:10C0100017F98046B0B902461049504615F0B5FAF6
:10C02000059ADAF8143052881A80059BDAF81C2039
:10C0300004331360504615F0B5FA059B5C88CFE7D2
:10C040004FF002080024CBE74FF00508C8E700BF17
:10C05000143A0400A48D0400178B0400591704003F
:10C060002DE9F047938823F002039BB2142B86B08E
:10C0700006460F46924609D03848394A012115F044
:10C080009CFB6FF0790006B0BDE8F087104612F017
:10C09000D0FD03B2002B054607DC3048314A0221AF
:10C0A00015F08BFB6FF01500EDE710215046F2F70D
:10C0B000DBFA81462846DAF80080FEF75DFC04468C
:10C0C00098B9BAF8043005901A1F534253418DF8BD
:10C0D000133001229DF813300094CDE901833946D5
:10C0E0002B463046FFF746F8CDE70DF113025146D7
:10C0F00015F0C0FB0446059070B3484601F048F9BE
:10C10000044610B90C220024E4E700F1040A514669
:10C1100005A8FEF73FFD0028F4D0059AB2F818C034
:10C120000023634509DA5169B4F802E031F813904D
:10C13000F1450FD1002221F813204FF00009C0F87B
:10C140000090059815F02EFA5046648801F0B8F872
:10C150004A46BFE70133E4E70222BBE7143A040092
:10C16000A48D0400178B04002DE9F047938823F079
:10C1700002039BB2142B88B006460F46924609D0A4
:10C180004148424A012115F018FB6FF0790008B0D0
:10C19000BDE8F087104612F04CFD03B2002B0546B7
:10C1A00007DC39483A4A022115F007FB6FF0150009
:10C1B000EDE710215046F2F757FA81462846DAF8A3
:10C1C0000080FEF7D9FB0446A8B9BAF804300790FE
:10C1D0001A1F534253418DF817304FF001099DF853
:10C1E00017300094CDE901834A462B463946304644
:10C1F000FEF7C0FFCBE70DF11702514615F03AFBF1
:10C200000446079000283CD0484606A901F018F8DB
:10C21000814648B9069907A80431FEF7BBFC28B14E
:10C220000698043001F04CF80024D8E7494607A8E6
:10C23000FEF7B0FC50B10799B1F818C04B46634502
:10C240000BDB0022069B8AB9181D01E0069804301A
:10C2500001F036F84FF00509E6E74C6904EB4302BC
:10C2600034F81340002CEDD00133E8E75B881380ED
:10C27000069B04330360079815F094F9069B5C88CD
:10C28000ADE74FF00209AAE7143A0400A48D0400B8
:10C29000178B04002DE9F0439388062B87B00746DF
:10C2A000884614460BD0082B09D02948294A012179
:10C2B00015F083FA6FF0790007B0BDE8F0832046EF
:10C2C00012F0B7FC03B2002B054607DC2048224AD7
:10C2D000022115F072FA6FF01500EDE7204612F01A
:10C2E000A8FC06462846D4F80090FEF745FB90B916
:10C2F000A38805901A1F534253418DF81330012231
:10C300009DF813300096CDE9019341462B463846FF
:10C31000FEF730FFD0E70DF11302214615F0AAFA1F
:10C32000059090B106F580439BB243F6FE729342AE
:10C33000E5D8314605A8FEF719FC20B1002303809B
:10C34000059815F02FF90022DAE70222D8E700BF9E
:10C35000143A0400A48D0400178B04002DE9F04367
:10C360009388062B87B00746884614460BD0082BC7
:10C3700009D02C482C4A012115F01FFA6FF07900E2
:10C3800007B0BDE8F083204612F053FC03B2002B47
:10C39000064607DC2348254A022115F00EFA6FF005
:10C3A0001500EDE7204612F044FC05463046D4F86F
:10C3B0000090FEF7E1FA90B9A38805901A1F534246
:10C3C00053418DF8133001229DF813300095CDE9CB
:10C3D0000193414633463846FEF7CCFED0E70DF1D7
:10C3E0001302214615F046FA0590B0B105F58043D9
:10C3F0009BB243F6FE729342E5D8294605A8FEF7A4
:10C40000B5FB014638B905A8FEF7B0FB38B1058089
:10C41000059815F0C7F80022D6E70222D4E70522D6
:10C42000D2E700BF143A0400A48D0400178B040067
:10C43000024A0348012115F0C0B900BF0C8E040068
:10C44000143A0400024A0348012115F0B6B900BFAE
:10C450003A8E0400143A040070B513681B78012B5F
:10C4600005460E4614460ED81846FAF72BFA2368EE
:10C470001B7813B1002014F064FA31462846BDE859
:10C48000704015F03ABA044A0448022115F069F9DF
:10C490006FF0150070BD00BF5B8E0400143A0400FD
:10C4A000024A0348012115F088B900BF558C0400E9
:10C4B000143A0400024A0348012115F07EB900BF76
:10C4C000A38C0400143A04002DE9F04714468AB006
:10C4D00006AB4FF47022CDE904230393A388062B07
:10C4E000074688460BD0082B09D04048404A012116
:10C4F00015F063F96FF079000AB0BDE8F0872046C7
:10C5000012F097FB03B2002B064607DC3748394A86
:10C51000022115F052F96FF01500EDE7204612F0F8
:10C5200088FB05463046D4F80090FEF725FAD0B9CE
:10C53000A3881A1F534253418DF80B300123CDE9D4
:10C5400000399DF80B102B46324603A815F03DFA32
:10C550000023009303AA41463846FEF76DFA0028EF
:10C560003ED10020C8E70DF10B02214615F082F9FB
:10C57000824688B343685C8814F0100406D01E4AD3
:10C580001A48012115F019F90D23D8E72846FCF7C0
:10C59000E3FD18B3BAF81020944206DB00234FF6EF
:10C5A000FF709A4209DC0523C9E7DAF80C3033F84A
:10C5B0001430AB420CD00134EEE7DAF80C1031F84D
:10C5C0001340844206D121F81350504614F0E2FF84
:10C5D0000023B4E70133E4E70223B0E70323AEE727
:10C5E000064A0248012115F0E8F8BAE7143A0400B7
:10C5F000A48D0400178B04007B8E0400AD8E040014
:10C600002DE9F04314468BB006AB4FF47022CDE910
:10C6100004230393A388062B074688460BD0082BD8
:10C6200009D02748274A012115F0C7F86FF0790093
:10C630000BB0BDE8F083204612F0FBFA03B2002BEA
:10C64000054607DC1E48204A022115F0B6F86FF0B7
:10C650001500EDE7204612F0ECFA06462846D4F81D
:10C660000090FEF789F9C8B9A3881A1F53425341B5
:10C670008DF80B300120CDE900099DF80B103346F1
:10C680002A4603A815F0A1F90023009303AA414606
:10C690003846FEF7D1F968B90020C9E70DF10B0261
:10C6A000214615F0E7F818B1314615F046FAE2E7F1
:10C6B0000220E0E7054A0248012115F07EF8EBE789
:10C6C000143A0400A48D0400178B0400DB8E0400D0
:10C6D0002DE9F04F938823F002039BB2192B8BB006
:10C6E00081468A46144609D04148424A012115F044
:10C6F00064F86FF079000BB0BDE8F08F104612F0CF
:10C7000098FA03B2002B064607DC3B4A3848022160
:10C7100015F053F86FF01500EDE710212046F1F702
:10C72000A3FF8346204612F084FA8046204612F08A
:10C7300078FAA0F18003DBB27E2B074606D80346C9
:10C740002E4A2B48012115F00CF8E3E7204612F0A1
:10C7500068FA0690204612F064FA23680790304683
:10C760000593FEF709F90546B0B9A3881A1F53428D
:10C7700053418DF8233004464FF0010B059B019582
:10C78000CDE902B39DF8233000933246234651464B
:10C790004846FEF739FDAEE70DF12302214615F0BC
:10C7A00069F80546F0B1584609A900F049FD8346ED
:10C7B000E0B9099A079B54880393069BCDE901735E
:10C7C000C8F3003300930432C8F30B032146284614
:10C7D00015F026F983460028D0D00998043000F0DF
:10C7E0006FFDCBE704464FF0020BC7E70024C5E717
:10C7F000143A0400A48D0400178B04000B8F04006E
:10C800002DE9F04F93888BB00B2B06908A46144687
:10C810000BD00D2B09D03648364A012114F0CDFF3C
:10C820006FF079000BB0BDE8F08F204612F001FAEE
:10C8300003B2002B064607DC2F4A2D48022114F0D4
:10C84000BCFF6FF01500EDE7204612F0F2F9074645
:10C85000204612F0EEF98046204612F0E2F9A0F1EF
:10C860008002D2B27E2A814606D80346234A204857
:10C87000012114F076FFE4E7204612F0D2F9079088
:10C88000204612F0CEF92368059383463046FEF722
:10C8900073F80546A0B9A3881A1F534253418DF877
:10C8A00027300120059B0195CDE902039DF8273033
:10C8B000009306983B4632465146FEF7A5FCB1E789
:10C8C0000DF12702214614F0D5FF054670B1079BF4
:10C8D000CDF80CB0CDE90193C8F3003300930022EA
:10C8E000C8F30B03394615F09BF8DBE70220D9E7C4
:10C8F000143A0400A48D0400178B04000B8F04006D
:10C90000F0B5E7B006AB06460F4610464FF0C071D3
:10C91000CDE904130393FEF759FB0221054603A852
:10C9200014F054FE294603A812F0B6F9BFF35B8F4A
:10C930001B4B1B68BFF35B8F1A061BD52B0619D444
:10C94000BDF812302946043B03A8ADF81230FEF7BB
:10C95000C7FABDF8123004330446ADF8123084B182
:10C96000104A114800942B46012110F058FC204633
:10C9700067B0F0BD0022294603A8FEF745FA044639
:10C98000EDE70094234603AA39463046FEF754F8F3
:10C990000028ECD0054A0448012114F00EFFE6E718
:10C9A000700D0020248F0400143A0400408F04000E
:10C9B000F0B589B01C46054602AB0E46174648F254
:10C9C00003014FF4202205A8CDE90623059314F0B6
:10C9D000FDFD394605A812F05FF9BDF8381041EAAF
:10C9E000043189B205A812F05EF9C4F3071105A855
:10C9F00012F052F90023009305AA31462846FEF7AB
:10CA00001BF820B1034A0448012114F0D6FE00208F
:10CA100009B0F0BD728F0400143A0400F0B58BB079
:10CA200017461C464FF4702206AB05460E4603A877
:10CA30000621CDE90423039314F0C8FD394603A869
:10CA400012F02AF9218803A812F02DF92788B7B926
:10CA5000072103A8F1F722FE0760C0F80370002346
:10CA6000009303AA31462846FDF7E6FF20B11D4A90
:10CA70001D48012114F0A1FE00200BB0F0BD61881B
:10CA800079B101290DD04FF6FE73994225D04FF6AA
:10CA9000FF73994223D00139B1FA81F1C1F121012B
:10CAA000C9B203A812F0F8F8E16821B1B1FA81F136
:10CAB000C1F12001C9B203A812F0EEF8217903A850
:10CAC00012F0EAF8E18803A812F0EDF8218903A832
:10CAD000C1F30B0112F0E7F8C1E71121E1E7FF21F3
:10CAE000DFE700BF998F0400143A040070B58AB0E4
:10CAF00006AB144605464FF4702203A80E4648F2D2
:10CB00003C01CDE90423039314F060FD002103A848
:10CB100012F0C2F8218903A812F0C5F8618903A8B0
:10CB200012F0C1F8616821B1B1FA81F1C1F12001BF
:10CB3000C9B203A812F0B0F8A1894FF6FF73994269
:10CB400020D021B1B1FA81F1C1F12001C9B203A80D
:10CB500012F0A2F8A17B03A812F09EF8E17B03A8D3
:10CB600012F09AF80023009303AA31462846FDF7F5
:10CB700063FF20B1044A0548012114F01EFE002085
:10CB80000AB070BDFF21E2E7C58F0400143A04002B
:10CB90002DE9F043064685B0104614460F4612F0C4
:10CBA00048F88046204612F044F88146204612F0AC
:10CBB00038F81128054608D903461C4A1C480221AA
:10CBC00014F0CFFD6FF0150526E02BD040B3431EC7
:10CBD00001249C40A4B2224649464046FCF786FD0B
:10CBE0000028EFD16846FCF7EDFDBDF8083003B131
:10CBF00015B97F238DF80E306A4639463046FFF767
:10CC000075FF054640B9BDF808302BB1BDF80A30B4
:10CC100013B10CB9FCF7D0FD284605B0BDE8F08390
:10CC20000446D8E74FF48034D5E700BFF28F040004
:10CC3000143A040030B5126885B01388ADF800309E
:10CC40000D4699B29378112B044645D053B1FF2B72
:10CC50001FBF03F1FF33012000FA03F39BB208BFAB
:10CC60004FF6FF73ADF80230D378112B37D053B1A4
:10CC7000FF2B1FBF03F1FF33012000FA03F39BB228
:10CC800008BF4FF6FF73039313798DF80430B2F8A1
:10CC90000530ADF80630B2F80700ADF8080081F4B1
:10CCA0000041B1F5804F83B22BD391781239C9B2CC
:10CCB000EC2928D9D178112925D8127982F0800160
:10CCC0007E290FD81346114A1148012114F049FD5D
:10CCD0006FF0150005B030BD4FF6FE73C2E74FF49C
:10CCE0008033D0E7B3F5805F01D30A4AECE76846AA
:10CCF000FCF768FC02466B4629462046FFF78EFE8D
:10CD0000E8E70122F7E70F22F5E700BF0B8F0400E9
:10CD1000143A04005A8A040001480021FDF700BAC1
:10CD2000C31704002DE9F04188B04FF4E02203ABB3
:10CD3000CDE90623059343680546586818300E462A
:10CD40000DF05CFF0446884605A848F2070114F080
:10CD50003DFC4FF47A70A4FB002400FB0841D20B89
:10CD6000002742EA4142B2FBF0F205A8D1B211F02D
:10CD700093FF00973B4605AA31462846FDF75CFE27
:10CD800020B1044A0448012114F08AFF002008B0B1
:10CD9000BDE8F081289004004C3A040010B5044628
:10CDA000104611F03EFF0F28034607D90748084AEE
:10CDB000022110F02AFA6FF0150010BDA268517C14
:10CDC00060F3030151740020F7E700BF4C3A040000
:10CDD0004890040038B543685D6804463DB90E4A82
:10CDE0000E48012114F05CFF6FF0150038BD836818
:10CDF0000BB90B4AF4E70B4ADA610B4905F108005D
:10CE00000CF020FB2C6063681B780BB10020EDE771
:10CE1000064B1D60FAE700BF639004004C3A040023
:10CE20008590040045CE02008F1C0400585C002051
:10CE3000024A0348012114F033BF00BFAE90040042
:10CE40004C3A04002DE9FF47D0F808904368D9F820
:10CE50001850D3F804A004210746284614F0B6FB66
:10CE600001212846F1F71AFC022106462846F1F76F
:10CE700015FC0446FDF774FEDAF804308046002BFA
:10CE800040D01B68002B3DD0284611F0F1FE2A68E7
:10CE9000DAF80410AB888DF80D000DF10D0000904C
:10CEA0001344D1F800A00DF10E0231463846D047A8
:10CEB000034670B1164A1748012110F0A6F9B8F8D8
:10CEC000003023701B0A6370002333708DF80D301F
:10CED00009E0BDF80E3023701B0A9DF80D10637039
:10CEE0002846F1F7DBFB9DF80D3099F80D20003B4B
:10CEF00018BF012363F38612002089F80D2004B0C7
:10CF0000BDE8F087044A0348022114F0C9FED6E7C1
:10CF1000D29004004C3A0400F09004002DE9FF4147
:10CF2000436814460F46064605211046D3F8048090
:10CF300014F04CFB01212046F1F7B0FB39460546C1
:10CF4000204611F0B0FED8F804303BB35B682BB339
:10CF5000204611F08DFE04382268D8F80410A3880A
:10CF60008DF80F000DF10F0000901344D1F80480EC
:10CF70002A4639463046C047034638B10A4A0B486C
:10CF8000012110F042F900232B7004E09DF80F10EE
:10CF90002046F1F783FB04B0BDE8F081044A034862
:10CFA000022114F07DFEEEE7D29004004C3A04001A
:10CFB000F09004002DE9F043E7B0144606AB4FF0C3
:10CFC000C072CDE904230393436805462046D3F895
:10CFD00004900F4611F025FE8046204611F029FEF0
:10CFE000D9F8043006468BB1DB687BB10246414676
:10CFF00028469847044648B10F4A034602210F4885
:10D0000010F003F9204667B0BDE8F08303AA31466B
:10D010002846FFF783FF0023009303AA39462846DA
:10D02000FDF70AFD08B90024ECE7054A0348012191
:10D0300014F036FEF7E700BF0F9104004C3A0400ED
:10D0400035910400F0B5E7B006AB0E464FF0C07165
:10D05000CDE904130393436804465F68104611F05A
:10D06000E8FD7B6805467BB903AA29462046FFF701
:10D0700055FF0023009303AA31462046FDF7DCFC50
:10D0800058B9002067B0F0BD9B68002BECD001467A
:10D09000204698470028E7D0F4E7034A03480121D7
:10D0A00014F0FEFDEDE700BF359104004C3A04009A
:10D0B00030B5E7B006AB04460D4610464FF0C071E0
:10D0C000CDE90413039311F0B4FD03AA01462046F1
:10D0D000FFF724FF0023009303AA29462046FDF70B
:10D0E000ABFC20B1034A0448012114F0D9FD002013
:10D0F00067B030BD359104004C3A040070B50C4661
:10D1000038BB154B1D6835B9BDE87040134A14484B
:10D11000022114F0C5BD286824B16B6813B11B69E6
:10D1200003B198474FF47A735C434FF4004640F2E2
:10D13000E73000214FF47A720023E4FB0601E7F7A1
:10D14000DBFE02460B4605F10800BDE870400CF01E
:10D1500067BA43685D68DFE7585C002063910400AC
:10D160004C3A04002DE9F0411F462C4BBFF35B8F76
:10D170001C68BFF35B8F14F0010486B08846164626
:10D1800007D050B9264A2748012110F035F86FF032
:10D190000104204606B0BDE8F081102200210EF007
:10D1A000A3FD0546B8F1000F06D11F4A1D48022114
:10D1B00010F022F80024ECE7142301AA3946304687
:10D1C00001F02EFF044628B1184A1648012110F03C
:10D1D00013F8DEE7BDF804600EB9154AE6E7ADB214
:10D1E000A5B9144A02AC06AD234603CBAB4210608E
:10D1F00051601C4602F10802F6D10F4BBDF8062023
:10D200005A801A8866F30E021A80D3E70B4A054843
:10D2100002210FF0F1FF6FF06804BAE7700D0020F3
:10D220007E5F0400C43A040091910400B1910400AF
:10D23000D1910400F2630020EE630020F591040018
:10D2400070B51D4C2288C2F30E0203460D4692B102
:10D250001022211D16F062F958BB05B12C602388FD
:10D2600001336FEA43436FEA53430920238001F0FF
:10D27000FDFE002011E00246211D103052F8046B23
:10D2800041F8046B8242F9D10C4E18463146FCF746
:10D29000B5FC18B100236380102070BD48F2010373
:10D2A000092026F8023C01F0E1FE002DE1D02C60BF
:10D2B000DFE70520F1E700BFEE630020F063002008
:10D2C00008B5104B021F9A4219D314339A4216D252
:10D2D00030F8043CC3F30E028AB103F5FF427F32FB
:10D2E00062F30E0320F8043CC3F3072343F08003EA
:10D2F00000F8033C092001F0B9FE002008BD0C2015
:10D30000FCE700BFEE630020034670B5194839B34F
:10D310000C1F84420AD300F11405AC4206D2241A31
:10D320001426B4FBF6F506FB154545B11249134822
:10D330007F220FF066FA10487F210FF059FA104D46
:10D34000A4106C4305884088C5F30E0554B94DB14F
:10D35000984200D033B929B902B11080094870BD94
:10D360000C46EFE70848094A02210FF04EFF002063
:10D37000F5E700BFEE6300200B920400A452040006
:10D38000CDCCCCCCF2630020C43A04003992040026
:10D3900010B5074C23880146C3F30E0038B11022A4
:10D3A000201D16F0BBF800280CBF2046002010BD41
:10D3B000EE63002040B9054830F8043BC3F30E0388
:10D3C000002B08BF0020704700207047EE6300204C
:10D3D000124A031F934210B51DD302F11404A34255
:10D3E00019D230F8040CC0F30E00A0B19B1A14221D
:10D3F000B3FBF2F002FB103040B109490948D122D9
:10D400000FF0FFF90648D1210FF0F2F9064A9B1000
:10D4100053430B8010BD6FF00100FBE7EE6300206B
:10D420000B920400A4520400CDCCCCCCF0B52A4C15
:10D430002A4D8BB0002300AF94F901200BB9002ACC
:10D4400002DB2C37BD46F0BD627863F3C712627011
:10D4500012212A4638460EF01BFC2388C3F30E0225
:10D4600012BB38460FF09EFF0028EAD022881C49E4
:10D470001C4BC2F30E026E468AB0002A08BF0B4650
:10D480006A461949C2E90513184B5362184BC2E9A1
:10D49000077042F8103F002316484FF44151EEF751
:10D4A0000DFE0123B546C7E7C3F30E03BB826388B5
:10D4B000FB82114B07F1180603F1100C186859682C
:10D4C000324603C2083363451646F7D11422B91811
:10D4D0003846EFF735FAC7E7EE630020689204009C
:10D4E0005B92040062920400769204000002010341
:10D4F00005000002C43A0400F2630020054A1388C4
:10D50000C3F30E0313B14FF400431380092001F05D
:10D51000ADBD00BFEE6300202DE9F74F9046994660
:10D5200000220023CDE900230446827ADDF830B0E2
:10D530008A4601200021F9F707FC054648B9354A1B
:10D540003548012114F038FC6FF0680003B0BDE8E5
:10D55000F08F00F1100609213046F1F733F8BBF1E6
:10D56000000F26D09BF8001001F07F01304611F02B
:10D5700093FBBAF80420DAF80010304611F080FB73
:10D5800063689A88236801271888009721890023F7
:10D5900003F030F938BB6368B3F90430002B14DDB5
:10D5A0001E4A1D48394614F007FC2846F9F7A0FB2F
:10D5B000CAE763685F880337BFB2012F85BFE17A8E
:10D5C0008908594641F04001D0E7154A1248022126
:10D5D00014F0F2FB4B4642462946204603B0BDE814
:10D5E000F04FFAF777BC002200963B4611462046E2
:10D5F00003F0E2F90028EDD06368B3F90430002BA2
:10D60000E8DD2846F9F774FB4046494614F0C2FBB2
:10D6100000209BE7AB920400BC3A0400BF920400D8
:10D62000E09204002DE9F04304468BB091460E22AF
:10D630000D46DDE9126700210DEB0200984615F05A
:10D6400065FF2389ADF80A306FEA951063898DF87C
:10D65000099000F001008DF80800ADF80C30C7B15A
:10D660003A6922F07F42174B0492227F1B68099788
:10D6700002F001015B1A05935306CDE907860AD42F
:10D6800012F0800F0CBF6FF0050000200BB0BDE85A
:10D69000F083A269E7E702AB009322460A4B05F04C
:10D6A0003F01FBF7CDFD4FF6FF739842E08006D0B7
:10D6B000069BE3603146201D13F06AFFE6E76FF03A
:10D6C0000C00E3E7680D0020B31E04002DE9F843C9
:10D6D000044630300D460BF0A9FF04F160000BF05A
:10D6E000A5FF94F91F30002B15DAE27F02F01F022C
:10D6F000013201239340626A013B9A420BD0164AE1
:10D700001648022114F058FB628B218B206804F12B
:10D71000100303F007FA0026DFF844802746B146DD
:10D7200057F8041F21B140460AF07AFFC7F800906D
:10D73000E37F013603F01F029642F1DD6FF386139B
:10D74000E37735B100200021C4E904010023236000
:10D75000A361BDE8F88300BFF9920400BC3A04005D
:10D76000E019002010B5074A04460221064814F0CB
:10D7700023FB0021A4F16000FFF7A8FF002344F879
:10D780003C3C10BD27930400BC3A040070B5144B18
:10D7900090F8A32093F840320A2403FB044490F845
:10D7A000A2308C428CBF641A00249A4200F1B80562
:10D7B00012D84FF4004640F2E73000214FF47A725D
:10D7C0000023E4FB0601E7F797FB02460B462846D9
:10D7D000BDE870400BF024BF00221346F7E700BFFE
:10D7E000680D00202DE9F0410446B8300BF01EFF13
:10D7F000002594F8A820234F256000200021C4E9CB
:10D800002B55C4E9220165F30002C4F89850A4F82E
:10D810009C5084F8A8202646A84694F8A4308BB1E2
:10D8200056F8041F49B138460AF0FAFEC6F80080DF
:10D8300094F8A430013B84F8A43094F8A230013568
:10D84000AB42EADA94F8A83023F0600384F8A830F9
:10D8500000210D4B84F8A410BFF35B8F53E8002F19
:10D8600022F0400043E80004002CF7D1BFF35B8FA7
:10D87000520605D5BDE8F04153F8080CFAF7AAB9ED
:10D88000BDE8F081E0190020700D00202DE9F04185
:10D890000446D0E92B67164890F8A830B0F89A20D3
:10D8A00084420D4603F0010CB0F8981013D0BCF17F
:10D8B000000F10D0B4F898C08C450CD1B4F89A1071
:10D8C000914208D16FF3000380F8A83000220023B2
:10D8D000B8300BF0A5FE2046FFF784FF36B1736821
:10D8E00023B139462846BDE8F0411847BDE8F0812C
:10D8F000A8380020F0B590F8A4308BB00446002B77
:10D900003CD005AB14220021184615F0FFFD22681B
:10D9100094F8A85094F8A76011888DF82460034605
:10D92000B4F89A0094F8A060ADF81410CDE9022381
:10D93000B4F89830ADF8180045F34001ADF8103058
:10D9400000B2C5F3001394F8A120ADF8161043EA15
:10D950008603012100288DF822108DF812208DF801
:10D9600013300DDD94F8A6307BB9534A534814F0B8
:10D9700023FA6FF073012046FFF788FF0BB0F0BD6C
:10D9800094F8A5302BB91946F5E794F8A530002B8B
:10D9900041D094F8A26094F8A310B1423DD900227E
:10D9A000013B904284F8A32084F8A53007DD6B0684
:10D9B0005EBF94F8A63003F1FF3384F8A63014F06C
:10D9C0006AFA94F8A830D4F890203D4E13F0400F36
:10D9D000A0EB020154D096F840620A256FF386133B
:10D9E00006FB055584F8A830A9423CBF121AAD18B1
:10D9F0004FF4004640F2E73000214FF47A720023E2
:10DA0000E5FB0601E7F778FA02460B4604F1B80099
:10DA10000BF006FEB2E72B4AA8E704EB81077F680C
:10DA20001FB9013184F8A310B5E700200021CDE92A
:10DA3000000100210120F9F787F905460028BED032
:10DA400000F1100609213046F0F7BCFD94F8A31050
:10DA50003246204614F0B2F91B4A2346294602A852
:10DA6000FAF738FA0028AAD194F8A330013384F8E1
:10DA7000A33094F8A83060F3861384F8A8307DE7CB
:10DA8000B4F99A30002B10DD96F8435294F8A73081
:10DA9000013543B196F84462013B06FB03332B4446
:10DAA00019255D43A0E71923FBE796F846321925AF
:10DAB00003FB055598E700BF43930400BC3A0400FC
:10DAC000680D002073930400A04B04002DE9F04F73
:10DAD0008E4C91B0CDE9032394F8A4301A9F0546EB
:10DAE0000E46D3B91FBB43685B8803339BB2012B3F
:10DAF00085BFC37AC3F38503802363F03F0384F8B3
:10DB0000A0300389A4F8983043689B88A4F89A3021
:10DB10008B884FF00C08013B19E07D487D4A0121BC
:10DB200014F04AF96FF00F0011B0BDE8F08F3B78A8
:10DB300063F07F0384F8A0300389A4F89830436829
:10DB40009B88A4F89A308B884FF00808013B00228C
:10DB500093FBF8F3DBB284F8A23084F8A320B288F8
:10DB60006D49A4F89E20013384F8A4300B68BFF3FC
:10DB70005B8F8A68BFF35B8FC2F3C0029B1A4A684F
:10DB8000180A42EA0362C4E92220039B2868C4F809
:10DB9000AC30049BC4F8B030B4F99A302060002B4C
:10DBA000CCBF91F8413291F84532B4F89A20013354
:10DBB000DBB284F8A53091F8423294F8A810013312
:10DBC00084F8A630AB7A84F8A130EB7AC3F3400333
:10DBD00063F3820184F8A810E97A3B1E18BF012381
:10DBE000C1F300015B0043EA011394F8A81021F08F
:10DBF0003B010B4384F8A8306B681B7C84F8A7308A
:10DC000094F8A23000880133DBB200932989434B9A
:10DC100002F0F0FD18B9B4F99A30002B19DC3F4B33
:10DC2000002F0CBF1A460022883B05924FF0000AD5
:10DC30000693B3885FFA8AF9CBB963683348002B3F
:10DC400060D1FFF7CFFDDDE9030114F0A3F8002058
:10DC50006AE794F8A2300133314A2D4801210FF0D0
:10DC6000D4FA2A48FFF7BEFD6FF068005CE72D4844
:10DC70000022002308A90AF061FC074628B12A4ABD
:10DC80002348012114F098F8EBE7B288DDF820B0C2
:10DC9000424528BF4246114630460792F0F7E4FC61
:10DCA000079A0146584604EB890B15F021FC089BA6
:10DCB000CBF804304FF480120CABCDE90A23069860
:10DCC000099309AA494614F079F894F8A21009AA10
:10DCD0004B1C0092DBB2059A49450CBF0221012181
:10DCE000284602F069FE50B16B68B3F90430002B8E
:10DCF00005DD08990B480AF093FCCBF804700AF193
:10DD0000010A96E7FFF7F6FDA1E700BFA83800205B
:10DD1000BC3A040092930400680D002030390020C2
:10DD2000BE930400E0190020EF9304002DE9F347AF
:10DD30000E4616F07F0604461146984613D00A2E6A
:10DD400000F0F780037F5B062ED5731E072B00F2D1
:10DD50001381DFE813F0F3001101F8001101FD0059
:10DD6000020107010C019388052B07D8874A8848D0
:10DD7000012114F021F86FF04C0016E010460192DA
:10DD800010F05FFF94F91C20237F0199002AC0F353
:10DD90008C090DDA7F4A126803F00103D21A130AC4
:10DDA00049EA0262C8E90023002002B0BDE8F0871A
:10DDB0005A06F9D5C0F3CF37084610F04CFF238937
:10DDC000754CD4F88820B4F89AE094F8A4C0C2F353
:10DDD0000C0194F8A220B64208BF4945054602F15D
:10DDE0000102B4F89C0040F0CE80734509D0002FAA
:10DDF00000F0C980944502D0834240F0C480A4F86A
:10DE00009C30B4F99A30002B07DC644A6048012149
:10DE100013F0D2FF6FF01500C7E7D4E92223C8E959
:10DE2000002355B902215E4A594813F0C5FF6FF02F
:10DE30008B015948FFF72AFDB6E794F8A220B5FAFE
:10DE400085F3C3F11F039A426AD395FAA5F3B3FA97
:10DE500083F30022DFF84C8101339146012703F15F
:10DE6000FF3A54F823307BB15FFA8AF604EB86065A
:10DE7000404671680AF0D4FBC6F8049094F8A430C8
:10DE8000013B84F8A430012207FA0AF325EA0305CE
:10DE900095FAA5F3002DB3FA83F308BF4FF0FF33D3
:10DEA00003F10103DBD12AB13A4B93F8423201333B
:10DEB00084F8A63094F8A4100029BAD094F8A330BE
:10DEC00083BBB4F99A300027BB423E4602DD94F88A
:10DED000A630FBB194F8A530E3B113F0DCFF2D4B75
:10DEE000D4F8904093F840320A2503FB0555031BF4
:10DEF000AB420FD22C44241A4FF4004540F2E730D5
:10DF000000214FF47A720023E4FB0501E6F7F4FFE9
:10DF100007460E463A46334623480BF081FB43E75B
:10DF2000224A73E794F8A83043F0400384F8A830FD
:10DF30003AE702B0BDE8F047FBF7CCBA02B0BDE863
:10DF4000F04702F0EFB902B0BDE8F04702F0CCBAFA
:10DF500002B0BDE8F04702F0C9B802B0BDE8F04732
:10DF600002F074BA02B0BDE8F04702F01DB902B089
:10DF7000BDE8F04702F07EB90D4A0548334602215C
:10DF80000FF043F9F7E66FF001000EE70694040086
:10DF9000BC3A0400680D0020A83800201C9404003E
:10DFA00037940400E01900206039002044940400F4
:10DFB00064940400034B93F8A400003818BF0120B8
:10DFC000704700BFA83800202DE9F0431F468B881A
:10DFD0008BB004460D4616463BB9554A55480121BB
:10DFE00013F0EAFE6FF0150009E0B3F5BE7F09D922
:10DFF0005048514A01210FF008F96FF079000BB039
:10E00000BDE8F083084610F033FE032801D84B4AE0
:10E01000E4E7D4F8048098F81030FF2B16D1F8F715
:10E02000ABFC88F81000AB880B2B82BF6368012221
:10E030009A73606883883BB11BB2002B0ADC43886B
:10E0400003339BB2012B05D83D4AC7E71B06EAD52F
:10E050003C4AC3E70DF10F0304AA2146FBF79CF8E5
:10E060000028CCD1F8F7C8FCE37A9DF80F20A07205
:10E0700062F38703E372636893F80E90B9F1000FBF
:10E0800008D0284610F0F4FD072894BF4FF000098F
:10E090004FF00109E37ADDF8108069F3410314229F
:10E0A000E37200210DEB020015F030FA636822895B
:10E0B0005988ADF81620033189B2234A9B88ADF800
:10E0C00018300129536807938CBF002101218DF876
:10E0D00014108DF815901368BFF35B8F9268BFF32F
:10E0E0005B8FC2F3C0029B1A62680893938883F423
:10E0F0000043B3F5804F3CBF936809932A4605A9B6
:10E10000404613F034F800287FF479AF63689B7BB6
:10E11000009033B13B46324629462046FFF7D6FCF5
:10E120006DE73B46324629462046FFF7F5F966E79C
:10E1300081940400BC3A04009D940400B19404004E
:10E14000F1940400D9940400680D00202DE9F043F7
:10E15000D0F804901D4699F8103089B0FF2BDDE906
:10E160001078044616468DF80F101BD1F8F704FC02
:10E1700089F810002A46314605A810F029FD0B2D1C
:10E1800082BF636801229A7363684FF6FF725A80F8
:10E190006268938823B183F40043B3F5804F0DD2B6
:10E1A0000F4A02E01B06E5D50E4A0F48012113F085
:10E1B00003FE6FF0150009B0BDE8F083927B0DF10E
:10E1C0000F03009343462AB13A4605A92046FFF7BC
:10E1D0007DFCF0E73A4605A92046FFF79DF9EAE7FE
:10E1E000F1940400D9940400BC3A04001FB510F85F
:10E1F000113C5A06044643D503F01F0101310122A8
:10E2000050F80C0C8A40013A904239D0DB09CDE934
:10E210000103A4F12003009314F8103C34F8182CE7
:10E2200034F8161C54F8300C13F0B8FE13F033FE1B
:10E2300014F80F3C44F8080C13B3124914F8112CCD
:10E2400091F8470202F01F02824219DD013B04F8F7
:10E250000F3C91F84A320A2003FB000040F2E731FC
:10E260004FF47A72002301EBC0300021E6F744FE40
:10E2700002460B46204604B0BDE810400BF06AB9D8
:10E2800004B010BD680D00202DE9F04F9BB04FF099
:10E29000FF3204AF4FF0FF33C7E90A230B6806468D
:10E2A0000C461888498902F093FA237F60F3C7135C
:10E2B000237709213046F0F7BDF9304610F0D4FC41
:10E2C000B388BB613368FB6193F90030B860002B01
:10E2D000237F80F2EA823F2B40F2EA82BB6900256D
:10E2E000042B7D622AD8AF4ABB69AF4801210EF0EA
:10E2F0008CFF4FF0000B59466FF04C05B368BA68BD
:10E3000013FA82F33360BB69B38094F91C30002B9D
:10E3100080F2CF82002D40F0CC82D7E90A23B3F1FE
:10E32000FF3F08BFB2F1FF3F00965B460CBF2A4695
:10E3300007F12802204602F097FAB9E22A4607F1CF
:10E340002401204601F034F8D0B1E8468AB0208993
:10E350006189A36904AADFF854C2C2E9071305233F
:10E36000C2E905C042F8103F8F482B464FF42251B6
:10E37000EDF7A4FEAB46C54600216FF01505BDE7DD
:10E3800001213046F0F756F9304610F05AFC4FEABA
:10E39000C008C0F38C09304610F043FC08F01808A0
:10E3A00048EA50185FFA88F800F01F05A845786120
:10E3B00007D97F4A7C480095434601210EF02FFF84
:10E3C00097E7A369DFF8ECA1217FDAF80020A3EB3F
:10E3D000090901F00101C9F30C09521AA3EB090361
:10E3E00043EA0263DFF8D091A16899F81F004FEA71
:10E3F000122C23F07F423A61D9E904E2FA6000F07E
:10E4000040027A60D9F818208A42C7E90A3C05F12F
:10E41000010B11D1FA689E4572EB0C0280F0C582A7
:10E420007B684BB123896048644A02210EF0EDFEFF
:10E4300001214846FFF74AF9022D71D9604A5A482E
:10E44000012113F0B9FC207F237D22896189C00955
:10E4500002900020019007F128000090206813F03E
:10E460009DFD00216FF0790548E7FB691A7899F85E
:10E470001E309A4203D100F01F00A84202D0514A38
:10E4800001219AE2D9F81820A3689A4201D04E4A95
:10E49000F6E799F81F10237FC1F34012C3F3C003BE
:10E4A0009A4201D0494AEBE74906D9F8242000F105
:10E4B000D580013001238340013B93422ED113F0DC
:10E4C000EAFCD9F828309AF848129AF84A22C01A79
:10E4D000032303EB410302FB033303EB8303984263
:10E4E00013D999F81F00237D22896189C009029000
:10E4F000D9F82400019007F128000090206813F05B
:10E500004DFD13F0C8FCC9F82800786A10B1214607
:10E5100000F026FF00216FF07705EFE62C4A4BE272
:10E52000237F03F0C003802B22D1236862891888DF
:10E530002189CDF800B007F1280A534602F05AF9B4
:10E540008146A8B9234A18485B4601210EF05DFEBA
:10E55000207F237D22896189CDF800A0C009CDE903
:10E560000190206813F01AFD00216FF06805C5E6E0
:10E570007B6A9BB31A88C2F30E027AB35A68396970
:10E58000B1EB122F2AD893F90130002B02DA237F46
:10E59000DA0723D5104A3B69034802210EF035FE05
:10E5A000B8E700BF0D950400BC3A040032950400A2
:10E5B0005B950400680D0020183800207C9504004D
:10E5C00036960400AF950400D3950400FD95040031
:10E5D00019960400529604007B960400B74B5A69C2
:10E5E000DB699A420DD1B64AB648022113F0E4FB2A
:10E5F0000221B54AB34813F0DFFB6FF00B05002191
:10E600007CE6B249CB7F13F04000F1D143F04003E8
:10E61000CB7723680B60D7E90A2394F81CC0C1E9C3
:10E6200004237B69CA7FCCF3C00C03F01F0322F0E4
:10E630003F0243EA4C131343CB77FB69CA7F1B7835
:10E640008B77237D81F8203023890B83638948628F
:10E650004B83237FDB0963F3C712CA77DFF86C9221
:10E66000D9F8243023FA08FA1AF0010A7FF452AFDD
:10E6700099F81F20B388C2F34012002A0CBF0C2265
:10E680000822A8451ED102FB08339BB2242BA9F80F
:10E690001C301BD98E4A8B48012113F08DFB99F851
:10E6A0001F006189237D2289C009CDE901A007F1FE
:10E6B00028000090206813F071FC01214846FFF704
:10E6C00005F8CEE69A4201D0824AD9E6824D95F805
:10E6D000493241F2883C03FB0CCC4FF4004E40F22F
:10E6E000E73000214FF47A720023ECFB0E01E6F7CD
:10E6F00003FC02460B4679480AF02CFF95F84B3292
:10E70000013389F82130B9F91A30002B27DD99F847
:10E710001F1095F8480295F84A2201F01F0188421F
:10E720004FF002032BBF0120032113FB010313FB56
:10E730000013013203FB02F54FF4004C05EB850595
:10E7400040F2E73000214FF47A720023C5FB0C0140
:10E75000E6F7D2FB02460B4661480AF061FF08F17A
:10E760000101C9B255480022002309EB810109F0DB
:10E77000E5FE054630B15B4A5248434602210EF0A1
:10E7800044FDF1E609EB8803B2885868316814F05B
:10E79000AFFE4FF0010AD9F824300AFA08F80AFA55
:10E7A0000BF248EA0303013A9342C9F824307AD1C4
:10E7B0004B480AF03BFF99F81F00237D22896189AD
:10E7C000C0090290D9F82400019007F12808CDF87B
:10E7D0000080206813F0E2FB13F05DFBC9F828000D
:10E7E000237F1B0727D507F140034FF4C012C7E969
:10E7F0000E2336487B632A4607F1340113F01FFBD2
:10E80000F9694346097807F134022046FFF78EFA8A
:10E81000054608BB786AF8B1214600F0A1FD796A87
:10E8200038694B68C3F31722824238BF024662F34D
:10E830001F234B6010E0FB69B9F81C205B78DB09F3
:10E840000CBF052309239A420CDA274A1D4851467A
:10E8500013F0B2FA6FF0150500211C48FEF736FFE1
:10E8600002214BE5214B996811B903F10C01996024
:10E870009968196000209880FB695B78DB090CBF00
:10E880000423082307F14005D21A284610F0A0F906
:10E89000FB695A781978154BCDE90059D209204601
:10E8A000FEF7C0FEB4E7514628E513F0C80F1FD1AC
:10E8B000002528465C37BD46BDE8F08FE0190020F2
:10E8C00097960400BC3A0400C09604001838002053
:10E8D000F296040004970400680D002078380020A8
:10E8E000483800202C9704004E970400DC140020C8
:10E8F000BB694FF00008C7F8408053B9314A32482D
:10E90000012113F059FA6FF04C054FF0010B002173
:10E91000F4E4424607F14001204600F049FDC8B149
:10E920006D468AB020896289A36904A9DFF89CC07A
:10E93000C1E907230A460523C1E905C042F8103F93
:10E94000214843464FF42251EDF7B8FBAD466FF036
:10E950001505DAE7304610F064F9227F12F008025C
:10E9600001460FD007F1280332462046FFF7DEF9B3
:10E9700005460028C9D1386C0028C6D0214600F0D1
:10E98000EFFCC2E7B388042B05D8114A0E480121D9
:10E9900013F012FADBE7043BB3800E4B00930192B5
:10E9A00033462046FEF73EFEE2E77345FB687CEB0C
:10E9B000030CBFF45AAD084A0221034813F0FCF9D6
:10E9C000DAE400BF62970400BC3A04003295040008
:10E9D0004E970400D01400209A95040001480121AC
:10E9E000FEF774BE1838002008B5FFF7F7FF04489B
:10E9F000FEF7F8FE00F03EFDBDE80840FEF77EBDE4
:10EA0000A838002010B5084C084909480AF01AFD3A
:10EA1000204608490AF016FD04F130000649BDE819
:10EA200010400AF00FBD00BF483800206F1F0400DF
:10EA300060390020EDE1020065D70200024A034878
:10EA400002210EF0D9BB00BF8E970400F4390400F8
:10EA50002DE9F7439946836805468846174653B91A
:10EA6000314A324801210EF0C7FB6FF012042046F4
:10EA700003B0BDE8F083061D0121304613F0E9FA2A
:10EA8000C20706D52A4A29480EF0B6FB6FF00F04DC
:10EA9000EDE7BFF35B8F6B68BFF35B8F9B0619D508
:10EAA000A868414610F03AFE044658B1214A034690
:10EAB0001E4801210EF0A9FB6FF00101304613F052
:10EAC000B9FAD4E705F12403984510D02021304647
:10EAD00013F0BFFA0C9B0093A868DDE90A234946AE
:10EAE00010F068FE044640B1134A0346E0E76FF0B9
:10EAF0002001304613F09EFAECE714F00CFC4FF4C2
:10EB00007A72A0FB020302FB0131C00B40EA4140D4
:10EB100028613946A868F2F72BFC04460028A6D0E5
:10EB2000064A0346C4E700BFA6970400F439040070
:10EB3000C2970400D5970400F497040010980400CD
:10EB4000F0B589B01422002103A8194F14F0DEFC9F
:10EB500000264FF0200CCDE905CC03AD0FCD07F119
:10EB600024040FC401362B682360052E07F13807F3
:10EB7000F1D1104800240AF0E9FB0F490D48009438
:10EB80006FF008034FF4C0620AF0F6FB0B49094826
:10EB900014F05BFB02A88DF80840E6F719FE034667
:10EBA00020B1074A074801210EF02FFB09B0F0BD44
:10EBB000E814002090390020008200202B980400E7
:10EBC00036980400F43904002DE9F843224CA66875
:10EBD0001EB100252846BDE8F883DFF88080243484
:10EBE000A4F11C0241462046F2F790FB054600289E
:10EBF000F0D114F8243C082B28D154F81C3C0321F4
:10EC00004FF60C5093F80190F0F7C4FC074660B93A
:10EC1000134A144801210EF0EFFA6FF00B03124A69
:10EC2000104801210EF0F1FA10E003210C30EFF74B
:10EC300035FD2A4680F800904570857039464FF6BC
:10EC40000C50F0F751FF03460028E8D10136052E9D
:10EC500004F13804C4D1BCE7E8140020A84B040038
:10EC60005F980400F439040081980400F0B587B07F
:10EC70001F4600244B1C05461646ADF8164006D02C
:10EC80000929C9BF0A23012491FBF3F18CB2202189
:10EC90000848ADF8144013F0DCF90D9B02930C9B6F
:10ECA0000548CDE9007305AA33462946FFF7D0FE93
:10ECB00007B0F0BDCC150020C81500200146014862
:10ECC00014F0ABBA903900202DE9F04FBFF35B8F01
:10ECD00050F8103CBFF35B8F5D0687B00446A0F18F
:10ECE0001006C3F3801700F19D806FF002013046DB
:10ECF00013F0A0F9800724D56FF00101304613F01E
:10ED000099F96FF00401304613F094F96FF008019F
:10ED1000304613F08FF954F8083C93B11A1D07CA16
:10ED200003AD85E807001A7B67F382021A7354F873
:10ED3000080CF7F7DDFF2946384611F049FE44F884
:10ED4000087CDFF8E880A4F1140714F8140C002202
:10ED50000023F8F73FF8054600BB54F80C3C002BA5
:10ED600060D014F8143C5A075CD50821304613F0E3
:10ED700070F911F037FE18B90421304613F069F923
:10ED80006FF01001304613F055F9C3064AD5012142
:10ED9000384607B0BDE8F04F13F090B92B7B190748
:10EDA00002D4F7F7A5FFD0E76FF3C3032B7303F08B
:10EDB00003036A7B18F803308DF80C3002F007016A
:10EDC000D208AB8A8DF80D30013202EB82022B693A
:10EDD0000493520002F10A09012301FB09990093EF
:10EDE000013103AB384613F043F91FFA89F905F1F5
:10EDF000040B824630B101465A46484611F0D5FD13
:10EE00002846CEE72846F7F75FFF5A4644F8080C35
:10EE10005146484611F0C9FD284607B0BDE8F04FFD
:10EE2000F7F766BF07B0BDE8F08F00BFD8790400E0
:10EE3000014813F078B900BFC8150020014813F04D
:10EE400072B900BFE814002008B5054813F06BF94B
:10EE500020B9BDE80840034813F065B908BD00BFFC
:10EE60002015002058150020014813F05CB900BFA0
:10EE70009015002008B509486FF0080113F0DAF882
:10EE8000030709D505486FF0010113F0D3F8BDE879
:10EE90000840034813F047B908BD00BFCC15002057
:10EEA000C81500201C4A2DE9F041002307461646EC
:10EEB000D168B94209D00133052B02F13802F7D1EC
:10EEC0006FF015052846BDE8F081382202FB03F4F7
:10EED000231DBFF35B8F06EB0308F358BFF35B8F73
:10EEE000DB0716D53319986810F039FC054630B1A8
:10EEF0000A4A034601210A480EF087F9E2E77860E2
:10EF00000221404613F0A5F804F114003044FFF745
:10EF1000D5FE0025D6E700BFE8140020A398040022
:10EF2000F4390400134A38B5002315469168884225
:10EF300015D1382202FB03F4231DBFF35B8FE818C1
:10EF4000EB58BFF35B8FDB0712D5022113F081F87A
:10EF500004F114002844BDE83840FFF7AFBE013388
:10EF6000052B02F13802E1D1BDE83840FFF766BD5C
:10EF700038BD00BFE8140020F8B50F4E0F4D002437
:10EF8000012756F8043B93B1BFF35B8F07FA04F2F5
:10EF9000D04355E8001F01EA000C45E800CEBEF161
:10EFA000000FF6D1BFF35B8F0A4200D098470134BF
:10EFB000102CE6D1F8BD00BFB44B04005C5C00200F
:10EFC00010B5154CBFF35B8F2368BFF35B8FDA0777
:10EFD0001FD5BFF35B8F114B1B68BFF35B8FDB0744
:10EFE00017D50020F9F7E2FD98B103F033FDF9F7EA
:10EFF00047FBFBF7E5FFBFF35B8F54E8003F43F0AF
:10F00000020344E80032002AF7D1BFF35B8FF7F721
:10F0100067FB002010BD00BF700D0020C00C002059
:10F0200037B50446084611461A461D46A047041E39
:10F0300008DA0B4A0B48234601210EF0E6F8204679
:10F0400003B030BDA54209D0074A064800952346C3
:10F0500001210EF0E4F86FF01504F0E70024EEE76C
:10F06000E7860400B43A0400C998040070B5304B38
:10F07000BFF35B8F4209012100F01F0003EB820206
:10F08000814052E8004F0C4342E800400028F8D18C
:10F09000BFF35B8FBFF35B8F1A68BFF35B8F12F414
:10F0A000876F3BD1BFF35B8F1A68BFF35B8FD107CC
:10F0B0002CD5BFF35B8F1A68BFF35B8F4FF2C6335B
:10F0C0001A422DD04FF4FA651A480BF097FD04460A
:10F0D00040F2E7300E464FF47A72002300EBC53061
:10F0E0000021E5F709FF02464FF47A700B46A4FBB6
:10F0F000004100FB0611E40B44EA4144A5420E49DD
:10F100000E4810D2BDE870400AF02ABABFF35B8FF8
:10F110001A68BFF35B8F1205CBD4D3E70025D3E782
:10F1200041F28835D0E7BDE870400AF0B1B900BFC0
:10F130005C5C0020403A0020303A0020603A002019
:10F140000A4ABFF35B8F430902EB830200F01F0002
:10F1500001238340DB4352E8000F184042E80001DE
:10F160000029F8D1BFF35B8F704700BF5C5C0020C3
:10F1700013B50B4C0B49002300934FF4B0626FF0B2
:10F180000E0320460AF0F8F80749204614F05DF80F
:10F190000649074802B0BDE810400AF053B900BF65
:10F1A000603A002040880020EE98040079EF0200C9
:10F1B000303A002010B5044C20460AF037FA2046B9
:10F1C000BDE81040FFF7D8BE303A0020094BBFF32E
:10F1D0005B8F420903EB820300F01F000122824093
:10F1E00053E8000F104343E800010029F8D1BFF3B2
:10F1F0005B8F7047645C00202DE9F3419846354BE6
:10F20000BFF35B8F1C68BFF35B8F14F001040E46E5
:10F21000174607D050B9304A304801210DF0ECFFB5
:10F220006FF00104204602B0BDE8F08110220021F9
:10F230000CF05AFD2A4C002283B234F83210C1F38C
:10F240000E01994207D104EBC205A6B944F8326019
:10F250006E600024E6E701320A2AEED1D6B100251D
:10F2600034F83520C2F30E01D1B960F30E0224F850
:10F27000352004EBC50504230DEB03024146384657
:10F28000FFF7CEFE0446B0B1164A144801210DF036
:10F29000B3FFC7E7144A114802210DF0B6FFD8E7C3
:10F2A00001350A2DDCD1114A0C4801210DF0ADFFCA
:10F2B0006FF00B04B6E7019B6B80C3F307432B7120
:10F2C0009DF807306A78C3F3000363F3C7126A70CE
:10F2D000BFE700BF700D00207E5F0400AC3A040061
:10F2E000003B00206A9904001E9904004299040022
:10F2F000164B174A10B5C31ADB105909012403F045
:10F300001F0304FA03F386B002EB8102DB43BFF371
:10F310005B8F52E800CF0CEA030C42E800C10029E1
:10F32000F7D1BFF35B8F03880A4AC3F30E031221A0
:10F3300001A80CF0ADFC01A80EF034F820B1064A8B
:10F34000064821460DF058FF06B010BD003B0020D6
:10F35000645C00207E9904008D990400AC3A04009E
:10F3600008B590F90130002B07DA0B7F13F0010389
:10F3700002BF426863F31F2242600A89038862F376
:10F380000E0303800B8B43808B7E03710A7F4378CF
:10F3900062F3C7134370054BC01AC010FFF716FF86
:10F3A000BDE808400020FFF761BE00BF003B002021
:10F3B00070B5037F054603F0300010283DD013F0F0
:10F3C000400323D1002A38D0254A32F83300C0F355
:10F3D0000E0474B320462C89A04234D102EBC30042
:10F3E000DC0090F90100002812DA2E7F1019F607D0
:10F3F00090F9010023D400281BDB14446088247991
:10F4000040EA0440AC69A04213D31AE00023DBE7D2
:10F410001448BFF35B8F0068BFF35B8F8607E4D5AA
:10F42000BFF35B8F10480068BFF35B8F1841C007C4
:10F43000DBD402EBC30079B10860002002E00028B1
:10F44000DBDB012070BD01330A2BBED1074A08481F
:10F4500001210DF0D1FEF4E72946FFF781FFECE72B
:10F46000003B0020605C0020645C0020A199040047
:10F47000AC3A0400074BBFF35B8F53E8001F41F029
:10F48000010143E80012002AF7D1BFF35B8F00208F
:10F49000FFF7ECBD605C0020F0B42249224C002351
:10F4A000012634F83320C2F30E02E2B104EBC305A7
:10F4B00006FA03F295F90150002D4FEAC30026DB4E
:10F4C000BFF35B8F51E8005F154341E80057002F01
:10F4D000F8D1BFF35B8F20444278D543C5F3C01504
:10F4E00065F3C712427001330A2BDAD10F4BBFF319
:10F4F0005B8F53E8001F41F0020143E80012002A2D
:10F50000F7D1BFF35B8F0020F0BCFFF7AFBDD24354
:10F51000BFF35B8F51E8005F154041E80057002FB3
:10F52000D7D0F7E7645C0020003B0020605C00203F
:10F530002DE9F04F03B28BB0002B804600AF07DC03
:10F540004FF6FF73984240F0C7800020FFF7F8FDA8
:10F55000DFF88CB1DFF88C910021584612F0E6FDFF
:10F56000F860BFF35B8FDBF80030BFF35B8F0020E8
:10F57000C3F34003BB60054604464E464FF6FF7397
:10F58000984505D036F83430C3F30E0343455DD1BA
:10F59000FB684BB136F83430C3F30E0313B1484661
:10F5A000FFF7A6FE01354CE04F48214612F0BEFDA4
:10F5B000002869D0621B2DB1D9E9000106EBC20316
:10F5C000C3E900014FF00003FB7436F83230C3F397
:10F5D0000E01002935D006EBC20207F1140A117999
:10F5E000508840EA0140396960F317013961527867
:10F5F000C1F30761D20962F30001F9743B4A122199
:10F60000C3F30E0350460CF043FB042207F1100134
:10F610005046EDF795F9A0B1C7F804D088B06A4616
:10F62000334BC2E9053A4FF400739383314B42F8F0
:10F63000103F314800234FF4E251ECF73FFDD7F87B
:10F6400004D04FF6FF7398453AD1204601340A2C76
:10F6500009F1080992D1BFF35B8F5BE8003F23F00B
:10F6600002034BE80032002AF7D1BFF35B8F4FF65D
:10F67000FF73984530D1401B0130EA00002106EBB2
:10F68000C00013F043FF27E0BB68002BD9D036F849
:10F690003430C3F30E0313B14846FFF729FE124876
:10F6A000214612F043FD00283FF47CAFD9E9002346
:10F6B000601B06EBC001C1E90023FFF787FDC0E72F
:10F6C000BFF35B8F5BE8003F23F002034BE800329F
:10F6D000002AF7D1BFF35B8F2C37BD46BDE8F08F12
:10F6E000605C0020003B0020645C00207E990400E8
:10F6F000AE99040003000001AC3A040070B5044662
:10F70000603009F093FF236993F8483004F1140541
:10F7100013B1284611F086FA236993F8B2301BB171
:10F7200004F1350011F07EFA42220021284613F040
:10F73000EDFED4F89C0020B1EEF770FE0023C4F873
:10F740009C3004F1A00012F00BFD04F1900012F0C7
:10F7500007FD164D164E002384F89830B54213D994
:10F7600014491548C2220DF04CF81248C2210DF080
:10F770003FF8E378DB0605D56B681BB12269218869
:10F78000108898470C35E9E7F3D3A389E278013371
:10F79000A38122F01D0200232361C4F8A830E27087
:10F7A000C4F85630A4F85A3070BD00BF9439040034
:10F7B00094390400E3990400A452040010B58CB0FD
:10F7C000044607AB18461422002113F09FFE22695D
:10F7D0001188ADF81C104FF6FF71ADF81E10B4F88B
:10F7E000B410ADF820107F218DF82C100021CDE948
:10F7F00004200691FBF7BAF8ADF81800F7F7FCF80B
:10F8000023888DF81A005BBAADF80C306389019437
:10F810005BBAADF80E30054B009303AA0423052113
:10F8200004A8FEF793FC0CB010BD00BFFC4B040015
:10F83000024A0348022112F09DBC00BF159A040041
:10F84000343A0400024A0348012112F093BC00BF7D
:10F850003A9A0400343A0400CB7813F00C0F0846AF
:10F8600004D0074A0748022112F084BCDB0601D508
:10F8700012F0FFBC4FF400420023603009F0D0BE0C
:10F88000599A0400343A0400102B2DE9F843054638
:10F890001F461AD812F06CFD0646B0B1D5F8A84044
:10F8A000C4F11004E4B24FF0000805F1A009B8F16A
:10F8B000000F01D1BC4209D24846EEF767FD40B9BE
:10F8C0000B4A0C48012112F055FC00263046BDE8D9
:10F8D000F883D5F8A820013AC5F8A820836993F8E1
:10F8E00003800134E4B24FEAD818EEF797FDDEE763
:10F8F0008B9A0400343A04002DE9F843089D984699
:10F90000EB6816465A8900F1900952BA04460F4630
:10F91000C2F38C023146484612F0FAFC20B9D4F802
:10F92000903013BB84F8988029464846EEF7DCFCFB
:10F93000022F27D1D4F890304BB1D4F8942032B1B3
:10F94000D4F8A410E1B9C4F8A030C4F8A42094F805
:10F950009810D4F8A8200023C4E924330A44C4F83A
:10F96000A82084F89830BDE8F8830948094A33464E
:10F97000012112F001FC2846BDE8F843EEF74EBD28
:10F980000B60E2E7AA69D37843F08003D370EAE71B
:10F99000343A0400AC9A0400F8B50022044600236F
:10F9A0001E480F460FF007F90646A0B3EEF784FB9A
:10F9B0001B4B4FF6FF7223F8202003EB800006F16B
:10F9C0000C05C3786FF3C713C370B061A168C90198
:10F9D00001F0800128460FF05FF994F90730E179D2
:10F9E000002B01F07F01B8BF41F0800128460FF0E5
:10F9F00053F90322211D28460FF042F92188284699
:10FA00000FF05AF9618828460FF056F9BA8839681C
:10FA100028460FF035F93046F8BD00BFAC1B00207A
:10FA20000264002030B5054685B0104614460FF03C
:10FA3000E5F8FAF79BFF2B88ADF8063080238DF8A8
:10FA40000B300C4AADF804000023ADF808308DF8F7
:10FA50000A301368BFF35B8F9268BFF35B8FC2F30A
:10FA6000C0029B1A214601A80393FFF795FF05B03A
:10FA700030BD00BF680D002030B587B001AB4FF43A
:10FA8000E022CDE9042303930369044653B91B49DB
:10FA90001B4840F239220CF0B4FE184840F23921DC
:10FAA0000CF0A6FE012103A8EEF78CFD062103A8A9
:10FAB000EEF7F4FD05462069F8F79AFE114B287021
:10FAC0001B681BBAC5F80130002302216B7103AA21
:10FAD0002046FFF7A7FF014620B907B0BDE8304038
:10FAE000FFF7B0BE04F1A000EEF7FEFBD4F8A8309B
:10FAF0000133C4F8A83007B030BD00BFE39904005B
:10FB0000A4520400680D00202DE9F347364C54F848
:10FB1000253C8342064689460CD00027E83427B9A5
:10FB200054F8253C9E42254610D002B0BDE8F0872F
:10FB30002C46F3E72546002709F1FF33A4F13508E9
:10FB4000032BEBD8DFE803F004084C340127F3E77C
:10FB50004046FFF7D3FDE1E735F835ACFAF706FF8D
:10FB600055F8251C35F82B3CB331019135F8291C8B
:10FB7000009102465146284611F01EF80028CDD0CB
:10FB80001A4835F8353C1A4A012112F0F5FA404678
:10FB9000FFF7B4FD002FC8D1D4F8C3309E4204F162
:10FBA000E8054FF00107C3D104F1B3082C46D3E7B1
:10FBB000A4F12105284611F035F822462B4604F120
:10FBC000200C106851681D4603C5083262452B465B
:10FBD000F7D112782A7000212122204613F096FCDA
:10FBE0004046FFF749FF99E7C50D0020343A04006D
:10FBF000DA9A04002DE9F04703699D780E46A91EA4
:10FC00004D4294B004464D41002A00F092806A2291
:10FC100002FB053303F15905B04658F80C3FB3F821
:10FC2000050040BA80B2FAF7BBFE002800F0D08091
:10FC3000B3691F884FF6FF72974200F09D802469D8
:10FC4000B3F802A0202200210CA813F05FFC238847
:10FC5000ADF834300CA940460A94ADF83670F8F788
:10FC60001BFA0BAB09AA0CA90DA8F9F795FACAF370
:10FC70000E0A0446002858D1BDF83830ADF81230CD
:10FC8000DFF87891BDF83A30ADF81430D9F800308B
:10FC9000BFF35B8FD9F80820BFF35B8FC2F3C002BC
:10FCA0009B1A0793129B06930337BDF814308DF807
:10FCB0001100BFB2012F83F400438CBF002701273E
:10FCC000B3F5804F8DF8107003D25046FDF772FBEC
:10FCD0000446D9F80430069A08949A424CD001A9F7
:10FCE00040460EF07BFF092101A8EEF7A3FC01219D
:10FCF00001A8EEF79FFCBDF808300CA9043B01A851
:10FD0000ADF808300EF06AFF0023ADF834300998E2
:10FD10000CAB01AA04A911F053FA044670B1384A99
:10FD200003463848022112F027FA204614B0BDE8F5
:10FD3000F08705EB4515143505446DE7D9F8043017
:10FD400006930CA940460EF049FF09210CA8EEF7D6
:10FD500071FC01210CA8EEF76DFCBDF83430099858
:10FD6000043B0CAA04A9ADF8343011F000FA0446A3
:10FD700010B1254A0346D4E7F8F710F8F368020CEF
:10FD80009A70C0F30722DA7018711C4B1C68BFF31D
:10FD90005B8F9B68BFF35B8FC3F3C003E41AB36947
:10FDA0004FF6FF721A802846F26810F8013B43EACA
:10FDB000C413137041460023224611F028F988B17C
:10FDC000124A1048012112F0D5F96FF01504ACE782
:10FDD0000A4B1C68F3681A7804F0010383EAD21313
:10FDE000E41AE0E72146F06805F11102F9F7A8FEF0
:10FDF0000446002899D0064AE3E700BF680D0020BA
:10FE0000019B0400343A0400179B0400309B04005B
:10FE1000429B040030B585B04FF400330D460446D4
:10FE2000012101A80293CDF804D0CDF80CD0EEF753
:10FE3000C9FB012101A8EEF731FC01AA05700921D7
:10FE40002046FFF7EFFD054630B90D4A0D48012168
:10FE500012F090F905B030BD014600222046FFF7B0
:10FE6000C9FE0028F6D1D4F89C0008B1EEF7D6FA06
:10FE7000E378C4F89C5043F00203E370EAE700BF64
:10FE8000559B0400343A04002DE9F34750F8503CE8
:10FE90000446A0F16006002B00F09F8010F85D3C46
:10FEA00013F008020AD04E494E484FF49C620CF001
:10FEB000A8FC4B484FF49C610CF09AFC990719D5AB
:10FEC000C16BB9B162F3410300F85D3C002200232D
:10FED000CDE90023032108220120F6F735FF05466E
:10FEE000002861D1404A4148012102B0BDE8F047F5
:10FEF00012F040B903F01403102B0CD134F8603C1D
:10FF00003B4A3A48022112F037F9304602B0BDE8C8
:10FF1000F047FFF7F3BB04F14000EEF737FA054670
:10FF2000E06318B934F8603C324AEAE7038A102BE0
:10FF300030D100F10C084046D4F840900EF094FE09
:10FF4000012107462846B5F810A012F0ABF940464B
:10FF50000EF067FE030617D50721284612F0A2F916
:10FF600001214046EEF780FB037803F07F03022B6C
:10FF70000AD106214046EEF777FBB9F1000918BF18
:10FF80004FF0010980F805906B69A5F810A013FAED
:10FF900087F7EF60E16B00223046FFF72BFEE0B9F8
:10FFA000A36C013BA36491E7E36B10301A8AD96814
:10FFB0000EF066FE14F85D3C0F4903F0FB0343F0BE
:10FFC0000803284604F85D3C3246F6F71FFF284632
:10FFD00002B0BDE8F047F6F78BBE02B0BDE8F0878F
:10FFE000E3990400A4520400C89B0400343A0400BE
:10FFF000859B0400A19B0400F44B0400F0B5174D51
:020000040003F7
:1000000000262C464FF6FF7E0AB1AF6BD7B133B155
:10001000E82707FB064797F82B70FF0612D57045B7
:1000200004D0AF6B77B13F8887420BD1B5F828C0B9
:10003000BCF1000F06D0614504D395F830706744D9
:10004000B94205DBE8350EB10020F0BD0126DBE743
:10005000E82303FB06402830F7E700BF680D0020C7
:1000600010B5084CA36B1BB104F12800FFF746FB49
:10007000D4F8203123B1BDE810400348FFF73EBB60
:1000800010BD00BF680D0020780E002038B5154C5B
:10009000A36B0546D3B14FF6FF7290420BD104F12A
:1000A0002800FFF7E9FCD4F8203173B1BDE83840EF
:1000B0000D48FFF7E1BC1B88834203D104F12800FF
:1000C000FFF7DAFCD4F8203143B938BDD4F8203139
:1000D000002BFAD04FF6FF729042E7D01B88AB425C
:1000E000F3D1E3E7680D0020780E0020F0B5034659
:1000F00087B053F8042B0D680027CDE903230C4685
:1001000006460597FAF732FCADF81400F6F774FCD2
:10011000A3888DF81600032B08D81F481F4A022118
:1001200012F028F86FF04C0007B0F0BD2988306855
:100130006C88008849BA89B23B463A46FFF75EFFB1
:1001400064BAA4B2064638B90B46154A12480221D1
:1001500012F012F80020E7E74389E21AFF2A06DDD1
:10016000104A0D48009402210DF059F8F2E7049B63
:100170007F221A742B88ADF808306B88ADF80A30EE
:10018000CDE90077042302AA062103A8FDF7DEFFCC
:100190003046FFF7B3FADDE7343A0400E69B04008B
:1001A000FD9B0400199C04002DE9F8438B88022B69
:1001B0000D4608D82A482B4A022111F0DBFF6FF0C8
:1001C0004C00BDE8F88301890068012300881A46C5
:1001D000FFF714FF044638B90B46234A2048022192
:1001E00011F0CAFF0020ECE7C3781B0705D51F4AB2
:1001F0001B48022111F0BEFFF4E711F0BFFF2846B3
:100200000EF00FFDDFF86880DFF8549006466FF0BF
:100210000047AB88012B04D831462046FFF7FAFD92
:10022000E0E728460EF00DFD04F1540C6FF000439A
:1002300000223CF8021F8842EBD0002908BF134679
:100240000132032AF5D1BB4204D004EB4303A3F8E7
:100250005600DEE742460221484611F08BFFD8E700
:10026000343A0400429C0400FD9B0400649C04009A
:10027000829C0400F8B58B88022B0D4607D82548D0
:10028000254A022111F076FF6FF04C00F8BD01897C
:100290000068012300881A46FFF7B0FE044638B90B
:1002A0000B461E4A1B48022111F066FF0020EDE7B5
:1002B000C37813F0080705D0194A1648022111F037
:1002C00059FFF3E711F05AFF28460EF0AAFC064644
:1002D000AB88012B04D831462046FFF79BFDE5E7AC
:1002E00028460EF0AEFCB4F8563083420DD0B4F878
:1002F000583083420BD0B4F85A308342E8D10223FD
:1003000004EB4303A3F85670E2E70023F8E7012368
:10031000F6E700BF343A0400A79C0400FD9B0400EC
:10032000649C0400F8B58B880E683BB93E4A3F4890
:10033000022111F01FFF6FF04C00F8BD0189006829
:10034000002300880122FFF759FE044638B90B4606
:10035000374A3648022111F00FFF0020EDE73378CD
:10036000012B01D9334AE2E7C37813F0080505D021
:10037000314A2E48022111F0FDFEEEE711F0FEFE9B
:10038000E3783178D4F89C0003F00102914212D155
:10039000B0B143F00203E370284D294EB54224D991
:1003A000284929484FF43E720CF02BFA4FF43E7165
:1003B00024480CF01DFA18B1EEF730F8C4F89C5040
:1003C000E378327862F30003E370D4F8A030002BB6
:1003D000E2D12046FFF750FBDEE7AB681BB1226994
:1003E0002188108898470C35D8E7F6D3E378DA06E9
:1003F000B3D443F01003114DE370B54208D911494D
:10040000114840F202320CF0FCF940F20231CFE721
:10041000A3D22F682FB120696368A2782188008851
:10042000B8470C35E9E700BFCC9C0400343A04001F
:10043000FD9B0400E29C0400059D04009439040027
:1004400094390400E3990400A452040013B58B8886
:100450000A68032B08D81E481E4A022111F08AFEA2
:100460006FF04C0002B010BD1B4C0389B4F8DC10D7
:1004700099420AD0B4F8C411994214D0174A1448CA
:10048000022111F079FE0020ECE72834138821883E
:100490005BBA9BB28B4209D0114A00910C480221F1
:1004A0000CF0BDFEEFE704F58874EFE7538862892E
:1004B0005BBA9BB2934202D000920A4AEEE704F183
:1004C000B80009F0B3F80023A4F8B430DBE700BFAC
:1004D000343A0400229D0400680D0020419D040070
:1004E000679D04008F9D04002DE9F043037F03F016
:1004F0003003102B89B0074642D08B880E68092B39
:1005000005D88F4A8F48022111F034FE07E0737836
:10051000092B07D88C4A8B48022111F02DFE6FF071
:100520004C002EE0B6F80350B3786DBAADB245EA90
:100530000345864BA5F10A029A4202D9844A2B460A
:10054000E9E7F3790BB9834ADCE701890B44012B16
:1005500002D0B3F5004F01DD7F4AD3E7337813F0C3
:10056000070301D17D4ACDE7012202FA03F3102BE4
:100570000AD97B4A00937348102302210CF04FFEE6
:10058000002009B0BDE8F083006800230088FFF771
:1005900035FD044678B9734CA36B002B4ED0D4F8CC
:1005A0002031002B49D067486F4A022111F0E2FD4B
:1005B0006FF00B00E5E763486C4A022111F0DAFDA9
:1005C0002046FFF79BF8B7F80880A4F80080F3797D
:1005D00023723A6822617378A37064235D43656077
:1005E00033895BBA6381B6F805305BBAA4F8B430DE
:1005F0009578AB1E5D425D41FAF7B8F96A2105EBCB
:1006000045194D43216963894935294409F1140984
:100610000191A1890091A14402464146484610F04B
:10062000CBFA80B1524A4748012111F0A3FD204680
:10063000FFF764F86FF00400A3E70123E82202FB50
:1006400003442834BFE7B4F9B430B4F8B400002B45
:1006500015DDFAF7A5F990B912F05DFE4FF47A7244
:10066000A0FB020302FB0131C00B40EA4140012321
:10067000C4F8B000A4F8B6302046FFF79FF83378EE
:100680003C4AC3F3C101C3F34113555CD25C97F9F3
:100690001030C5EB052502FB13550A2395FBF3F536
:1006A000642DB8BF64254FF4004640F2E7300021C6
:1006B0004FF47A720023C5FB0601E4F71DFC0246E5
:1006C0000B4604F1600008F0ABFF03AB4FF4E022EF
:1006D000012105A8CDE9062397F910500593EDF700
:1006E00071FF062105A8EDF7D9FFFF230370102342
:1006F00043700323C5708370A3895BBA838005AA06
:1007000004212046FFF78EF9054628B91A4A0D48FC
:10071000012111F02FFD33E7014601222046FFF7AA
:1007200069FA00287FF42CAFD4F89C0008B1EDF7EB
:1007300075FEE378C4F89C5043F00203E3701FE7B2
:10074000B79D0400343A0400D09D0400F5BB34008A
:10075000F19D0400119E0400359E0400639E040078
:10076000939E0400680D0020C39E0400E79E0400D1
:100770000D9F0400969F0400319F0400F8B5114CB2
:10078000114F124E0025394604F18800C4E9325554
:1007900008F058FE314604F1E00008F053FE3946F7
:1007A00004F5B870C4E92E55C4E96C5508F04AFE4A
:1007B00004F5E470314608F045FEC4E96855284662
:1007C000F8BD00BF680D002089FE0200CD220400A4
:1007D00008B50A460146054811F009FD20B9BDE8F3
:1007E0000840034811F003BD08BD00BF900D002074
:1007F000780E00202DE9F04781460E460146184844
:100800009DF820801F4611F0F2FC9246054608B381
:10081000B8F1100F13D9002412485246494611F07E
:10082000E6FCC8B1B8F1100F06D80E4843463A4668
:10083000314611F09DFD00B92046BDE8F08708481B
:1008400043463A46314611F093FD04460028E2D073
:100850000546E1E70446DFE7002DEDD10120ECE796
:10086000900D0020780E00202DE9F04F174690F9EA
:100870001C20002A98468DB0037F04460E4668DA95
:10088000427C012A03D803F03003102B61D1F6F724
:1008900093F801285DD1444D4FF000092368628927
:1008A0001988284611F0A3FC00284ED0B4F808B0EF
:1008B00028465A4611F09BFC002846D1A369D5F87A
:1008C000A0A0BAF1000F4AD1218943463A462846F2
:1008D000FEF7DAFF002838D02089FAF761F80028FF
:1008E00033D12EB927B122893946284611F05AFD55
:1008F000A3680493237F607C03F03002102A18BFA2
:1009000000F1FF30C3F3C00200F07F0040EAC210E4
:10091000A2698DF81620110C8DF81410C2F307216E
:10092000224A8DF8170012688DF8151003F00103A4
:100930001699D31A04A80693FFF72EF80146F8B9C2
:100940001B4A1C48012111F015FCE835B9F1000FD4
:1009500002D00DB0BDE8F08F4FF001099EE704A969
:100960000AF10C000393F7F797FBBDF81820039BDF
:100970005A4502D10A9A9342E7D0DAF800A0A0E7DC
:10098000BDF810204EB905F1A000EDF7ADFCD5F88B
:10099000A8300133C5F8A830D7E700904346314668
:1009A0002846FEF7A9FFD0E7900D0020680D002033
:1009B0004F9F0400343A04002DE9F04F90469946C9
:1009C000D0E9003287B004460F4618889188FFF7B7
:1009D000FFFE20B90026304607B0BDE8F08FF5F7DE
:1009E000EBFF0128F6D14FF0000B4A4D5E46D4E9EB
:1009F000003228469288198811F0F9FB00284CD063
:100A000021894B4642462846FEF73EFF8246002893
:100A100043D03FB9B8F1000F04D02289414628469F
:100A200011F0C0FC2389ADF80C3063689A88197CFA
:100A3000ADF80E209DF8132061F306028DF8132007
:100A40005B884FF6FF729A1A534253419DF8132068
:100A500063F3C7128DF813202F4A53688DF81230B4
:100A6000190C8DF81010C3F307218DF811101368BD
:100A7000BFF35B8F9268BFF35B8FC2F3C0029B1A18
:100A80001099059303A8FEF787FF064660B9234A2D
:100A90002348012111F06EFB5646E835BBF1000FEB
:100AA00099D14FF0010BA2E747B10090BDF80C209F
:100AB0004B4639462846FEF71FFFEDE79DF91330F8
:100AC000002B1BDB6268836952881A8062689388F6
:100AD00083F40043B3F5804F10D290680DF10A0102
:100AE000FCF776FC18B13046EDF798FCD4E7B36913
:100AF000BDF80A105A8861F30E025A80314605F19A
:100B0000A000EDF7F1FBD5F8A8300133C5F8A83007
:100B1000C2E700BF900D0020680D00204F9F040029
:100B2000343A04002DE9F047164C06460D461746A8
:100B300098464FF0000931883A46204611F057FB9D
:100B4000B0B1B8F8002004F1900AC2F30C022946B3
:100B5000504611F0DDFB58B12B460B4A0B480221E1
:100B600011F00AFB504611F0FBFA002384F898308C
:100B7000E834B9F1000F01D0BDE8F0874FF001096A
:100B8000D9E700BF900D00206E9F0400343A0400A6
:100B900010B5084B9B685B680446104603B1984744
:100BA000054B1B681B6C1BB12078BDE81040184733
:100BB00010BD00BF6C5C0020685C0020034B9B688C
:100BC0009B68104603B11847704700BF6C5C00205B
:100BD0002DE9F041284E144680460F460FCE8AB0CC
:100BE00002AD0FC596E80F00244E85E80F00B37BD9
:100BF0000421002B0DEB01004FF0000314BF202552
:100C00001025019305F03AFE08F1FF33621E012B17
:100C1000019C4FEA820205D9B8F1040F02D0013FCE
:100C2000012F1DD802F128030DEB030252F8203CDE
:100C3000013BB4FBF3F203FB124401342A1F0E35CF
:100C400035441644230C210EB1746B7063BA6B806B
:100C500000210B4812F05AFC20460AB0BDE8F08192
:100C600002F128030DEB030252F8203CB4FBF3F22F
:100C700003FB1244E2E700BF983D04006C5C0020D7
:100C80007E5C0020F7B505460C466846082105F055
:100C9000F5FDDDE900010E4F0026B44210DC0D4BDE
:100CA0000026224629462E55184612F021FCC4F192
:100CB00020023146204403B0BDE8F04012F026BCCB
:100CC00024220023E4F718F9BB5CAB550136E4E7B6
:100CD00067A004007E5C0020064BBFF35B8F53E8E7
:100CE000001F014343E80012002AF8D1BFF35B8FD5
:100CF000704700BF6C5C002010B504460120FFF770
:100D0000EBFF074B1B68DB6B0BB120789847054B5B
:100D10005C609B681B6813B1BDE81040184710BDAC
:100D2000685C00206C5C002037B51068264C0378A6
:100D3000092B0BD92548264A01210CF066FAA36835
:100D40009B68012003B0BDE83040184711D1A1686D
:100D50004D6BBDB1022192888A422ED01B48009370
:100D6000012113461B4A0CF05AFAA36802209B6823
:100D7000E8E794F85210994204D1A1681D1D51F87A
:100D800025505DB994F85220104800920221124A71
:100D90000CF045FAA36803209B68D3E7591F01298B
:100DA00004D90E49C95C0131C9B2D4E7A17B00293D
:100DB00014BF202110210131CDE701302B4603B0B3
:100DC000BDE83040184700BF6C5C0020943A040036
:100DD000A99F0400EE9F0400CE9F04005DA00400C4
:100DE00010B50E48BFF35B8F002150E8003F40E88C
:100DF0000012002AF9D1BFF35B8F4FF4B4720C30AC
:100E000012F084FB03F08EF8044628B1044A03462E
:100E1000012104480CF0F9F9204610BD6C5C00205B
:100E200010A00400943A0400F0B51C464D4B9B7B87
:100E3000002B154685B0064614BF20221022032938
:100E400016D8DFE801F0020B125755EA04010FD162
:100E5000454812F05BFB002005B0F0BD254307D1EB
:100E60004FF40060FFF738FFF5E7042D03D998B978
:100E70006FF01500F0E73D4B5D5D90B1102D0BD18B
:100E80000420FFF729FF0820394B1B68DB6A214645
:100E900005B0BDE8F04018470220FFF71DFF042011
:100EA000F2E7002DE4D0324F3B685A8B2A42DFD064
:100EB0005B7EA342DCD3102D4FF008000AD1FFF770
:100EC0000BFF214601A8FFF7DDFE3B689B6A01A8E6
:100ED0009847C1E7FFF700FF3B68314622462846A6
:100EE0005F6AFFF775FE3B460146284605B0BDE840
:100EF000F0401847032D11D90028B9D0002508204B
:100F0000FFF7EAFE1A4B1B682946224600205E6A5C
:100F1000FFF75EFE334601460820E7E7154B5D5DAF
:100F2000A0B9002DA4D0124E3368DA8B2A429FD08C
:100F30001B7FA3429CD3082D0CBF04200220FFF787
:100F4000CBFE33682146DB6A2846A1E7082DD6D1BF
:100F50002846FFF7C1FE214601A8FFF793FE044B88
:100F60001B68B3E76C5C00207E5C002058A0040086
:100F7000685C002054A0040038B5134B9A7BBFF383
:100F80005B8F002A14BF2021102153E8002F22F08C
:100F9000020443E80045002DF7D1BFF35B8F9207B1
:100FA0000ED501F10E021A441944040C050E40BA84
:100FB0008D73508054709B68DB689847002038BD63
:100FC0006FF01500FBE700BF6C5C0020014B186858
:100FD000704700BF685C0020044BBFF35B8F18684C
:100FE000BFF35B8F00F00100704700BF6C5C002016
:100FF00000487047144C0400024B1B685B6C03B143
:1010000018477047685C002010B511F084FA11F0A1
:1010100085FAFFF7E5FE044B1B681B6D13B1BDE8B5
:101020001040184710BD00BF685C002008B548B1EB
:10103000084B186001F022FB01F02CFCBDE80840D1
:10104000FFF7CEBE044A054801210CF0D5F86FF039
:10105000150008BD685C002033A00400943A040029
:10106000024B5B6800229B68184700BF6C5C002045
:10107000024B002283F85220704700BF6C5C0020B6
:1010800030B4084C034600F1400518685968224600
:1010900003C20833AB421446F7D130BC024808F013
:1010A000DFB800BF505D00200016002008B5064BD9
:1010B00093F8D3301BB100210846FCF71FF8BDE8B8
:1010C0000840FFF78DBE00BF6C5C002010B586B0F5
:1010D00001AB4FF4E022CDE9042303930B4BFF2235
:1010E0000446092103A883F8522011F0C7F92146CC
:1010F00003A80DF0D1FD002103A8FFF7B1FF18B13F
:101100000349044811F0C6F906B010BD6C5C00201C
:101110008BA004009C3A040070B588B0017803AB42
:101120004FF48812CDE901230446009311B1002049
:10113000FBF7E4FF294D237885F8D3300121684679
:1011400011F09CF9F9F772FC254C014668460DF048
:10115000A3FD23685E690321003E684618BF01268F
:101160000DF0AAFD2368D968003918BF012168462F
:101170000DF092FD314668460DF08EFD23686846FD
:10118000597E0DF089FD23686846598B0DF094FD5A
:1011900023686846197F0DF07FFD23686846D98B68
:1011A0000DF08AFD009AD2F80100D2F8051005F181
:1011B000D40303C3B2F80910D27A1980684600211B
:1011C0009A70FFF74DFF28B10649074811F062F900
:1011D00008B070BD022385F85230F9E76C5C00203E
:1011E000685C0020B6A004009C3A04007FB54FF470
:1011F000C02201AB042103A8CDE90423039311F01D
:101200003DF9002103A8FFF72BFF18B10549064857
:1012100011F040F9054B052283F8522007B05DF824
:1012200004FB00BFD2A004009C3A04006C5C0020C8
:101230000A4BBFF35B8F1A68BFF35B8F910706D42D
:10124000BFF35B8F1A68BFF35B8F520703D5FF2292
:1012500083F8522070470522FAE700BF6C5C00203B
:101260000B4BBFF35B8F53E8002F42F0400243E883
:1012700000210029F7D1BFF35B8FBFF35B8F1B68A1
:10128000BFF35B8FDB0501D5FFF7B0BF704700BF31
:101290006C5C00200E4BBFF35B8F1A68BFF35B8F53
:1012A000510601D5FFF7A2BFBFF35B8F1A68BFF3EA
:1012B0005B8F9206F6D4BFF35B8F53E8001F41F4B7
:1012C000807143E80012002AF7D1BFF35B8F7047AB
:1012D0006C5C002030B52A4C97B02246002104F106
:1012E000B20002F049FE48B12649274811F0D2F871
:1012F000072017B0BDE83040FFF7E8BEBFF35B8FB3
:1013000054F8323CBFF35B8F9B0604D517B0BDE8A1
:101310003040FFF78DBF04AB4FF48C02CDE90223C0
:10132000019302F01FFE054640B91748174911F016
:10133000B1F80720FFF7CAFE17B030BD032101A89E
:1013400011F09CF84022294601A80DF099FC019A61
:10135000F234531C413218685968254603C50833D6
:1013600093422C46F7D10A4901A8FFF779FE20B134
:101370000849054811F08EF8DEE7FFF759FFDBE773
:101380009E5C0020FDA004009C3A040016A104000D
:10139000611203002EA104002DE9F04340499BB0E7
:1013A00002AB4FF4C022CDE9052304460BAAA1F5F8
:1013B00099700493F8F79AFB48B13A493A4811F00A
:1013C00069F80720FFF782FE1BB0BDE8F0833449BF
:1013D00007AAA1F59970F8F76DFB08B13349EDE75D
:1013E00013AB224607A90BA80FF058FF28B12E48CF
:1013F0002F4911F04FF80620E4E729490FAF3A468C
:10140000A1F59970F8F790FB044608B12949D5E792
:10141000BDF86310284DBDF85C609DF85E80DDF876
:101420005F9049BAA98104A8082111F027F8214644
:1014300004A8FFF715FE044620B120491A4811F010
:1014400029F8C1E7FF2385F85230BFF35B8F55E8D9
:10145000003F43F4005345E80032002AF7D1BFF3C0
:101460005B8F6B681BB11C78A31E5C425C410197CB
:10147000AB89009371BA99FA89F3424689B213A8ED
:10148000F5F742F9034628B10D4A074801210BF050
:10149000BCFE99E7002C97D001F006FF94E700BF4F
:1014A000D05D002048A104009C3A040067A104001C
:1014B00088A10400ACA104006C5C0020CAA1040057
:1014C000EFA104002DE9F0410378012B00AF0546A0
:1014D0000BD09BB1354A364801210BF096FE022015
:1014E000FFF7F4FDBD46BDE8F0814FF02008314C18
:1014F000A3736E782EB1304A3346ECE74FF01008F4
:10150000F5E7BFF35B8F54E8003F23F0200344E886
:101510000032002AF7D1BFF35B8F2B68C4F8DF30AD
:101520002B7984F8E330032384F85230AB78E373EB
:10153000EB7823742B796374EA78A9783046FFF747
:1015400073FC002815DA6C468AB0A878E9782B7904
:101550006A461A4DC2E907130523C2E9055042F84D
:10156000103F134833464FF42151EAF7A7FDA54633
:10157000B5E7BFF35B8F2368BFF35B8F1B05B1D566
:101580000F4B1D682A7E6969424504F1120428BF89
:101590004246204611F0ACFF287E4045A2D2A8EB7F
:1015A00000023146204411F0B1FF9BE70CA2040079
:1015B0009C3A04006C5C002025A2040045A20400B3
:1015C000685C0020F0B5444CA37B002B0146A1B021
:1015D00014BF2022102204F15300254611F088FF89
:1015E000BFF35B8F55E8003F23F0080245E8002178
:1015F0000029F7D1BFF35B8F1B0704D5374B1B685E
:101600001B6B03B1984706AB4FF41812CDE90423C6
:10161000A07B334A0393002802F140010CBF10263F
:1016200020260FF00DFE40B12E492F4810F032FF5A
:101630000720FFF74BFD21B0F0BD2C4B10AA03F1A2
:1016400020079E46944618685968154603C5083316
:10165000BB422A46F7D1A77B012F09D1244B18ADF5
:10166000186859682A4603C2083373451546F7D1EE
:10167000204B6146A3F120023846F8F7DDFA08B1A5
:101680001D49D2E71D48314605F0F8F808B11C495C
:10169000CBE7052103A810F0F1FE314603A8A57B96
:1016A000ECF7FCFF124B009003F1A10103F1610282
:1016B00028460FF0D3FD014608B11249B5E703A84B
:1016C000FFF7CEFC20B11049074810F0E3FEB2E767
:1016D000062384F85230AEE76C5C0020685C002082
:1016E000FF5C002089A204009C3A04009E5C00205C
:1016F0007E5C00201F5D0020AEA20400DF5C0020A5
:10170000D2A20400F3A2040019A304002DE9F041C1
:10171000364C94F80E80B8F1000F0CBF102720272C
:1017200098B03A4604F17301054611F0F7FE48B946
:101730002F49304810F0AEFE042018B0BDE8F0414B
:10174000FFF7C4BC06AE009604F112032A4604F16A
:10175000B30140460FF082FD28B12749254810F01B
:1017600099FE07200BE03A4604F15301304611F090
:10177000D5FE48B11F48214910F08CFE0420FFF728
:10178000A5FC18B0BDE8F08104F5B27300932A46B9
:10179000A07B04F1730304F193010FF038FD0546BB
:1017A00008B11749DAE74FF418120EAB062103A867
:1017B000CDE90423039310F061FEA37B002B14BF3B
:1017C0002022102204F1730103A80DF059FA2946D2
:1017D00003A8FFF745FC20B10A49064810F05AFE5D
:1017E000CFE7072384F85230CBE700BF6C5C0020C2
:1017F0003DA304009C3A04006BA3040099A30400D9
:10180000B4A30400D9A30400B0B586B000AF044669
:101810000FF07AF80146002853D17D1D102228468A
:1018200011F074FE02233B71274B1B681A68AA4211
:1018300002F110030CD29D420FD22449244840F2F9
:10184000B1220AF0DEFF214840F2B1210AF0D0FFB8
:10185000F3D007F115018A42EEE7391D084613F867
:10186000015D01F8015F9342F9D1ECF7B5FF6D46D8
:1018700088B06A46174BC2E905304FF40073938372
:10188000154B42F8103F154800234FF4E651EAF794
:1018900015FCE207AD4605D5FFF7AAFB104B00216A
:1018A0005B689847A30705D5FFF7A2FB0D4B002106
:1018B0005B6898470C4B0D4A9A6000201837BD466C
:1018C000B0BD6FF07700F9E7685C0020FCA304006E
:1018D000A45204002EA40400030000019C3A04005A
:1018E0005C4C04009C4C04006C5C0020244C040004
:1018F000064BDB7B023B012B94BF4FF470124FF47D
:10190000F0120023C0E90023704700BF6C5C002088
:1019100010B5064CA368E1689B68024604489847E6
:10192000201D0821BDE8104010F0BABDE80F0020CE
:101930005C4C040002486FF0100110F0C2BD00BF03
:10194000EC0F002008B5034A0348012110F0B7FD51
:10195000002008BD52A404007C3A04002DE9F041A7
:10196000044618460F46904610F0BAFD0646B0B140
:101970000C4B00F1100519682846A4000DF0B1F9D0
:1019800044F00304002128460DF086F9E1B2284610
:101990000DF082F94246394628460DF071F930467D
:1019A000BDE8F081E80F002070B5234CD4F8882002
:1019B0000C2302F0010503FB0541096F51B9013207
:1019C00002F0010503FB05431E6F1EB9236B022BBA
:1019D0000FD970BD8021194810F062FD0C2303FB64
:1019E00005431749186F0122F5F710FAC4F888501B
:1019F000EFE704EB83035B6A002BEAD08021201D14
:101A000010F04EFD236B0E4904EB83033246586AF7
:101A1000F5F7FCF9236B5A1C032A226304D004EB6C
:101A20008304A36A002BD4D1BDE8704005484FF46D
:101A30008042002307F0F4BDE80F0020EC0F0020E7
:101A4000944C04002810002008B5084B7F221A741B
:101A5000FF2283F820201E22C3E9020183F82220FE
:101A6000F5F71CFAF5F778FE002008BDE80F002016
:101A700080B500AF818A0069ECF74EFE88B06A46F7
:101A8000094BC2E905304FF400739383074B42F8CA
:101A9000103F074800234FF4E451EAF70FFB6FF0C3
:101AA0000B00BD4680BD00BF6BA404000300000115
:101AB0007C3A0400034BBFF35B8F1868BFF35B8F66
:101AC000704700BFEC0F002070B505460E46FDF7CD
:101AD0007BF8044630B10A4A0A48012110F0EFFCB5
:101AE000204670BDFFF7E6FFC30705D43146284600
:101AF000BDE87040FFF7A8BF6FF00F04F0E700BF2C
:101B0000357804007C3A040073B5FFF7D3FF030671
:101B1000C0F3C01520D402210DF1060004F0AEFE82
:101B2000BDF806401E23B4FBF3F203FB1244143449
:101B3000A4B24FF4004640F2E73029464FF47A72DF
:101B40000023E6FB0401ADF80640E3F7D5F90246B1
:101B50000B46024807F0FEFC02B070BDB80F002033
:101B60002DE9F0410025134F2E46A84657F8044FA3
:101B700074B1C7F80080237B1A0713D42046FDF701
:101B800091F990B120460136F5F7B2F8032EEDD168
:101B90006DB109486FF0800110F093FCBDE8F04191
:101BA000FFF7B2BF68F3C30323730125EAE7BDE87B
:101BB000F08100BF08100020EC0F002008B503489A
:101BC00007F034FDBDE80840FFF7CABF2810002029
:101BD00010B50B4C636A8BB1027994F820309A42AD
:101BE0000CD1FFF767FF430701D4FFF7E7FF636BF3
:101BF00023B1A16B0020BDE81040184710BD00BF05
:101C0000E80F002038B599B10E4CD4F888500C2359
:101C100003FB05431A6F5AB15A6F0AB1996F904787
:101C20000C2303FB0544206FF5F762F800232367BC
:101C300005486FF0800110F044FCBDE83840FFF724
:101C400063BF00BFE80F0020EC0F002038B50A4B3F
:101C50001C6F054634B1DC6F1CB1BDE83840FFF79E
:101C600007BF01240C2000FB0433C3E91C519A6711
:101C7000FFF74AFF002038BDE80F002037B50C46BB
:101C80000546B0B1FFF79AFF6846FFF731FEDDE980
:101C90000023094807F0C4FC224608492846FFF7FC
:101CA000D5FF044610B12846F5F722F8204603B0C8
:101CB00030BD6FF00B04F9E778100020611D0300C0
:101CC00038B5FFF77BFF1948194C07F0AFFCFFF759
:101CD000F1FE10F0200FC0F3401510D0402200217B
:101CE000204611F013FCFF232374FF2384F82130D6
:101CF000104B636100229A809A681A6038BD0EF01A
:101D000003FE00B1A56000220B4B2260BFF35B8F86
:101D100053E8001F43E800200028F9D1BFF35B8F90
:101D20007F232374FF2384F82030DEE7781000201F
:101D3000E80F002010160020EC0F002070B5064BB5
:101D4000D3E902650446FFF7BBFF736803482246E8
:101D50002946BDE870401847E80F00205C4C04009D
:101D600010B509480C466FF0400110F0AAFB064878
:101D70006FF0040110F0A5FB430704D5E0B2BDE805
:101D80001040FFF7DBBF10BDEC0F0020F8B51021AD
:101D900005461E4810F084FB10EA01070BD1022013
:101DA00010F09EFB044660BBBDE8F84017486FF09A
:101DB000100110F086BB164B93F82130AB421FD0B8
:101DC000022010F08DFB04460028EDD0104B04F1EA
:101DD0001006196830460CF084FF294630460CF096
:101DE0005BFF012130460CF057FF002F4FF000023F
:101DF0000849204618BF1146FFF728FF0028D3D115
:101E0000F8BD034B83F82150E0E700BFEC0F002042
:101E1000E80F00203519030007B504218DF80700ED
:101E20000D4810F03DFB430713D40C4B032283F8FD
:101E3000222002230DF1070101221846FFF78EFD33
:101E40009DF80710FFF71AFF18B19DF80700FFF77C
:101E500075FF03B05DF804FBEC0F0020E80F0020D5
:101E600008B5FFF727FEC30707D5044B00225A74B5
:101E7000BDE808400120FFF7CFBF08BDE80F0020F4
:101E800008B50548054A022110F019FBBDE80840D5
:101E90000120FFF7C1BF00BF7C3A04008DA40400FD
:101EA00070B5FFF707FEC30706D4BDE87040154ABA
:101EB0001548022110F003BB11F02DFA4FF47A748B
:101EC000124AA0FB040304FB0131C30BD2E906064E
:101ED00043EA41431B1A92F822004FEAD13104FB36
:101EE00000F061EB06010025984275EB010103DA71
:101EF000BDE87040FFF7C4BF1563BDE87040FFF751
:101F000003BE00BFA3A404007C3A0400E80F002035
:101F100010B50E4C207CFFF739FFFFF7CBFD030710
:101F20000CD563691B681B7809480A4A02210BF02B
:101F30006CF9BDE810400320FFF7EABCA3686269B2
:101F4000E168DB680448BDE810401847E80F00204E
:101F50007C3A0400B3A404005C4C040007B5684656
:101F6000FFF7C6FCDDE900230A4807F059FB0A4BDE
:101F7000D97C5869F7F72CFE38B9084A084801217E
:101F800003B05DF804EB10F09ABA03B05DF804EB0F
:101F9000FFF7BEBF78100020E80F0020DDA404008A
:101FA0007C3A0400F7B5434D47796B6A04460E4608
:101FB000002B3BD10379687C2A7C78BB934209D102
:101FC000FFF778FDC10631D4207903B0BDE8F040B9
:101FD000FFF7DCBE511C01F07F0122F07F0421439A
:101FE0008B421DD12B746B699A6898801A60FF230D
:101FF0006B74AB74FFF7E2FDAB7CB3EB970F4FEA6A
:10200000970415D22C4A2D48234601210BF0FDF8E8
:10201000022003B0BDE8F040FFF77ABC9342EBD05A
:10202000264800920221264A0BF0F9F803B0F0BDD1
:102030006B7CE340DA07F9D51722631E5343B2885D
:102040001433D118412907DD1E4A1C48022103B070
:10205000BDE8F04010F033BA696908683168184487
:1020600011F046FA6A7C012101FA04F322EA030224
:10207000AB7C6A749C4215D1D307D7D46869C4EB92
:10208000C40304EB8303808804EBC30303330344DA
:10209000B088DBB2834205D00B4A009007480BF0B2
:1020A000BEF8B5E7002AC1D103B0BDE8F040FFF7A4
:1020B00055BF00BFE80F002017A504007C3A0400BC
:1020C000EBA4040030A5040062A50400F7B54C4E53
:1020D00003790D46317C8B4204460FD1737C4BB99A
:1020E000FFF7E8FCC00607D4207903B0BDE8F04054
:1020F000FFF74CBED90710D403B0F0BD4A1C02F064
:102100007F0221F07F010A43934206D03D480092AE
:1021100002213D4A0BF083F8EEE7736900229A80B2
:102120009A681A60284677690CF08BFDB88023798D
:10213000337428460CF075FD7369F0749A882AB9D7
:10214000324A3048012110F0BAF908E0DB889342A6
:102150000BD213462E4A2B4801210BF056F80220D1
:1021600003B0BDE8F040FFF7D3BB63799B0803D011
:10217000142A03D8274AE4E7142A0FD9143A92B252
:102180001721B2FBF1F20132D2B2934206D01D48C0
:1021900000920121204A0BF042F8E0E7FFF70EFD24
:1021A0006179737C8908DA07B1740CD5DA4312F0CF
:1021B000FF0205D0B2FA82F2C2F11F028A4205D9AB
:1021C000164AFF23C7E7002B08BFFF236179890860
:1021D000013101228A40013A134073747369AA885D
:1021E0001868296811F084F9737C03F0FE03737496
:1021F000002B81D103B0BDE8F040FFF7AFBE00BFB8
:10220000E80F00207C3A040083A50400A7A5040081
:10221000CDA50400F3A5040020A6040017A5040022
:10222000024B5B6A0BB9FFF751BF7047E80F002004
:1022300070B543799B08012B05465CD0022B75D005
:10224000002B40F081808B880F2B06D8404A4148F4
:10225000BDE8704001210AF0D8BFFFF72BFCC6078C
:1022600019D53D4A2B68116899426FD1FFF722FCBE
:102270004506C0F3801469D44021101D10F010F9F8
:102280002146224602230120FFF768FB2146BDE8D4
:102290007040FFF7F3BC0C68FEF798FE102201684F
:1022A000204611F03BF9044600284FD12B682A4DF7
:1022B0002846012140F8043B10F0F2F86B699A6857
:1022C0001A609C804021281D10F0EAF82146022364
:1022D00022460120FFF742FB2146FFF7CFFC18B151
:1022E000BDE87040FFF7ECBCAB68E9681B681B48B1
:1022F000BDE870401847FFF7DDFBC00726D5FFF7A4
:10230000D9FB810622D51648022110F0C9F88207B0
:102310001CD4FFF753FC104B1048D9681E2283F8D9
:1023200022209A68BDE8704012681047FFF7C2FB90
:10233000C3070BD58B88012B08D108460CF071FC24
:10234000BDE87040FFF7FABC064A80E770BD00BFE9
:1023500041A604007C3A0400E80F00205C4C040015
:10236000EC0F002068A604002DE9F347DFF85CA11C
:10237000884617460446FFF721FC6846FFF7B8FA7F
:10238000DDE90023504607F04BF9002010F0A8F8D3
:102390008146002873D01AF8702C5AF8901C531CF0
:1023A00000F1100622F07F02AAF1900503F07F03EE
:1023B0001343304685F820300CF093FC95F820103C
:1023C00030460CF069FCA388142B81BF143B9BB2F0
:1023D0001722B3FBF2F386BF0133DBB200239B006D
:1023E00003F0FC0130460CF057FCA18830460CF09D
:1023F00063FC21792068F7F7DBFB014630460CF0DF
:102400004BFCC5F82490C5E90D8710F084FF4FF40C
:102410007A72A0FB020302FB0131C00B40EA41408B
:10242000C90BC5E90601A7882168DFF8A480142F2D
:1024300028BF14273A4630460CF022FC3946204685
:10244000ECF7F8F80027A68826B92E63FFF75CFBA7
:1024500030460AE0082F0BD11E481F4A012110F018
:102460002EF8FFF77DFB6FF0060002B0BDE8F087A5
:10247000002010F035F8043720B9FFF771FB6FF03A
:102480006800F2E748F8040FB4F80490296800F1F6
:102490001006B9F1170F304628BF4FF017090CF09E
:1024A00020FC95F8201030460CF0F6FB47F00201B6
:1024B000C9B230460CF0F0FB21684A4630460CF0B9
:1024C000DFFB49462046ECF7B5F8BCE77810002062
:1024D0000C1000207C3A040086A604002DE9F3418C
:1024E000234C06460D462348202190461F460FF0F8
:1024F000D7FF0421204604F0C1F97F2384F820305F
:10250000C4E90287FF232374636984F822509A6820
:102510001A6000259D8031462B4610222846FFF781
:102520001DFA064600B3FFF749FB6846FFF7E0F9DE
:10253000DDE9002304F1900007F072F810F0EBFEE3
:102540004FF47A77A0FB072307FB0131D20B42EA55
:102550004142C90BC4E9062166622563FFF7D4FA3C
:10256000284602B0BDE8F0816FF00B00F9E700BF2C
:10257000E80F0020EC0F00202DE9F04105460E4643
:1025800017469846FCF720FB044638B10C4A0D4824
:1025900001210FF094FF2046BDE8F0810A48012197
:1025A0000FF07EFFC30707D443463A46314628461C
:1025B000BDE8F041FFF792BF6FF00F04EBE700BFFB
:1025C000357804007C3A0400EC0F002037B5264D26
:1025D000AB6804467BB38388052B07D8234A24487D
:1025E000022103B0BDE830400AF00FBE0CF033FB0F
:1025F000009020460CF015FB8DF8040020460CF0EE
:1026000010FB8DF80500FFF755FAC30703D52A68BC
:10261000009B9A420FD19DF80530164AA08803F01E
:10262000030302EBC3014979884206D2124A1048DB
:1026300001210AF0EAFD03B030BDFFF73BFA10F0CC
:10264000010F9DF8053006D103F0030102EBC10133
:1026500009790029EFD103F00303214652F8333002
:1026600068469847E7E700BFE80F002096A60400F9
:102670007C3A0400744C0400BDA6040010B5064C5E
:102680000649204606F0DEFEA4F150000449BDE8EC
:10269000104006F0D7BE00BF78100020611E030076
:1026A000A11E0300034AD36813B111690020184723
:1026B000704700BF503B002010B5064C206818B191
:1026C000EFF746FF00232360BDE81040024806F004
:1026D000ADBF00BF503B0020683B002070B5064BEB
:1026E000D3E901650446FFF7E7FF73680348224614
:1026F0002946BDE870401847503B00209C4C040020
:1027000037B5114B04461868D0B1C3E903120F4B1B
:102710000F4DDB7B023B012B94BF4FF470124FF443
:10272000F0120023284606F07BFF0023009355F8A3
:10273000180C084B2246032101F0C0F803B030BD4D
:102740006FF07F00FAE700BF503B00206C5C002078
:10275000683B0020A5260300054BBFF35B8F1B6879
:10276000BFF35B8FDB0702D50120FFF7B7BF7047D0
:102770006C5C002070B506460D46FCF725FA044651
:1027800030B1074A074801210AF036FD204670BDE6
:1027900000F036F9FCF74CFB034BC3E90165F5E7A4
:1027A00035780400843A0400503B002038B5174CBB
:1027B000236883420D4601D163683BB91448154A2A
:1027C00002210AF019FD6FF07F0038BD8B883BB9FC
:1027D0000F48114A02210AF018FD6FF01500F4E7C6
:1027E0000E4B0F48DB7B023B012B94BF4FF4701262
:1027F0004FF4F012002306F013FF63680948DB680A
:10280000A1682A4698470020DFE700BF503B002020
:10281000843A0400EAA6040096A604006C5C00203A
:10282000683B00209C4C040010B50E4C2368B3B9E3
:10283000EFF7C6FD0C4B2060DB7B0C48023B012B05
:1028400094BF4FF470124FF4F012002306F0E8FE2C
:10285000636807481B68A1689847002010BD6FF0A7
:102860000F00FBE7503B00206C5C0020683B002021
:102870009C4C040008B5064B1B68834204D1002021
:10288000FFF72CFF002008BD6FF07F00FBE700BFC3
:10289000503B00200149024806F0D4BD59270300EF
:1028A000683B002030B589B069460446F0F704FB68
:1028B000A8B99DF80130012B11D10A4B1B7873B1D7
:1028C0000EF022F858B99DF8023043B9064D2B6836
:1028D0002BB9064A0649204601F0B8F8286009B02D
:1028E00030BD00BF59660020E05D0020892903004B
:1028F000F5280300F0B587B004460F4616460021C0
:10290000102268461D4610F001FE074BADF80C6022
:10291000CDE9013769460C9B049520460593F3F7F2
:1029200061FB07B0F0BD00BF6416002008B5044A83
:10293000044801210AF060FC6FF07F0008BD00BF71
:1029400019A704008C3A040008B513460B4A126814
:102950001268824203D0BDE80840FFF7E7BF012BB1
:1029600007D00748074A02210AF04FFC6FF0120017
:1029700008BDFFF759FF0220FAE700BFE05D002025
:102980008C3A040031A704000379032B01D10FF026
:10299000C8BD024A024802210AF037BC5DA7040004
:1029A0008C3A040008B511461A46104B1B681B6888
:1029B000834207D00E480F4A01210AF01DFC6FF038
:1029C0007F0008BD3AB90C4A094802210AF014FCFC
:1029D0006FF01500F5E70B7803F03F03032B01D0F0
:1029E000064AF1E7BDE8084000F0CEBEE05D0020F9
:1029F0008C3A040019A704007BA704008FA70400E9
:102A000070B50DF081FFC0B90F4D2C78C4B90F48D7
:102A1000F2F78CFE01232B7010F07DFC4FF47A75D9
:102A2000A0FB053205FB0121094EDB0B43EA4143C4
:102A3000C90BC6E90031204670BD6FF08500FBE789
:102A40006FF00F00F8E700BF596600201C16002049
:102A5000983B002038B5074D2B7843B10024064839
:102A6000F3F794FC2C70FCF7E3F9204638BD6FF0C7
:102A70007700FBE7596600201C160020F0B589B0EE
:102A800069460446F0F718FAD0B99DF80130012BD9
:102A900016D10C4B1B789BB19DF8027087B90A4E7A
:102AA000306868B10568A5420AD101F025F82846CA
:102AB0003760FFF7DFFE0DF027FF08B1FFF7CAFF11
:102AC00009B0F0BD59660020E05D0020F0B5434B31
:102AD0001B7891B01BB96FF0850011B0F0BD0DF0FF
:102AE00013FF04460028F6D101F01AF80028F2D0AE
:102AF0002146142206A810F009FD40F20321A0236C
:102B0000CDE90713F0230993354BD3E9004610F0C4
:102B100002FC4FF47A72A0FB020302FB0131C30BEB
:102B200043EA41431C1B4FEAD13161EB0606FEF735
:102B30004DFA03682B4A03F1100153F8045B42F885
:102B4000045B8B42F9D10289274B110A9974DA741C
:102B500045684DB12846E6F72DFF1D282DD9234A9B
:102B6000234802210AF048FB002302AF41F2091179
:102B700027F8331007EBC3025D1C4EF661239C421D
:102B80001C49516076F100061FDB142200210BA8BE
:102B900010F0BCFC40F203224FF4C863CDE900758D
:102BA000CDE90C234FF4F063134A0E934FF0FF313D
:102BB00003230BA8FCF75AF88FE724238DF808307D
:102BC0008DF8090003950123CFE7C4F56A41CDE9EB
:102BD0000075094A0323603106A8EBE75966002017
:102BE000983B00207918002077180020B9A704002E
:102BF0008C3A0400D8640400B44C0400A0F128010D
:102C00000148F5F7B1BF00BF6F25040010B51448A7
:102C1000F2F78CFD10F1160F034613D111490A6823
:102C2000013A0A6032B9BDE810400F4A0F4801214D
:102C30000FF0B4BCBDE810400D484FF4A47200235F
:102C400006F088BC0028EED10A4B01221A700A4B0C
:102C5000196809B183F82420BDE81040FCF7E8B8F2
:102C6000C8160020E45D0020F4A704003C3A0400EC
:102C7000A81000205A6600207417002070B50C467A
:102C8000054608B9002070BD02884FF6FF739A42CE
:102C9000F8D0C378012B0DD146680FF072FC06F511
:102CA0006A4360331B1A236095F842300233237164
:102CB0000120E8E7F3F738FE012803D1064B207125
:102CC0002360F5E7F3F726FE0128DBD1002323710B
:102CD0004FF0FF33F4E700BFC027090070B586B09E
:102CE00051F8043B002614460546CDE9033105960C
:102CF000F7F73CFE049BADF814009E80A3682360A8
:102D00000A212046A680EBF75DFC032120460BF04C
:102D1000C3FF95F82430012B0CBF3146012120461A
:102D20000BF0BAFFAB1C05F12202002133F8020FB1
:102D300008B1013189B29342F8D120460BF0BCFFB3
:102D40000122214603A8F5F79BF8034630B1094A52
:102D5000094801210FF022FC06B070BD28680093DD
:102D600000682246022100F0A9FD03460028F3D0A6
:102D7000024AEDE723A804003C3A04004EA80400F0
:102D8000F0B587B004460F4616460021102268466B
:102D90001D4610F0BBFB074BADF80C60CDE90137C9
:102DA00069460C9B049520460593F3F71BF907B081
:102DB000F0BD00BF10170020014620B90448F5F708
:102DC000E5BE0FF0B5BB03480368002BF9D170478F
:102DD000B92D030074170020012370B5C370044699
:102DE0000FF0CFFB0B4D0C4E6060B54210D90B4974
:102DF0000B4840F27D1209F004FD084840F27D11B5
:102E000009F0F6FC2B680BB1208898470835ECE7F1
:102E1000F8D370BD943904009439040078A80400F4
:102E2000A4520400012908B506D1064A116881425E
:102E300001D10023136008BDFFF7BEFFBDE80840C5
:102E4000FBF7F6BFF85D002008B5044A03460221EF
:102E500003480FF0A3FB6FF0120008BD31A7040078
:102E60003C3A0400012A38B5144604D0BDE8384085
:102E70001046FFF7E9BFEFF7CFFC084A3C2303FBFE
:102E8000002191F824503DB981F82440282113FBFA
:102E900000101044FBF712FF022038BD7417002009
:102EA0002DE9F04188B069460746F0F705F800289B
:102EB00043D19DF80130012B3FD1214B1B78002BD2
:102EC0003BD09DF80240C4BB3846EFF7A5FC1D4D32
:102ED00006463C2000FB06F805EB0803202283F899
:102EE0002440042310FB06302146284410F00EFB3A
:102EF000154A1649384600F0A9FD45F80800F5F7CF
:102F000089FC0746F3F706FD012809D0012F07D0F9
:102F1000F3F70AFD0128044602D0BB1E5C425C4167
:102F20003C2303FB06550A4885F83840F5F72EFE8A
:102F300000F0F6FD08B1FBF77BFF08B0BDE8F081BB
:102F40005A660020741700202D300300812D0300E5
:102F50002F2504002DE9F0478EB00DF1100904462D
:102F600016460D461422002148461F4610F0CEFAA0
:102F7000284BAA1E40F2032A012A98BF9A460DF157
:102F800024084FF4F0634FF4C862CDE90623002112
:102F900014224046CDF814A010F0B8FAA021F02376
:102FA000CDE90B13A378CDF828A0981E43424341E6
:102FB0006A2202FB03403146324682300FF059FB51
:102FC000044618BB144B9D70B268C3F80320F26826
:102FD000C3F8072041F20913ADF808300F4B0393F3
:102FE0000123019302AB00930D4A03233946022DBE
:102FF0000CBF48464046FBF739FE044630B1094A4B
:1030000000902B46084802210AF009F920460EB02C
:10301000BDE8F0870302080091180020D86404007E
:10302000E44C0400ADA804003C3A04002DE9F0474C
:1030300094B090F804A0BAF1010F00AF04460CD090
:10304000BAF1020F0DD0BAF1000F40F0C8800FF0B6
:10305000E1FA5037BD46BDE8F0877030F4F7F2FA78
:10306000F7E707F110034FF4E812C7E902237B608A
:1030700007F130023B1D03217030F5F739F80546A2
:1030800030B1584A0346012157480FF087FAE0E76C
:1030900097F84C30024643F04003014607F13000F8
:1030A00087F84C30FCF784F98046B0B16E468AB0A0
:1030B000398F7A8FBB6C6C464C48C4E90723224693
:1030C0000523C4E9050142F8103F47482B464FF459
:1030D0002251E8F7F3FFB546BBE70921381DEBF7AE
:1030E000A9FA3B892BB9424A3F4851460AF084F875
:1030F000AFE720683F4EEFF78FFB05B28146381DE2
:103100000BF08FFDC5EB051501284FEA850403463A
:1031100006EB850558D002280FD000285CD13B89EA
:1031200023BB354A304851460AF066F83A1D07F18C
:1031300030012846FFF7D2FD8BE702341E233444CA
:1031400003FB09F93B89012BF0D9381D0BF079FD00
:103150000028F7D02246002332F8021F814237D1DF
:103160004B4406EB4303A3F80480EBE7381D0BF058
:1031700058FD034638B1012812D0204A1A480221CE
:103180000FF00CFAD2E7201D20220021304410F06D
:10319000BDF93C2303FB0963012283F82420C5E722
:1031A000201D20220021304410F0B0F93C2303FB05
:1031B0000969022389F82430B8E7381D0BF041FD76
:1031C000014628460FF004FA3B89012BF5D8ADE7FC
:1031D0000133102BC0D1B5E7094A022154E7094A4F
:1031E0005346FAE7DCA804003C3A04003295040098
:1031F0000AA90400741700202CA9040049A904009E
:1032000067A904005DA70400114608B51A463BB93A
:10321000094A0A48022109F0EFFF6FF0150008BDC6
:103220000B7803F03F03032B01D1054AF1E7BDE81A
:10323000084000F0A9BA00BF7BA704003C3A040094
:103240008FA7040010B5044621B10FF0D9F9034B44
:103250001C6010BD0FF0D9F9F9E700BFF85D002040
:1032600070B500230C4D0D4EC37004464360B5424B
:1032700010D90B490B4840F2A71209F0C2FA0848CE
:1032800040F2A71109F0B4FA6B680BB12088984797
:103290000835ECE7F8D370BD943904009439040084
:1032A00078A80400A452040008B50DF02DFB40B12D
:1032B0000548F5F76BFC08B9002008BDFBF7B8FD21
:1032C000FAE76FF00A00F8E70B26040038B50DF0B6
:1032D0001BFBA8B10E4B1D78ADB90E4B0E48052255
:1032E0001A604FF4A472002306F034F9041E0DDABC
:1032F0000A4A0B48234601210FF050F9204638BDF9
:103300006FF08504FAE76FF00F04F7E72C46F5E756
:103310005A660020E45D0020A81000208DA904005A
:103320003C3A040030B589B069460446EFF7C4FD65
:1033300078B9009B23F07F4323F0FF03B3F5807F30
:1033400007D10C4B1B7833B90DF0DEFA18B1FFF73B
:10335000BDFF09B030BD2046EFF75EFA3C23064DB5
:1033600003FB00F428590028F3D000F0C5FB00232C
:103370002B51EEE75A6600207417002010B50A4C56
:10338000002294F824302068013BDBB202B110BD6A
:103390000028FCD0012BFAD884F8242000681321DF
:1033A000EFF7B2FA0122ECE77417002010B5074CD2
:1033B00023783BB1FFF7E2FF0548F2F7E7FF002073
:1033C000207010BD6FF07700FBE700BF5A66002049
:1033D000C816002038B550F8700C164D0C46EFF7A3
:1033E0001BFA3C2202FB005393F82430012B09D135
:1033F00000B2C0EB0010214605EB8000BDE838406C
:103400000FF0E6B8022B0FD174B112FB00322A4440
:10341000002332F8021FA14207D11E2202FB003313
:1034200005EB430300229A8038BD0133102BF0D105
:10343000FAE700BF7417002038B5154B1A6822B39D
:1034400093F82440022C0FD10233002433F8025F9A
:103450008D4218D00134102CF8D10146106800F0CC
:10346000DBFA80B901200FE04FF6FF75A942F4D0D6
:10347000012C08D10233002433F8025F8D42ECD0D6
:103480000134102CF8D1002038BD1046FCE700BFF5
:10349000741700202DE9F043954B1B788DB02BB9A4
:1034A0006FF0850420460DB0BDE8F0830DF02CFAD6
:1034B0000028F5D08F48F5F769FB00F031FB0028B4
:1034C00000F013818C48002407A90794F5F74CFB02
:1034D000DDF81C80B8F1000F49D0884EB8F1010F1B
:1034E000706803AF2DDD4346062BB8BF06234EF6AA
:1034F0006024B4FBF3F4B368B4F57F7F38BF4FF4B6
:103500007F7401331DD03946FFF7B8FBC8B1327B59
:103510009DF810309A4214D10FF033F83368C01A76
:10352000B36898420DDA1B1AB3F57A7F756808DB29
:103530000393039B581C02D09C42A8BF1C460394D3
:103540001DE0D6F804904846F5F730FB05463946AD
:103550002846FFF793FB68B92846F5F727FB814516
:103560000546F4D1664A6748012109F045FE6FF02F
:10357000010497E7002DF5D0B8F1010FD9DC0FF069
:1035800000F8C6E9000597E803005F4B83E80300F5
:103590009DF81030032B00F2A080DFE803F0024119
:1035A00065801422002107A8039C0FF0AFFF40F2B2
:1035B00003224FF4C863CDE90823544A4FF4F06363
:1035C0000A9300239370AB78991E4B424B416A21BA
:1035D0004B437A33E918EB58C2F803304B68C2F812
:1035E000073041F20913ADF81430494B069301231B
:1035F000019305AB00932146464A032307A8FBF736
:1036000035FB044670B30346434A3E4802210EF0A0
:10361000C5FF424A3B48234601210EF0BFFF41E768
:103620003F4F039E0821384603F028F9044600283E
:10363000EFD1AA78931E5A425A416A235A437A32EA
:10364000A918A858496807AB03C3796838681A46AF
:1036500003C2334607AA02212846FFF77BFC044633
:103660000028D6D100241DE72D4E039F08213046A7
:1036700003F004F904460028CBD13368CDF822309A
:103680007368CDF826300790ADF82000F7F76EF993
:1036900040BAADF82A003B4607AA0121DCE7204EDC
:1036A000039F0821304603F0E9F804460028B0D112
:1036B0003368CDF8223003247368CDF826300790A4
:1036C0008DF820008DF82140F7F750F940BAADF899
:1036D0002A003B4607AA2146BEE7124A09480121B3
:1036E0000EF05CFF6FF01204DCE66FF00B04D9E61D
:1036F0005A6600201F260400A1250400E85D002072
:10370000B1A904003C3A0400F05D002091180020AB
:10371000D8640400CC4C0400D4A904001FAA0400FF
:103720009C18002002AA040038B50446124A134827
:10373000022109F061FDA4F1380554F8383C3BB989
:1037400054F8400CB0B1BDE838401321EFF7DCB8B5
:1037500000220023284605F09DF940B90849094890
:10376000472209F04EF80648472109F041F8F3F7DF
:10377000BFFAE2E738BD00BF4FAA0400A43A040034
:1037800061AA0400A45204002DE9F74F17460D4624
:10379000EFF742F80FFA80FADFF8FC904FEACA160A
:1037A00006F17008C844044640460BF061FA07F180
:1037B000FF3B584509EBCA1A02D2384A022139E0C8
:1037C0002A7809EBC41491090229B4F874302FD077
:1037D000032947D0012912D00BB1314AEEE72271FB
:1037E000691C5A46404601930BF04AFAA26B5046B8
:1037F0009047019BA4F87430A36F236714E00BB1CA
:10380000284ADBE706F140004FF420220023484419
:1038100005F006FF29465A4611F8013B03F03F0325
:10382000237140460BF02CFA384603B0BDE8F08F08
:1038300033B91D4A1D4809F0DFFC6FF01507F3E7A7
:10384000237902F03F02934201D0194AF2E706F1D0
:1038500040004FF420220023484405F0E1FE5A4680
:10386000691CDEE70BB9134AA8E7237902F03F028F
:10387000934201D0104AA1E706F14000484405F008
:10388000D5FE5A46691C40460BF0FAF9A36B504628
:1038900098470023AEE700BFA03B002096AA040093
:1038A000B1AA0400DDAA040006AB0400A43A040097
:1038B00026AB04004EAB04006EAB04002DE9F04FC4
:1038C00087B014460493109B059306460391EEF7C8
:1038D000A3FF834630460CF079FF039BDFF8988006
:1038E000C51E03F03F09A388ADB2AB4212D24946D0
:1038F00020460BF083F908EBCB18059B1093D8F802
:103900003450049BA28821683046AC4607B0BDE81D
:10391000F04F604749F0400120460BF06FF908EB8B
:10392000CB1A00230093DAF8347021682A46304617
:10393000B847074628B929462046EAF77BFEA38800
:103940001BB9384607B0BDE8F08F9D4203D9039BF1
:1039500043F0C001CCE749F0800120460BF04EF95E
:10396000002300932168DAF834C02A463046E04745
:103970000028E0D00746E4E7A03B002070B550F8EF
:10398000243C8EB00546002B3ED0002200231C387C
:1039900005F080F80446002836D006AB4FF4F0124C
:1039A000012103A8CDE90423039355F8246CEAF719
:1039B00009FEA28A216903A80BF062F92046F3F7F9
:1039C00083F903AA009000213046104BFFF776FFE1
:1039D000221D0646014600200CF0E7FF46B10C48C8
:1039E0000C4A3346012109F010FC2046F3F780F918
:1039F0002046F3F77DF955F81C3C2BB128460EB054
:103A0000BDE87040FBF75AB90EB070BD4526040002
:103A1000A43A040096AB040038B50D46EEF7FCFE60
:103A200004B22846F3F750F9074DE401014604F1CA
:103A3000080028440FF073FB04F124002844FBF72E
:103A40003DF9002038BD00BFA03B00202DE9F04724
:103A50009046244A244C1368013382460F46136073
:103A6000EEF7DAFE064605B250464FEAC61A04EBF8
:103A7000C616EEF7A5FCB66F44F80A004FEAC51962
:103A800004EBC5154EB10023A5F874302E675444DD
:103A9000C4E90D782846BDE8F087EEF7BDFE134B6C
:103AA00001B201EB411109F1700003EB4101422227
:103AB00020440BF08DF8AB6FA5F874602B6709F10B
:103AC000080020440FF01EFB09F12400204408499F
:103AD00005F0C8FA09F140000649204405F0B2FC9F
:103AE000D5E700BFFC5D0020A03B002004D30020F0
:103AF0007D3903002937030010B50446403005F036
:103B000095FD2068EEF724FD044A00232360136826
:103B1000013B1360BDE81040FBF78AB9FC5D002053
:103B2000034B18680028CCBF00200120704700BF5D
:103B3000FC5D002038B5064D041D20460EF08FFDBB
:103B4000014600B938BD28460EF07FFDF5E700BFFD
:103B5000E81000200E4B1A680146002002B9704799
:103B6000914211D10A6848B958681A60814200D15F
:103B70005A60002307480B600EF067BD02605A6868
:103B8000914208BF5860F4E710461268E6E700BFAC
:103B9000D8100020E0100020F0B5234B1C68E7B0DF
:103BA00014B9002067B0F0BD06AB4FF0C072CDE98C
:103BB0000423268E65680393DDB9A36A228CE5761B
:103BC0000093636A03A904F10C000DF083FC012348
:103BD00010F1100F0646E376E3D010F1690FE0D044
:103BE0002046FFF7A7FF2046FFF7B4FF8EB901205C
:103BF000D8E70A2E374628BF0A27394603A8EAF72E
:103C00004DFDF61B291D3A460FF072FCB6B22D6829
:103C1000D2E7636A002BEAD01B68002BE7D0A26AC8
:103C2000314628469847E2E7D81000202DE9F041B8
:103C3000264A002614683546014690B11CB9104644
:103C40000EF003FD0DE0D0F82CC023462046DF6ABD
:103C5000BC4533D2A3422AD10B605368116003B92B
:103C60005160176887B30FF056FB4FF47A72A0FBD0
:103C7000024302FB0133E40B44EA4344FB6AA342E0
:103C80000ED91C1B4FF4004540F2E7300021E4FB45
:103C900005014FF47A720023E1F72EF906460D462E
:103CA00032462B460A48BDE8F04105F0B9BC03682E
:103CB0000BB90648C4E70B600160D2E71F681846DD
:103CC000002FF6D03B46C2E7BDE8F081D8100020B7
:103CD000F010002008B5FFF75FFF48B905480EF067
:103CE000BEFCC26A0A32C262BDE80840FFF79EBF4E
:103CF0000020F9E7D81000202DE9F04F89B0934655
:103D00000493CB880A2203F10909B9FBF2F98A88E6
:103D10000392584ABFF35B8F1268BFF35B8F520761
:103D200005460F4609D55448544A022109F064FA61
:103D30006FF0120009B0BDE8F08FB3F5C87F00F254
:103D400095804F4B9B687BB94E4A4B48022109F046
:103D500053FAFFF721FF38B94B4A4748022109F0CF
:103D60004BFA6FF00B00E5E748480EF078FC0026B0
:103D7000C0E90166031D04460593A9EB060A4FF04E
:103D80000008C2450DDD42480EF069FC0146D8B975
:103D9000404A3948CDF800805346022109F03FFAE5
:103DA000C24656444E4515DAFFF7F6FE0028E4D128
:103DB000394A3148022109F01FFA2046FFF7BAFEBE
:103DC0002046FFF7C7FECCE705980EF03EFC08F151
:103DD0000108D6E76668002E36D102210DF11E00DB
:103DE00002F04CFDB5F90620BDF81E30002AD4BF04
:103DF0004FF4F0721E22B3FBF2F102FB11331433C5
:103E0000ADF81E300FF087FA4FF47A72A0FB020370
:103E100002FB0131BDF81E20C30B43EA41431344AA
:103E2000E3620FCD04F10C070FC72B683B60049BC6
:103E30006362129BA362039BA4F820B020462386F2
:103E4000FFF7F4FE304675E7B7F80480B8F10A0FC3
:103E500028BF4FF00A0841463846EAF705FC4246BB
:103E60000146301D0FF044FB3668B4E76FF01500D3
:103E700060E700BF700D00202C3A0400CAAB0400BC
:103E8000D8100020FFAB040020AC0400E01000209C
:103E9000E81000204DAC040075AC04000E480F493A
:103EA000002208B5C0E90022C0E90222C0E90422CC
:103EB000083001320EF0C9FB042A01F13401F8D1B7
:103EC00007490848002201320EF0BFFB282A01F101
:103ED0001001F8D108BD00BFD8100020005E0020FE
:103EE000D05E0020E810002038B50C480C4D05F0DD
:103EF0009DFB2C6804B938BD2046FFF71BFE204609
:103F0000FFF728FE636A002BF3D01B68002BF0D06C
:103F1000A26A6FF0120100209847EAE7F010002033
:103F2000D810002010B50B4C0B4A214604F120009C
:103F300009F0E5FB48B904F8010C0848084A0121DA
:103F400009F05AF96FF0040010BD012304F8013C98
:103F50000020F9E75C660020FC4C0400243A0400D1
:103F6000A6AC0400034810F8213B002B08BF00203A
:103F7000704700BF5B660020F8B50D460E49064647
:103F800017460AF078FA044640B10C4A0C48012161
:103F900009F032F96FF004042046F8BD0949064BD8
:103FA000002D18BF29463A46304609F0F7FB012894
:103FB000F2D0054AEAE700BFFC4C0400CBAC040099
:103FC000243A04005C660020E3AC040037B50C46DC
:103FD0000A490B4A411A40230093491105462346DA
:103FE00008480EF0A2FB011E05DA2846234603B05E
:103FF000BDE83040184703B030BD00BF6461002009
:1040000093270400FC360400C9B2012908B508D979
:10401000084909487A2208F0F4FB06487A2108F09A
:10402000E7FB03690C2201FB0233986C00F00700E8
:1040300008BD00BF0DAD0400A452040070B5C9B2A4
:10404000012903690AD91849184840F25D1208F09D
:10405000D8FB154840F25D1108F0CAFBEFF311855B
:10406000402484F31288BFF36F8F0C2606FB0134C3
:10407000A46C14F0C00408D0A24206D085F31188C5
:10408000BFF36F8F4FF0FF3070BD71430B440122BF
:104090009A6485F31188BFF36F8F43680B445B68A4
:1040A00098470020F0E700BF0DAD0400A4520400C3
:1040B00070B50D460649411A04464911054840228B
:1040C000FFF7BCFF2B4601462046BDE8704018476D
:1040D00064610020FC360400002270B50121044612
:1040E0001046E9F7F9FC0F4802F064FF0E4B9842C6
:1040F00015D10EF0B5FE26690C49304608F043FD97
:1041000000280BDB0125B5642469084904F120006F
:1041100008F039FD002801DB6565002070BD6FF0F7
:104120000400FBE7ED4103000000AD0BAC4D0400C3
:104130007FB500220123CDE9022304ABCDE904338E
:10414000094ACDF800D06B46CDF804D00EF01AFB2A
:10415000002805DB4FF480420023684604F02CFD64
:1041600007B05DF804FB00BFAB27040010B5EFF308
:104170001184402383F31288BFF36F8F074A1368BB
:1041800023F00201DB07116002D4012002F0FCFEE3
:1041900084F31188BFF36F8F10BD00BFBC61002096
:1041A00030B4104B0C2202FB003301460020D3E94F
:1041B00010521864EFF31180402484F31288BFF387
:1041C0006F8F9C6C04F0C00444F002049C6480F384
:1041D0001188BFF36F8F1DB12B46034830BC1847C1
:1041E00030BC704764610020FC360400012808B52B
:1041F00006D0042808D090B90E4B9B6C5B0717D1F2
:10420000BDE80840FFF7CCBF0B490C4840F26E22D6
:1042100008F0F7FA40F26E21074808F0E9FA06497B
:10422000064840F2722208F0ECFA40F27221F3E7FD
:1042300008BD00BF646100200DAD0400A45204005D
:1042400010B4EFF31182402383F31288BFF36F8F12
:104250001748016841F002040460C80707D482F3DC
:104260001188BFF36F8F012010BC02F06DBE4FF0BC
:104270008041D1F80C04D1F80C14C907EFD5EFF345
:10428000118083F31288BFF36F8F0A498B6C03F0A0
:10429000C00343F002038B6480F31188BFF36F8F78
:1042A00082F31188BFF36F8F002010BCFFF778BF37
:1042B000BC610020646100202DE9F0414349BFF357
:1042C0005B8F0646012251E8003F41E800200028AC
:1042D000F9D1BFF35B8F9BB93D493E484B60CB6042
:1042E0008A60E6F769FF00280ADA3B493B484FF449
:1042F0000C7208F086FA4FF40C71374808F078FA1F
:1043000076B3731E012B58D8012E07D14FF080438E
:10431000D3F81C3403F00303012B21D00EF08FFFE0
:104320000546F8B92E4B1B78E3B14FF080430222CB
:10433000C3F808230746DFF8AC804FF08044D4F878
:104340001824D4F81834D20315D503F00303012B35
:1043500001D0012E0FD155B387F31188BFF36F8FB2
:10436000BDE8F081EFF31187402383F31288BFF398
:104370006F8F0125DFE7ADB138460AF0F1FBD4F8C5
:104380001835002BDBD1D4F80421002AD7D0C4F88B
:104390000431D4F804310123C4F81835C8F8803149
:1043A000A360CCE70021212006F0F2F8E7E74FF008
:1043B00080430222C3F80423D2E70749074840F2AA
:1043C000422208F01EFA40F2422196E76061002086
:1043D00050610020846100200DAD0400A45204004F
:1043E0003669002000E100E008B507480EF025FE20
:1043F00038B10648E9F702FE0448E6F7BFFA0020A4
:1044000008BD6FF01200FBE76037040011440300A1
:104410000A2838B5074D044604D1AB680D215B6806
:1044200028469847AB6803485B68E1B29847204646
:1044300038BD00BF60370400EFF31182402383F3DF
:104440001288BFF36F8F0A4BD3F8001161B10021BE
:10445000D3F80805C3F80011D3F80031C0B282F3D5
:104460001188BFF36F8F70476FF00A00F7E700BF46
:1044700000D00040F0B5034610469C7893F803C086
:10448000EFF31182402585F31288BFF36F8F1F78F9
:1044900093F801E0E41B04EA0C04A04288BFA0B238
:1044A0003E180CEA06063D461E7082F31188BFF3E3
:1044B0006F8F0A188A4216D177450CD1EFF311821B
:1044C000402181F31288BFF36F8F1978597082F3FE
:1044D0001188BFF36F8F1B79241AA34222BF064BAA
:1044E00001221A60F0BD5E190135767901F8016B81
:1044F00005EA0C05DEE700BF00D000402DE9F047DB
:104500002D4D0069A8420E4614460AD02B492C486E
:1045100040F2031208F075F9284840F2031108F040
:1045200067F9DB4313F0010504D03030FFF7A2FF39
:10453000BDE8F0879AB3EFF31188402383F3128824
:10454000BFF36F8F0D20E9F7B9FA07460D20E9F7A1
:10455000A1FA88F31188BFF36F8FDFF868A0DFF846
:104560006880CAF80051DAF800314FF4005901238D
:10457000CAF800302546C8F88091DAF8003183B1D6
:10458000FFF75AFF031EC8F88091F6DB013DADB27C
:104590007355002DF1D117B10D20E9F76DFA2046C2
:1045A000C6E7EFF31180402383F31288BFF36F8FC8
:1045B0000AF0D6FAE1E700BFC061002073AD040045
:1045C000A452040000D0004000E100E02DE9F041D9
:1045D000184B07699F420D46144605D107F145085F
:1045E0005CB92046BDE8F08113491448E52208F083
:1045F00008F91148E52108F0FBF84FF0FF334FF0C0
:10460000FF32384604F0D8FA224629464046FFF7E2
:1046100031FF0646384604F095FA3EB94FF0FF32B6
:104620004FF0FF33064804F0C7FAE6E7A41BA4B234
:104630003544D5E7C061002073AD0400A4520400E6
:10464000D861002038B5204B04699C420AD01F492C
:104650001F4840F2471208F0D4F81C4840F24711B6
:1046600008F0C6F80122114620460EF071FD012225
:10467000002104F118000EF06BFD40F20743A4F88E
:1046800048304FF0706323630C2384F834300025E6
:10469000104B84F84550A4F84650D3F8042522F076
:1046A0000102C3F804250121C3F80051D3F8002109
:1046B000C3F804132A4619600D20E9F70DFA0D20FE
:1046C000E9F7DAF9284638BDC061002073AD04006F
:1046D000A452040000D0004010B5FFF7ADFE002842
:1046E00020DB174B93F8322093F8314093F83310C6
:1046F000141B31EA0404C0B20DD193F8472093F89B
:10470000464093F84810141B31EA04040BD10D4BBA
:1047100001225A600EE09C180132114084F83500E5
:1047200083F8321010BD9C180132114084F84A0001
:1047300083F847100448BDE8104004F003BA00BFF6
:10474000C061002000D00040D8610020024B0B6007
:1047500001231360704700BF1462002000487047B7
:10476000104E040007B50346054A00910548012193
:1047700008F055FD6FF0150003B05DF804FB00BFB5
:10478000C4AD04002C3B040010B5012211460748BB
:10479000074C0EF0DDFC02F073FC0EF03FFC2060D5
:1047A0000EF038FC6060002010BD00BF1C620020CD
:1047B0001462002038B5037B04460BB10EF05FFB9A
:1047C0000125A368032B06D8124AD2F80034DB0770
:1047D000FBD5002038BD23686068196803F004FB2E
:1047E000636804336360236804332360A368043B75
:1047F000A360237B0135002BE3D0284602F0FEFCAA
:104800000028DED0034AD2F80034D907FBD50120B6
:10481000E0E700BF00E00140F0B58BB00D46164662
:104820000EF0F8FB3146074628460EF003F868B351
:10483000B5FBF7F307FB135323B9B6FBF7F407FBFC
:1048400014645CB1204A00962B462048012108F0F0
:10485000E6FC6FF0150420460BB0F0BDB742FAD865
:104860004FF0FF334FF0FF32194804F0A5F90EF076
:10487000FAFA05AB014668B9102218460EF046FE5A
:10488000CDE9065609950DF0A7FF18E0114A0096EC
:104890002B46DAE71022214618460EF037FE012299
:1048A0008DF820200C4A0995CDE9032041F64C50A3
:1048B000CDE9065602F0ECFB03A802F0EFFB04463C
:1048C000034804F03FF9C6E7E1AD04002C3B0400C7
:1048D0001C620020C4AD0400D9270400F0B50D46C9
:1048E0008BB01946284617461C460DF0A3FF58B951
:1048F000204A00942B462048012108F090FC6FF0DC
:10490000150420460BB0F0BD45EA040616F0030678
:1049100003D01A4A00942B46EDE7002CF1D04FF05B
:10492000FF334FF0FF32164804F046F90EF09BFAC1
:10493000034605A8B3B10123CDE908668DF8203000
:10494000104B0794CDE9033041F64C50CDE9057585
:1049500002F09EFB03A802F0A1FB0446084804F005
:10496000F1F8CEE7CDE90833CDE905750794FFF7F7
:1049700021FFF2E7C4AD04002C3B040000AE0400AC
:104980001C620020B547030010B5036941B91C49FA
:104990001C483E2207F035FF3E21194807F028FF4A
:1049A000486830B9164917483F2207F02AFF3F21CF
:1049B000F3E75868F8B1884219D19C6808685860D4
:1049C000A14200D19860002008602AB15A680A60AC
:1049D0009A68596002B99960002010E0814206D1BE
:1049E0000868206098688142EDD19C60EBE704463E
:1049F00000680028F2D1002AE8D16FF0150010BD40
:104A000042AE0400A452040038B545682B69B3B126
:104A10001035284603F008F8044680B901462846B8
:104A200002F0C8FF084B98420BD10849224628469D
:104A300002F090FF224605210620E9F74DF80020FC
:104A400038BD6FF00400FBE70000AD0B1D4D030007
:104A500008B503685909024613D0012906D103F0AD
:104A60001F0340F2FF31D940C80712D40A490B484E
:104A70004FF46C7207F0C5FE07484FF46C7107F0F5
:104A8000B7FE4FF0FF31D940C907EFD54FF0A04036
:104A900000E00348136008BD7EAE0400A452040089
:104AA00000030050F0B54068057B01F01F0444EAA4
:104AB0004514056987B0002D5CD0B2F5001F00F1E8
:104AC000100506D1214628460EF088FA002007B0CE
:104AD000F0BD01AE0027B2F5800F0197776034D1A9
:104AE000B3F1007F14BF052304238DF804300023A5
:104AF000CDE9046303938368CB40D90717D4B2F19F
:104B0000A07F14D168460094FFF7A2FF009B03F535
:104B1000E07350F82330DB0709D46A462146284663
:104B200002F01EFF164B98421AD0CDF808D003AA07
:104B30002146284602F0DEFD124B98421DD101228B
:104B40002146284602F086FFC0E7B3F1C06F05D0CA
:104B5000B3F1007F14BF01230223C6E70323C4E798
:104B60006946284602F070FF064B9842DDD06FF090
:104B70000B00ACE76FF08500A9E76FF01500A6E722
:104B80000400AD0B0000AD0B2DE9F043466840F288
:104B90000635337BD00687B001F01F0702EA050512
:104BA00047EA431754BFC2F340130323B5F5837F8D
:104BB00014468DF8033045D00FD8062D18D007D8ED
:104BC000B5B1022D40D06FF0150007B0BDE8F083FD
:104BD000B5F5807FF7D101250AE040F20222954227
:104BE00034D0B5F5407F33D0B5F5007FEBD1022549
:104BF0000123220303FA01F12CD57368C3F80815C9
:104C000033696BBB03A80397FFF722FF039B00EBFD
:104C1000830084F48033C3F30043C4F34044D0F8EA
:104C2000002744EA43049DF8033022F4E16244EA99
:104C3000830422F0070244EA05231343C0F8003737
:104C40000020C2E70725D3E70425D1E70525CFE7F4
:104C50000325CDE7630344BF7368C3F80C15CFE7A2
:104C600010360DF102023946304602F079FE14F496
:104C7000403F804616D1394630460EF0ADF9244B00
:104C80009845DDD19DF80210304602F0D7FE404530
:104C9000D6D020492048EC2207F0B3FD1D48EC2176
:104CA00007F0A6FD01AB4FF0000903AA39463046D4
:104CB000CDE90439CDE90199CDF80C9002F01AFD47
:104CC000134B98427FF47FAF14F4003315D09DF856
:104CD00003308DF80E3084F48034C4F300444B4626
:104CE00003AA394630468DF80C508DF80D4002F07D
:104CF000B5FD074B9842C2D065E7CDE9043303AA5E
:104D00000DF1030339463046039302F0F3FCF0E75C
:104D10000000AD0BB1AE0400A4520400420970B50E
:104D2000034602D0012A1AD070BD124E3269516872
:104D30000029F9D003F01F0301250C689D400029CC
:104D4000F2D08A682A400ED04B6853B90A490B4802
:104D5000612207F056FD0848612107F049FD084E21
:104D6000E4E7304698471CB1236821461C46E6E735
:104D70002346FAE72437040042AE0400A45204009C
:104D80001037040008B503685909024613D00129F9
:104D900006D103F01F0340F2FF31D940C80712D4F7
:104DA0000A490B484FF46C7207F02BFD07484FF48B
:104DB0006C7107F01DFD4FF0FF31D940C907EFD5E9
:104DC0004FF0A04000E00348136008BD7EAE040031
:104DD000A4520400000300502DE9F04FDFF85CB14D
:104DE00085B01546824600EB810840F2FF19D04598
:104DF00003D1002005B0BDE8F08FDAF800305A0486
:104E0000C3F3C321C3F3080400F191804C4A1B0E85
:104E1000575C4C4508BF4FF0FF34192B00F28A80D5
:104E2000DFE803F00D141A1D20261D8888888836B7
:104E300063888888888888888888667C7F82C5F8A7
:104E40000C45631C5ED10AF1040AD0E7C5F814458D
:104E5000661CF8D000265FE0C5F80845F1E7C5F804
:104E60001045F5E7601CC5F80845ECD0002604E0C5
:104E7000611CC5F80C45E6D0012603A80394FFF792
:104E800081FF039B012101FA03F3C0F80C3508E010
:104E9000C5F80845002FDBD1631CD4D0002631466D
:104EA0000627DAF80030019303F40040002818BF09
:104EB000002103A8009118BF01260394FFF762FFA9
:104EC000039C019B009900EB8400C3F3412CD0F8B4
:104ED00000473B0243EA8C030B4304EA0B042343E1
:104EE00043EA4603C0F80037ADE7C5F80C45D1E703
:104EF000C5F86045621CDAF80030A4D0C3F3004363
:104F0000002BB9D003A80394FFF73CFF039B0126B5
:104F100006FA03F3C0F808353146C2E7C5F8644520
:104F2000E8E7C5F86845E5E7C5F86C45E2E76FF0E6
:104F300015005FE76FF085005CE700BFF0F8FCFF4D
:104F4000F9AE04002DE9F041044647680D460EF025
:104F500076F94FF0400888B9264B1B7873B1642668
:104F600060680DF05DFDF0B901200DF08AFF013E93
:104F7000F6D10021212005F00BFBF0E7EFF31186BD
:104F8000314688F31288BFF36F8F60680DF048FDDB
:104F9000A8B986F31188BFF36F8FEFE786F3118806
:104FA000BFF36F8FE5E7EFF31186314688F3128880
:104FB000BFF36F8F60680DF033FD0028EED0FB6902
:104FC0001D706368FA691B680020C3F8442501223C
:104FD000C3F84825C3F82001D3F82041C3F858018D
:104FE000D3F858019A6081F31188BFF36F8FBDE841
:104FF000F08100BF36690020F7B505460022012187
:105000000220E8F769FD0220E8F736FD6B681868B2
:105010001A69C0F82425997D5A7D0A43198B1B7D96
:105020000B431343C0F86C356E68D6E9004313F0A8
:10503000010350D02F6907F108000DF02EFF334B0C
:10504000984208D03248334A012108F0D5F86FF071
:10505000040003B0F0BD387A04F10C0204F590713D
:105060000DF011FF387A012707FA00F002F0CCF9B1
:105070000823C4F80035F369C4F844350023C4F8A4
:105080004835A760D4F85831002BFBD00021C4F874
:1050900000156B68DC6801AA20460DF094FC00281E
:1050A00005DB019B226819791868FFF795FE6A688D
:1050B00013680821C3F80015117A51B9126AC3F8B0
:1050C00034250122C3F83825C3F81011D3F8101184
:1050D0001A600020BDE70822C4F80025F269C4F870
:1050E0004425C4F848350123A360D4F82031002BAF
:1050F000FBD00023C4F82031D4F820310123E36031
:105100004FF48073C4F80433BCE700BF0000AD0B5C
:10511000943B040001AF040070B40E49D1E900349F
:10512000D01AC31844F1000422F07F46C1E90034CC
:10513000A6F50013B3F5400F09D2074B1B681A0AF6
:105140001B069C19054B42F10005C3E9004570BCE4
:1051500005F096BD303C002060620020383C002005
:105160000D4B1868010A0006BFF35F8F0B4BD3F895
:105170000435181841F10001B3F5801F0AD2084B1D
:10518000D3E90023904271EB030303D210F1807046
:1051900041F10001704700BF606200200010014033
:1051A000383C00202DE9F7432B4CD4F80433990701
:1051B0000BD5D4F8043143B1284A0023C4F8043194
:1051C000D4F80431136801331360D4F80433DA03DC
:1051D00023D5BFF35B8F224B53E8002F22F0010150
:1051E00043E800100028F7D1BFF35B8FD30702D448
:1051F000D4F840318BB10025C4F84051D4F8403187
:10520000FFF7AEFFEFF3108272B6164BD3E90267D9
:10521000B042B94104D282F3108803B0BDE8F083F4
:105220004FF0FF384FF0FF39C3E90289D3E900108E
:105230001D604FF48033C4F84833C4F84051D4F8AB
:10524000403182F310880029E7D0009032463B4677
:1052500028468847E1E700BF001001406062002057
:1052600058620020203C00202DE9F84F4B4DBFF341
:105270005B8F06460F4655E8008F28F0010345E88E
:105280000032002AF7D1BFF35B8F454C4FF48039D1
:10529000C4F80893BFF35F8FBFF36F8FFFF760FF12
:1052A000B04271EB070308F0010840D23D4B301AC1
:1052B00067EB0101984271F100014CD23A4BD3E9FE
:1052C00002239F4208BF96423ED04FF0000CC4F824
:1052D0004893C4F840C126F07F40D4F84031DFF84D
:1052E000CCA0834603216FF0020E2BF07F43C4F85D
:1052F0004035C4F84493D4F80425AEEB02035B4474
:1053000023F07F4353451FD9D4F840315BB1D4F823
:105310000425131A23F07F43B3F5000F14D9C4F802
:1053200040C1D4F8403101EB020B0131DDE7204BE5
:10533000BFF35B8F53E8001F41F0010143E8001207
:10534000002AF7D1BFF35B8F174B1A4A1A60C3E9E3
:10535000026700225A60B8F1000F1CD0BFF35B8FC8
:1053600055E8003F43F0010345E80032002AF7D139
:10537000BFF35B8F4FF48033C4F804330C4BBFF39F
:105380005B8F1B68BFF35B8FDB0742BF0A4B4FF499
:105390000032C3F80021BDE8F88F00BF5C62002036
:1053A0000010014001008000203C0020FDFF7F0034
:1053B000586200201951030000E100E070B5194C5B
:1053C000194BC4F80833C4F84833184B00254FF084
:1053D000FF304FF0FF31C4F80855C3E902014FF424
:1053E0008033C4F80433124B02264FF40032C4F861
:1053F00004630121C3F8802111202A46E8F76CFBE1
:105400001120E8F739FB01230A4AA3600021236039
:1054100009481360FFF728FF3046FEF74DFF284686
:1054200070BD00BF0010014003000F00203C0020B1
:1054300000E100E05C620020FFFF7F00431C10B52C
:105440000F4C05D08442A8BF0446012CB8BF0124EC
:10545000FFF786FE0B4AD2E90031C01AB0F5000F03
:10546000074A0AD22044904228BF1046C018BDE81F
:10547000104041F10001FFF7F7BE1046F6E700BF0C
:10548000FFFF7F00303C002008B5FFF769FE024BAC
:105490001B68C01A08BD00BF303C00202DE9F04158
:1054A00012F0FC6FD0E90147066913460AD036496D
:1054B00036484FF4747207F0A4F94FF4747132480F
:1054C00007F096F902F03002302A08D12E492F4811
:1054D00040F2D33207F095F940F2D331EFE72C4A8E
:1054E0002C4D1A40AA4208D12749284840F2D73209
:1054F00007F087F940F2D731E1E703F00602042A0A
:1055000008D12149214840F2DA3207F07AF940F215
:10551000DA31D4E713F4402212D09D0308D41A499B
:105520001A4840F2DD3207F06CF940F2DD31C6E78F
:10553000B2F5402F14D0184A9A4301D183F4402386
:10554000246801258D40254223F4801211D10E4993
:105550000E4840F2ED3207F054F940F2ED31AEE77B
:1055600009490A4840F2E13207F04BF940F2E131D3
:10557000A5E73468DB074CBF2C43AC4334603B6881
:10558000BDE8F041184700BF3EAF0400A45204003C
:1055900002000300020001000100100070B58368E2
:1055A00046689C690569002C52D002F4C003B3F52B
:1055B000C00F0AD12849294840F2733207F021F977
:1055C00040F27331244807F013F943B922492348C4
:1055D00040F2773207F015F940F27731F2E702F046
:1055E000E863B3F1C86F08D11B491C4840F27A3216
:1055F00007F007F940F27A31E4E702F0C863B3F547
:10560000800F08D11449154840F2813207F0F9F8AB
:1056100040F28131D6E7366801238B40334208D10E
:105620000D490E4840F28B3207F0EBF840F28B3117
:10563000C8E7160204D52D682B4218BF82F0C0625D
:10564000074BA4461340BDE8704002F0B0726047BB
:105650006FF0570070BD00BF3EAF0400A4520400BD
:105660004000000610B5012303FA01F14368046904
:105670001B6819420AD10C490C484FF4CB6207F061
:10568000C0F809484FF4CB6107F0B2F8236819421B
:1056900003D022B183681B6903E0002AFAD0836833
:1056A000DB68BDE8104018473EAF0400A452040078
:1056B00008B5034903480DF0E8F96FF0150008BD7F
:1056C0006FAF0400143B040008B5034903480DF014
:1056D000DCF9002008BD00BF8AAF0400143B0400C1
:1056E0002DE9F74300241C4E25464FF00108306891
:1056F000377943681B6808FA07F71F420AD1174930
:10570000174840F2FF5207F07CF8144840F2FF516E
:1057100007F06EF8D0F81090836801A95B6898478D
:1057200000280CD012DB08FA05F31C430135042DC8
:1057300006F10806DBD1204603B0BDE8F083D9F8B6
:105740000020019B53403B42F0D0ECE703B0BDE8A2
:10575000F043FFF7B9BF00BFE04E04003EAF0400C6
:10576000A45204002DE9F041114E07468846002559
:1057700027FA05F212F0010210D128FA05F3DB072F
:105780000ED531793068FFF76DFF044640B1094905
:1057900009480DF07AF92046BDE8F0810122F0E7D2
:1057A0000135042D06F10806E2D10024F3E700BF1D
:1057B000C04E04009FAF0400143B04002DE9F843E1
:1057C000154DDFF85880DFF8589007460026286806
:1057D000AFB1404516D0484514BF4FF0E8624FF0D6
:1057E00098622979FFF7DAFE044670B10D4A034644
:1057F00001210D4807F009FD2046BDE8F8834FF46C
:105800000012EEE74FF09862EBE70136042E05F147
:105810000805DCD1F0E700BFE04E040024370400A7
:1058200010370400B5AF0400143B040070B5044603
:10583000EFF31186402383F31288BFF36F8F1E4866
:1058400005F04EF840B91D491D48882206F0D9FFE1
:1058500088211A4806F0CCFF1A4D174805F064F865
:105860002B78BBB9184B9C4202D0184B9C420AD1F2
:105870000020FFF7A3FF18B1154916480DF005F9F0
:10588000154B00221A7001232B701448212200238B
:1058900003F0C6FE084805F031F840B9074908484A
:1058A00040F2311206F0ADFF40F23111D1E786F33C
:1058B0001188BFF36F8F70BD88620020C45304004D
:1058C000A4520400BF6600202437040010370400EF
:1058D000D5AF0400143B0400BE660020403C00200D
:1058E0002DE9F041464F3B7853B10020FFF766FFAA
:1058F00028B144494448BDE8F0410DF0C6B83870BD
:10590000FFF7EEFEBFF35B8F404B044653E8002FDA
:1059100043E800410029F9D1BFF35B8F3C4BDFF82E
:10592000F4801A7842BBD8F80060A64219D03A4BEE
:105930001B6866400BB1314698474FF0FF3337483C
:105940004FF0FF3202F0F4FE354B1D6835B1043DD7
:1059500031462B68204698476D68F7E72F4802F0DC
:105960009DFFC8F8004054B1BDE8F0412D484FF408
:10597000A472002303F054BE00221A70F1E7EFF383
:105980001186402383F31288BFF36F8F264804F0FB
:10599000A7FF40B925492648882206F032FF882112
:1059A000224806F025FF204804F0BEFF214B1D7859
:1059B000012D12D01C4804F0A1FF40B91B491C481E
:1059C00040F2311206F01DFF40F23111E8E786F394
:1059D0001188BFF36F8FBDE8F08128461C70FFF778
:1059E000EDFE044610483D7004F088FF0028E5D025
:1059F00086F31188BFF36F8F002CECD00E4979E746
:105A0000BE660020F1AF0400143B04009862002041
:105A1000A4180020686200209C6200206C620020B4
:105A200080620020403C002088620020C4530400B3
:105A3000A4520400BF6600200AB0040070B50D4CEB
:105A40000026E2882068217942F40032FFF726FD23
:105A5000054648B90136042E04F10804F1D1BDE829
:105A600070400F21FFF77EBE034904480DF00DF88A
:105A7000284670BDC04E040022B00400143B040050
:105A800010B504464FF0FF324FF0FF33094802F0E3
:105A90004FFE00236360084B5968221D31B9C3E9EA
:105AA00000220448BDE8104002F0F8BE0A605A60C7
:105AB000F7E700BF6C6200208062002038B5054621
:105AC0004FF0FF324FF0FF33134802F031FE134B1B
:105AD0001A68281D00212AB90F4802F0DFFE6FF076
:105AE00001000EE0904213D16A6859B959681A60F2
:105AF000884200D15A6000246C60074802F0CEFE54
:105B0000204638BD0A605A68904208BF5960F2E7E3
:105B100011461268DFE700BF6C620020806200203F
:105B2000074BBFF35B8F1B68BFF35B8F00B1036054
:105B3000044811B102685A400A600360704700BF10
:105B400098620020646200202DE9F8433B4B186006
:105B50003B483C4D0DF0C3FA2E464FF000082F464F
:105B6000F2883068317912F0010F14BF102320231E
:105B70001A4342F48032FFF791FC044630B13249B7
:105B800032480CF082FF2046BDE8F88308F1010896
:105B9000B8F1040F06F10806E2D1064680464FF040
:105BA0000109286829794FF40012FFF7F7FC044631
:105BB00008B12749E4E72B7908F1010809FA03F352
:105BC000B8F1040F46EA030605F10805E9D1DFF84C
:105BD0008480214BC8E90136054657F835008368B3
:105BE000DB6933B1012241469847044620B11B4985
:105BF000C6E76FF05704FAE70135042DEDD11849D7
:105C0000184803F01FFC184B164801221A70002395
:105C1000002203F09FFC21462046FFF781FFFFF79B
:105C20005FFDBFF35B8F114B53E8002F43E800018A
:105C30000029F9D1BFF35B8FA5E700BF9C6200206C
:105C40006C620020E04E04003CB00400143B0400F1
:105C500059B004008C6200202D58030074B0040079
:105C6000E1580300403C0020BF66002098620020FD
:105C7000032810B50A4603D9BDE81040FFF718BD48
:105C8000074B03EBC00153F830000979FFF7EAFC3A
:105C9000044618B1034904480CF0F7FE204610BD35
:105CA000C04E04009FAF0400143B040002460B46A4
:105CB000014802F03DBD00BF001A0020014802F07B
:105CC000EDBD00BF001A002008B5E6F7B5F804489E
:105CD000044A012107F090FA0020E7F7FBFD00BF1E
:105CE0001C3B04009CB0040010B503460A460D4856
:105CF00081680C6844B90C490C485B2206F081FDB0
:105D000009485B2106F074FD1946A04748B10849CF
:105D100006484FF4227206F074FD05484FF42271D4
:105D2000F0E710BD38370400B9B00400A4520400F5
:105D3000EDB0040008B5084908480DF06EFA0028D7
:105D400008DA07490748302206F05BFD0448302195
:105D500006F04EFD08BD00BFA462002030510020B7
:105D600026B10400A452040098B500AF6C468AB076
:105D70006A460D4BD161C2E905304FF400731384BC
:105D80000A4B42F8103F0A4800234FF41151E6F73E
:105D900095F90023A54683F31188BFF36F8F032382
:105DA000184602DFBD4698BD4FB104000400000153
:105DB000E43A0400F0B589B0064600AF33480D461A
:105DC000334903F04FF900F093FE07F10C00CBF7D5
:105DD00025F86C4688B06A462E4B53612E4B936172
:105DE0004FF4007393832D4B42F8103F2C492D48FC
:105DF00007F10C03E6F762F9A5462B480DF01DF9F3
:105E000050B92A4A2748012107F0F6F96FF0120429
:105E100020462437BD46F0BD254B7B60381DCBF7AF
:105E200079F8034638B1234A1E48012107F0EDF9FD
:105E30006FF01504ECE74FF0FF304FF0FF31FFF744
:105E400035FF04460028E3D11B491C48CAF7A4FFCC
:105E5000044610B1FFF732FFDAE741F64C5307F181
:105E60000800BB60DFF799FC20B1FFF727FF6FF058
:105E70008504CDE7012338463B70DFF786FC002818
:105E8000F3D1FFF71BFF33691D60C1E7A462002057
:105E90003B2B04003BA4040074B104000300000188
:105EA000C01C4001E43A0400383704009BB10400F0
:105EB000E95C0300BBB10400703C0020355D0300C9
:105EC00010B53D4886B0CAF759FECAF7B9FF18B1F8
:105ED0006FF0850006B010BDCAF7C6FF0028F7D1E5
:105EE000CAF7D6FF0028F3D1CAF7EAFF0028EFD19E
:105EF000CAF7F4FF0028EBD1CAF7FEFF04460028DA
:105F0000E6D103AA01218DF80C00CAF783FE002810
:105F1000E0DB012303AA022120468DF80C30CAF7EA
:105F200079FE0028D6DB082303AA07212046ADF816
:105F30000C30CAF76FFE0028CCDB204B039303AA7A
:105F400003212046CAF766FE0028C3DB052403AA06
:105F5000042100208DF80C40CAF75CFE0028B9DB54
:105F60001F2303AA06210020ADF80C30CAF752FE09
:105F70000028AFDB032303AA214600208DF80C3054
:105F8000CAF748FE0028A5DB41F28D43984210DD98
:105F90000B4A009001210B4807F041F9002383F3DD
:105FA0001188BFF36F8F0423184602DF6FF00B00D8
:105FB00090E700208EE700BF695D030025250302FE
:105FC000DFB10400E43A04007FB54FF0FF304FF03A
:105FD000FF31FFF76BFE00287FD1414D0DF10F011E
:105FE000284600F035FC0446FFF768FE002C74D10B
:105FF0009DF80F30042B3BD128783E2815D0FF2880
:1060000023D04FF0FF324FF0FF332146E8F740FE38
:10601000064600BB24B9334A3348012107F0ECF8A7
:1060200004B0BDE87040FFF785BEAB78022B08D006
:106030000D2BE6D1E9780129E3D1AC8814F01004E6
:10604000DFD0002200230124DFE7AB7803F0FD035B
:10605000802BD6D1F5E76A782149023206F10C008F
:1060600008F00EFE214B22481B6831469847D7E7BF
:10607000022B0AD14FF0FF324FF0FF330320E8F735
:10608000E3FD064658B91B4AC6E7082B1FD14FF05F
:10609000FF324FF0FF330520E8F7D6FD06466B8848
:1060A0000433B3F5817F0FD94FF4817200920E480B
:1060B000114A012107F0B3F884F31188BFF36F8F01
:1060C0000423184602DFABE71A462946C6E70B4A07
:1060D0000548012107F099F8A2E704B070BD00BFA0
:1060E000C066002001B20400E43A0400A06200206F
:1060F000883704001BB2040034B2040054B2040018
:10610000F7B5624D2B780446002B40F097830423AB
:106110008DF807305E4B06881F68B7B10DF1060396
:106120000DF10702691CB84701280ED09DF8063012
:10613000002B40F06B819DF80730AB700E220123DD
:106140006A70EB70AE80A87169E1B6F5105F4FEA36
:1061500096230AD2002B44D0013B072B08D8DFE856
:1061600003F009072D4E0707079B3F2B00F03B82EA
:10617000012034E0204640F2064230F9033B9342CE
:106180000FD040F21D42934215D0012040F2064349
:106190009E4200F03B8140F21D439E4200F036815A
:1061A0001DE0DFF776FB42F264039E4240F21C835F
:1061B00042F2850300E1DFF76EFBF4E7204640F68C
:1061C000034230F9033B93420DD040F62D429342F7
:1061D0000CD040F60142934203D1DFF7C6F9012803
:1061E000A9D1012012E1CAF76DFFF8E79DF8073049
:1061F000284903338DF80730DFF7BCF9EFE7238830
:10620000A3F58053013B082BEBD801A252F823F0F1
:1062100035620300476203005B620300E361030031
:10622000E3610300E3610300E3610300E361030052
:106230007B6203009DF80730164808338DF807305D
:10624000DFF7CAFACBE79DF80730124840338DF8E4
:1062500007300CF074FC00206DE79DF80730083320
:106260008DF807300B4B00221A605A60EB7A23F04E
:10627000600343F06003EB72EDE79DF807300548DB
:1062800006338DF80730DFF7A9FAA8E7C2670020C8
:10629000B4620020C9670020204630F8033BA3F514
:1062A0000053013B7B2B7DD8DFE813F09100990070
:1062B000A2007C00BE00C100C400CD00D000D3000D
:1062C000D900DC007C007C00DF00E800EB00EE0081
:1062D0007C00F100F400FD00000109017C001201C6
:1062E0001B0124017C007C007C007C007C002E01D2
:1062F00037014001430146017C007C007C007C00AA
:106300007C007C007C007C004C017C007C007C00DC
:106310007C007C00550158016101640167016A013C
:1063200073017C017F017C007C007C00820185017F
:106330007C007C007C007C007C007C007C007C007D
:10634000880191019A017C007C007C007C007C002B
:106350007C007C007C007C007C007C007C007C005D
:106360007C007C007C0049017C007C007C007C007F
:106370007C007C007C007C007C007C007C007C003D
:106380007C007C007C007C007C007C007C007C002D
:106390007C007C007C007C007C007C007C007C001D
:1063A0007C00D60042F264039E423FF41AAF40F2F2
:1063B0002A8242F2850301209E423FF610AF42F24C
:1063C00067039E4200F2218242F26603E5E6DFF7B0
:1063D00007FA42F264039E427FF4E5AE16E09DF8B0
:1063E0000730D14803338DF80730DFF7FEF9F0E7C7
:1063F0009DF80730CC4808338DF807300CF0DBFBF4
:1064000042F264039E4240F0E78100200F236B704C
:106410000423AB700123E8702B71A5F805600123FC
:106420002B70002003B0F0BDDFF7E1F9D1E7DFF713
:10643000E0F9CEE79DF80730BB4801338DF807300F
:10644000DFF7D9F9C5E7DFF7D8F9C2E7DFF7D7F902
:10645000BFE7DFF7D6F9BCE7DFF719FAB9E7DFF7EF
:10646000D2F9B6E7DFF7D1F9B3E79DF80730AE48C8
:1064700001338DF80730DFF7CAF9AAE7DFF7C9F96A
:10648000A7E7DFF7C8F9A4E7DFF7C7F9A1E7DFF768
:10649000C6F99EE79DF80730A34907338DF807300A
:1064A000DFF7BFF995E7DFF7BEF992E79DF8073010
:1064B0009D4910338DF80730DFF7B7F989E79DF86C
:1064C0000730994808338DF80730DFF7B0F980E7D7
:1064D0009DF80730944902338DF80730DFF7A9F9AA
:1064E00077E79DF80730904902338DF80730DFF7E2
:1064F000A4F96EE79DF8073008338DF80730BF2305
:10650000EB71C023EB727BE79DF8073086490233BD
:106510008DF80730DFF795F95BE79DF80730824883
:1065200004338DF80730DFF78EF952E7DFF78DF986
:106530004FE700F0E5FA4CE70CF054FB49E70CF0AC
:1065400054FB46E79DF80730774808338DF807304D
:10655000DFF77DF93DE7DFF77CF93AE79DF8073093
:10656000714901338DF80730DFF775F931E7DFF74F
:1065700074F92EE7DFF773F92BE7DFF772F928E7F5
:106580009DF80730684802338DF80730DFF76BF964
:106590001FE79DF80730644801338DF80730DFF7B7
:1065A00064F916E7DFF763F913E7DFF762F910E73D
:1065B000DFF761F90DE7DFF760F90AE79DF80730CB
:1065C000594802338DF80730DFF759F901E79DF894
:1065D0000730554804338DF80730DFF752F9F8E6F5
:1065E000DFF751F9F5E620464FF60B4230F8033B52
:1065F000934223D8B3F57C4F01D801206EE0A3F578
:106600007C43013B0A2BF8D801A252F823F000BFCB
:10661000CD660300E9660300FB650300FB6503002C
:10662000FB6503003F670300FB650300FB65030098
:10663000156703002D6703004567030003F54072EB
:1066400092B21D2AD9D8A3F57D431D2BD5D801A21E
:1066500052F823F057670300856703008B67030038
:1066600091670300976703009D670300FB650300C4
:10667000FB650300FB650300A3670300FB650300E4
:10668000FB650300A9670300FB650300FB650300CE
:10669000FB650300FB650300FB650300FB6503006E
:1066A000FB650300AF670300FB650300C1670300E0
:1066B000FB650300FB650300FB650300FB6503004E
:1066C000C7670300CD670300D36703009DF8073059
:1066D00015480C338DF80730DEF74EFF26F008031F
:1066E0004FF60252934259E59DF8073040338DF83A
:1066F00007300D4B00221A80EB7923F0230343F07F
:106700002303EB712B7A23F0070343F007032B726B
:106710000020E3E79DF80730034817338DF8073072
:10672000DEF746FFDAE700BFC96700209DF80730B3
:10673000444820338DF80730DEF78CFFCEE7DEF7D4
:1067400035FFCBE79DF807303E4801338DF8073021
:10675000DEF7D1FFC2E79DF8073040338DF80730F0
:10676000384B00221A60EB7923F03F0343F03F03DC
:10677000EB712B7A43F080032B726B7A63F03D034D
:106780006B72C5E7DEF7CDFFA8E7DEF7CCFFA5E724
:10679000DEF7FBFFA2E7DEF7FAFF9FE7DEF7FDFF7C
:1067A0009CE7DEF7FCFF99E7DEF7FDFF96E79DF833
:1067B0000730244904338DF80730DEF7F6FF8DE704
:1067C000DFF702F88AE7DFF701F887E7DFF700F87D
:1067D00084E7DEF7FFFF81E705D942F285039E4299
:1067E0002AD90020FBE4002042F226039E4217D85B
:1067F00042F20C039E427FF6C9ACA6F500530D3B56
:10680000114A9BB206E00120EEE7A6F50153283BB2
:106810000E4A9BB222FA03F3DB077FF5E0ACF5E505
:1068200042F232039E423FF4F1ADA6F50153033B21
:10683000012B3FF6D4ACE9E50020C0E54FF0FF3076
:10684000F0E500BFC9670020411200032F804020FF
:1068500038B5094C23780D461BB9BDE83840DEF742
:1068600074BEA278611C02320CF042FE00200423A8
:1068700020702B7038BD00BFC267002070B506467F
:106880000C460D4D28460CF0D8FB88B1A2B2AB687F
:106890001B6843B909490A485B2205F0B2FF074863
:1068A0005B2105F0A5FF31462846BDE8704018473A
:1068B0006FF0120070BD00BF38370400B9B004009B
:1068C000A452040008B5084908480CF0A6FC0028AA
:1068D00008DA07490748302205F093FF04483021C1
:1068E00005F086FF08BD00BFB862002030510020CF
:1068F00026B10400A4520400884208B501F1200327
:106900000CD998420FD20C490C4840F2B12205F044
:1069100078FF094840F2B12105F06AFFF3D000F199
:1069200020029142EEE7013813F8012D00F8012F03
:106930008B42F9D108BD00BFFCA30400A45204009F
:106940001E4B1F4903F12002002808BF194670B5ED
:10695000104604F04BFE034650B31A4A1A48012170
:1069600006F053FC12244FF0FF324FF0FF330120AA
:10697000E8F76AF900F10C06022105463046E7F710
:106980008DFE3E2303702223437001213046E7F73A
:1069900085FE0923037021213046E7F77FFE00F8CA
:1069A000014B3CB12022FF210CF0B0FD284670BD08
:1069B0000446D8E70549FFF79FFFF7E7C5680020C1
:1069C000E9B20400B8B20400DC3A0400E568002033
:1069D0002DE9F0413E4CBFF35B8F2368BFF35B8F23
:1069E000022B27465BD0042B5ED0012B5ED1394CA5
:1069F000394E20212046FFF741FF002844D12022B4
:106A0000314620460CF08AFD0028F2D0334821465A
:106A100004F0D8FD05460028EBD14FF0FF324FF0CF
:106A2000FF330120E8F710F900F10C0602210446BB
:106A30003046E7F733FE3E230370422343700121C3
:106A40003046E7F72BFE0823037041213046E7F775
:106A500025FE064600F8015BC5B1402200210CF07E
:106A600055FDBFF35B8F002357E8002F47E8003147
:106A70000029F9D1BFF35B8F44B31948036921465C
:106A80001B68BDE8F04118471F25C6E71349FFF70B
:106A900033FF144906F12100FFF72EFFE1E7002044
:106AA000FFF74EFF0446DCE70120F9E70E4A0F48E6
:106AB000022106F0A1FBBFF35B8F002354E8002FF7
:106AC00044E800310029F9D1BFF35B8FBDE8F081C4
:106AD000C8620020C5680020E9B20400E568002013
:106AE0008837040005690020D9B20400DC3A0400AC
:106AF0000149024802F0B6BADF2B0400B862002058
:106B000008B50A4BBFF35B8F012253E8001F002931
:106B100003D143E800200028F7D1BFF35B8F03D1F6
:106B2000FFF7D0FE002008BD0C20FCE7C862002063
:106B300010B50029104BBFF35B8F04460CBF022237
:106B4000042253E8001F002903D143E80020002855
:106B5000F7D1BFF35B8F0CD108482146FFF7CCFE7D
:106B6000074804F12001FFF7C7FEFFF7ABFE002046
:106B700010BD0C20FCE700BFC8620020E5680020C3
:106B80000569002000F03F033F2B4FEA90101DBF26
:106B9000034A52F8200058434FF0FF30704700BFBF
:106BA0000C4F040030B5044685B010B1431C02D12F
:106BB0003F2005B030BD104B0FCB6D4685E80F0070
:106BC000002355F8042BA24203DA0133042BF8D139
:106BD000EEE70A4A52F8232004EB5200B0FBF2F031
:106BE000C0B2012838BF01203E2828BF3E2040EA1D
:106BF0008310C0B2DDE700BFB83D04000C4F0400B5
:106C000008B5054B054800221A7002F00FFDBDE8DB
:106C100008400348FEF752BF3569002000510020AC
:106C2000CC620020064808B5064B0360FEF728FF3B
:106C3000054B00201860054B02221A7008BD00BFEA
:106C4000CC620020B16C0300D462002035690020C2
:106C500008B50146024805F0BEFD002008BD00BF92
:106C600021B30400082808B504D10C4805F0B3FD91
:106C7000002008BD01280DD1094A4B001360094BC3
:106C800000221A60084B002218700023074802F007
:106C9000C7FCEDE76FF08500EBE700BF31B3040000
:106CA000DC620020D86200203569002000510020FD
:106CB000084210B517D00C4B1868421C1A6000F03F
:106CC00007000123011F03FA00F003FA01F100F0AD
:106CD0000F000BF0DEFEBDE8104004484FF4C03258
:106CE000002302F09DBC10BDD462002000510020A2
:106CF00010B51B4C2078012806D0022822D068BB92
:106D0000BDE810400BF0CEBE164C236813F0010F07
:106D100003F101020CBF0F20002022600BF0C2FE25
:106D2000114B22681B6811489A4204BF002323605C
:106D3000BDE810400CBF4FF4C0324FF400520023A6
:106D400002F06EBC0A48FEF7B9FE00200BF0AAFE66
:106D5000084B1868FAF710F90023237010BD00BF24
:106D600035690020D8620020DC620020005100203C
:106D7000CC620020D462002008B5114810210BF02D
:106D80000EFE0F4B02460F2A11D99A790D490E4873
:106D900002F00F0242F040029A711A7A02F03F02AA
:106DA00062F07F021A7202F04DFB084808BDB2FB88
:106DB000F0F100FB1121595CC94399540132E2E71B
:106DC00025690020F16C030000510020484F0400A9
:106DD00037B53223ADF80430154A002301251921B7
:106DE00068468DF80630ADF800508DF80230DDF7BA
:106DF00061FB0446C0B94FF4AF60E2F714FC0D48E4
:106E00002946E2F7CCFC044670B901462A46082020
:106E1000E6F762FE2A4621460B20E6F75DFE2A468B
:106E200021462846E6F758FE204603B030BD00BF95
:106E3000A56E0300E062002008B54FF0FF304FF070
:106E4000FF31FEF733FF40B107490848B42205F08F
:106E5000D8FC0548B42105F0CBFCE2F768FDBDE89D
:106E60000840FEF72BBF00BF51B30400A45204003A
:106E700008B5084908480CF0D0F9002808DA074995
:106E80000748302205F0BDFC0448302105F0B0FC75
:106E900008BD00BF106300203051002026B104005F
:106EA000A452040098B500AF6C468AB06A460D4BF8
:106EB000D161C2E905304FF4007313840A4B42F8E4
:106EC000103F0A4800234FF41151E5F7F7F800236B
:106ED000A54683F31188BFF36F8F0323184602DFA3
:106EE000BD4698BD7EB30400040000015C3B040075
:106EF00037B50D4D0D49002400946FF009034FF490
:106F00008062284602F038FA094928460CF09DF9BB
:106F10000849094802F0A6F8224604211920E6F79C
:106F2000DBFD204603B030BD30510020008E002034
:106F300092B30400396E030010630020014B00205F
:106F40001B6818472063002010B530B101280AD112
:106F5000BDE810400848DAF76BBC084BBDE81040AC
:106F60001B6801201847064906481C2205F049FC09
:106F700003481C2105F03CFC3D6F0300206300200A
:106F8000A6B30400A452040008B570B1012803D1CF
:106F9000BDE80840DAF75CBC044905482A2205F040
:106FA00030FC02482A2105F023FC08BDA6B30400EA
:106FB000A4520400014B1860014870472063002070
:106FC0000000AD0B10B5284C237E834208D0274922
:106FD0002748552205F015FC5521244805F008FCEA
:106FE000BFF35B8F236CBFF35B8F13BB092934D8CE
:106FF000DFE801F0053333333321211C331F236ACB
:10700000D3E900209047012805D00223E06384F8EB
:10701000343018480EE047F230532363032384F8DA
:107020003430154B84F82900A363F2E70E4801F0D1
:1070300089FD002010BD002384F829300E490F4B34
:10704000207E2363E2F7ECFB0028F2D007490848D2
:107050004D2205F0D6FB4D21BFE7044904488122AB
:1070600005F0CFFB8121B8E724630020E3B30400DF
:10707000A45204005863002048630020FF3F420FE1
:107080000248012200210CF063B800BF24630020F5
:10709000014BD861704700BF2463002070B54FF0EA
:1070A000FF3106464FF0FF30FEF700FE054640B1C7
:1070B00049494A48AD2205F0A4FBAD21464805F0F8
:1070C00097FB47494748DAF715FD0446FEF7F6FDFA
:1070D000002C08DA4448454A2346012106F095F879
:1070E0006FF00B0070BD424C40F201132385E36941
:1070F000266203F57A73E36247F2305323636FF03D
:10710000730384F82450E36304F14006BFF35B8FFC
:1071100056E8003F46E80052002AF9D1BFF35B8FE2
:10712000A36833B12C492D48C32205F06AFBC32163
:10713000C4E74FF0FF304FF0FF31FEF7B7FD30B13D
:1071400025492648C62205F05CFBC621B6E7207E0D
:1071500004F12401E2F764FB30B11F491F48C82243
:1071600005F04FFBC821A9E7FEF7A8FD214A00233F
:10717000204601F021FD00280FDA1F4A1A4801219C
:1071800006F03AF8BFF35B8F012356E8002F46E87C
:1071900000310029F9D1BFF35B8F4FF0FF304FF082
:1071A000FF31FEF783FD30B10B490C48D32205F0C7
:1071B00028FBD32182E7207EE2F714FBFEF77EFD59
:1071C000BFF35B8F236CBFF35B8F13B1084801F0F3
:1071D00053FDE06B86E700BFE3B30400A452040054
:1071E0003C630020C56F0300343B04001DB4040061
:1071F00024630020447B0B0059AA0400074B0122A2
:107200001A64D3F84035B3FBF0F01844044BDB6943
:10721000984234BF00200120704700BF008000402A
:1072200024630020024AD2F80034002BFBD07047C0
:1072300000E0014010B54FF08053D3F830210D2A03
:1072400055D14FF080410022C1F80C21C1F8102126
:10725000C1F83825464AD3F80404C2F82005D3F80B
:107260000804C2F82405D3F80C04C2F82805D3F8A2
:107270001004C2F82C05D3F81404C2F83005D3F872
:107280001804C2F83405D3F81C04C2F84005D3F83A
:107290002004C2F84405D3F82404C2F84805D3F802
:1072A0002804C2F84C05D3F82C04C2F85005D3F8D2
:1072B0003004C2F85405D3F83404C2F86005D3F89A
:1072C0003804C2F86405D3F83C04C2F86805D3F862
:1072D0004004C2F86C05D3F84434C2F87035D1F8D4
:1072E0000034DB0709D56FF00103C1F800344FF01B
:1072F0008053D3F830310D2B0CD14FF08053D3F89D
:1073000034313BB14FF01023D3F808224FF08043C3
:10731000C3F858254FF01023D3F80022002A03DBCE
:10732000D3F80432002B22DA124901234FF0102047
:10733000C1F804351224FFF775FFC0F80042FFF7CB
:1073400071FFC0F80442FFF76DFF0023C1F8043558
:10735000FFF768FFBFF34F8F0749084BCA6802F475
:10736000E0621343CB60BFF34F8F00BFFDE710BD5A
:1073700000C0004000E0014000ED00E00400FA051C
:1073800030B50468CCB1BFF35B8FB4FA84F3C3F1BA
:107390001F03DBB201229A4024EA020250E8005F98
:1073A000A54204D140E8002CBCF1000FF6D1BFF398
:1073B0005B8FE6D102480B7030BD0248FCE700BF8E
:1073C0000000AD0B0200AD0B10B50368CB40DB072E
:1073D00014D401238B400268BFF35B8F43EA0201A0
:1073E00050E8004F944204D140E8001CBCF1000F6B
:1073F000F6D1BFF35B8FEED1014810BD0148FCE729
:107400000000AD0B0400AD0B014BC3F80405704741
:1074100000F00140034A430900F01F00D35C184408
:10742000C0B27047C6B4040008B5026801461046F1
:107430000BF035FD50B9104910484FF46C7205F04F
:10744000E0F94FF46C710C4805F0D2F902F01F031B
:1074500052090B600AD0012A0BD00749074840F2B5
:10746000B93205F0CEF940F2B931ECE74FF0A04067
:1074700008BD0348FCE700BF7EAE0400A452040030
:1074800000030050072808B50AD90749074840F209
:10749000AA3205F0B6F9044840F2AA3105F0A8F97D
:1074A000800000F5807008BD53B40400A4520400AD
:1074B00070B50546FFF7AEFF0C4C08300E4634F8A9
:1074C0001030DA0508D5C3F3432304EBC302284682
:1074D00054F8333052689847A3682BB1E2683146BC
:1074E0002846BDE87040184770BD00BFB0170020A7
:1074F00008B5FFF78FFF034B083033F81000400B3F
:1075000008BD00BFB017002008B5FFF783FF034B8D
:10751000083033F81000C0F3400008BDB017002059
:1075200008B5FFF777FF044B083033F8100010F070
:107530001C0018BF012008BDB017002008B5FFF7D8
:1075400069FF034B083033F81000C0F3401008BD4A
:10755000B0170020034611F0010010B5CCB20DD1D8
:10756000A207C4F3400012D5094AD2F8200558609A
:10757000C2F82005003818BF012008E04FF0A041F4
:10758000D1F820251A60C1F82025002AE8D010BDC6
:107590000003005010B5FFF73DFF184A083032F8DD
:1075A0001030D9051DD5C3F3432123F4F85322F835
:1075B000103002F10E04002034F8023F13F4807FF3
:1075C00003D0C3F3432399420BD001302A28F3D1CF
:1075D00000230B4842F83130FFF7F6FE094B984282
:1075E00000D110BD084909484FF4DC7205F009F9D3
:1075F00005484FF4DC7105F0FBF800BFB017002020
:107600001C1800200000AD0B88B40400A452040034
:107610002DE9F843002407460E4625464FF00108A1
:10762000A146B5420DD1124BD3F87C2132B10022D4
:10763000C3F87C21D3F87C3144F000442046BDE8F7
:10764000F883E8B2FFF71EFFA0F58072920808FAEF
:1076500002F2174209D000F1804303F5C0431968D4
:1076600019B1C3F800901B6814430135D9E700BF76
:1076700000600040F7B506460846FFF7CBFE194FFD
:1076800000F108050C4637F81530DB0727D53046E2
:107690000BF07EFC2046FFF751FF40B12046FFF77C
:1076A00027FF316800F5A270002341F82030204602
:1076B000FFF770FF002301A827F815300194FFF7AA
:1076C000B3FE019B00EB8300074BD0F8002713406B
:1076D00043F00203C0F80037044803B0F0BD04488B
:1076E000FBE700BFB0170020F0F8FCFF0000AD0B77
:1076F0000400AD0B2DE9FF41164680460846FFF712
:1077000089FE37680D460446E7B108460BF035FCA4
:1077100008BBCDE900008DF80E008DF80F003B4648
:107720000DF10F020DF10E0128460BF0CAFB474A7E
:1077300004F1080132F8113023F0020343F0010391
:1077400022F81130736863B328461F785968FFF731
:10775000DBFE10B1D1B13E4826E03C4A04F10800FE
:1077600032F8103023F02003DB04DB0C22F8103059
:1077700061B1032FEFD87168496891F800C0D8F85B
:107780000010A7B90CF5A27C41F82C702F4A04F127
:10779000080132F8113023F01C0343EA870322F872
:1077A0001130B3684BBB2B4804B0BDE8F08101EB4E
:1077B0008C0143EA4C33D1F810E52EF0030EC1F8EA
:1077C00010E5D8F8001001EB8C0E43F02003DEF832
:1077D000101522F8103021F44F3121F44071CEF809
:1077E00010152902DEF8108501F47C5141EA0741A9
:1077F00041EA0801CEF81015C8E7D3E9006728462A
:10780000FFF7C8FE002ECED0104DD5E900239642DA
:1078100003D19F4201D1002209E00F480DF10F0171
:10782000FFF7AEFD0B4B9842BED19DF80F2045F8F7
:10783000326005EBC20308345F6035F8143043EA68
:10784000422343F4807325F81430ACE7B0170020CE
:107850000400AD0B0000AD0B1C1800202DE9FF410A
:107860000C468046204611461E46FFF7D3FD0546CE
:1078700021B32046FFF748FE18B92046FFF75EFE09
:1078800010BB2046FFF74CFE10B14B78012B1BD0EC
:1078900001238DF80F300023CDE900134A1C8B1C07
:1078A00020460DF10F010BF00CFB274A05F10801F2
:1078B00032F8113043F0030322F81130002E41D08A
:1078C0002046FFF721FE18B9204804B0BDE8F0813A
:1078D00096F800C0D8F800301B4F0CF5A2720021BA
:1078E00043F8221005F1080237F8121021F02001A8
:1078F000C904C90C27F8121075781DB3D8F8000018
:10790000B67800EB8C002D04D0F8103523F49913D1
:1079100023F4F853C0F81035230203F47C5305F424
:1079200040353605D0F810E52B4306F4801641EAC1
:107930004C31334341F0200143EA0E0327F8121083
:10794000C0F810350248C0E7B01700200400AD0BA6
:107950000000AD0B014BC3E902127047B0170020C5
:1079600010B5144652B90E490E4840F20D3204F0DB
:1079700048FF0B4840F20D3104F03AFF0846FFF78C
:10798000DDFD50B10846FFF745FD074B083033F8E1
:10799000103006485B0B237010BD0548FCE700BFA4
:1079A00088B40400A4520400B01700200000AD0BFE
:1079B0000400AD0B2DE9F041184D95F874400646D2
:1079C0004CBB5422214605F110000BF09FFD366898
:1079D0006F6EA046A7420FD10023C6F87C3146F354
:1079E0000730D6F87C31E6F747F801230C4885F8D4
:1079F0007430EB66BDE8F081E0B2FFF743FDA0F51F
:107A000080739B081F2B08BF46F8008004F1010417
:107A100008BF3358DEE70348ECE700BFB01700208B
:107A20000000AD0B0C00AD0B034B93F87400003855
:107A300018BF0120704700BFB01700200148FFF7B2
:107A4000C3BC00BF181800200148FFF799BC00BF55
:107A5000181800202DE9F341054608460C46164645
:107A6000FFF75EFD50B93449344840F2FA3204F071
:107A7000C8FE40F2FA31304804F0BAFE2B68D3F861
:107A80000423002AA4BF4FF00042C3F80423084691
:107A9000FFF754FD18B30846FFF736FD0746F0B967
:107AA0000846FFF725FD0446FFF7ECFCD5F80080FB
:107AB00048F8007058F800302B6822B203EB8203BC
:107AC000D3F8102542F00102C3F8102526B12A6828
:107AD0000123A340C2F8043302B0BDE8F08146B9E7
:107AE0001549164840F20E4204F08BFE40F20E415A
:107AF000C1E72046FFF78EFC114B083033F81030F9
:107B0000C3F38203042B12D0052B12D001A80194D9
:107B1000FFF78AFC019BD0F81015D94001F0010154
:107B20000231204602B0BDE8F0410BF017BA032144
:107B3000F7E70221F5E700BF88B40400A45204006F
:107B4000B01700202DE9F04F694BDFF8A881D3F87A
:107B50000403D8F86410C0B289B040F00040FFF7C9
:107B600057FD051E2FDAC24600235AF8701F06A8DB
:107B7000CDE90633FFF7EEFC5F4B01930DF11809D9
:107B80004FF0000B019A12F8013B0192DA0803F062
:107B900007031AF8022022FA03F3DA071CD409F1CA
:107BA0000409BBF1000F14D0D8F864104FF0004066
:107BB000FFF72EFDD8F8701006A8FFF7CBFC0028C1
:107BC000DAD125F000450124002D79D109B0BDE8B6
:107BD000F08F4FF0010BD5E7484B5B440293D9F887
:107BE00000100029DBD0029B91FAA1F11C78B1FAB8
:107BF00081F141EA44142046FFF70CFC083005945B
:107C000038F81070C808BB0819F80020039301F079
:107C10000701012303FA01F122EA010209F8002019
:107C200005A8FFF701FC059A039B02F5E072C7F374
:107C3000820650F822205B073746C2F3014224D562
:107C400039462046D6B2FFF733FC05A80594FFF766
:107C5000EBFB059B03F5E07350F82330C3F30143BE
:107C60009E4207D1002120460BF078F9314620468C
:107C70000BF074F905A80594FFF7D6FB059B0122CC
:107C800002FA03F3C0F82035A9E7022A0CD1032138
:107C900020460BF063F906F00503012BEAD13946C3
:107CA0002046FFF705FCE5E70221204603920BF092
:107CB00055F9032EF3D0039A032ADBD1022EEDE708
:107CC00095FAA5F3B3FA83F304FA03F29B0003F1E8
:107CD000804303F5C04325EA0205D3F81005D3F825
:107CE0001015C0F30520C1F30141FFF7E1FB6BE77D
:107CF00000600040B0170020D6B40400D6B40400E1
:107D0000044AD2F80034DB07FBD50160BFF35F8F74
:107D1000704700BF00E0014010B54FF080531A6972
:107D20005C696243904207D21A69B0FBF2F302FB2E
:107D3000130363B10A4812E00A490B4840F23112BA
:107D400004F05FFD074840F2311104F051FD074A8D
:107D50001360074B1860074B0748C3F81C1510BD8C
:107D60000A00AD0BD8B40400A452040068630020DC
:107D70002818002000E001400000AD0B38B5154C7C
:107D800021684B1C0AD11449144840F2411204F0F6
:107D900038FD114840F2411104F02AFD104B022039
:107DA000D3F81C25C3F80405C3F81815D3F800044C
:107DB00010F00100FAD00B4D0021C3F804152B6818
:107DC0001344562B2B6086BF4FF0FF3323600846C9
:107DD00038BD00BF28180020D8B40400A452040005
:107DE00000E0014068630020F8B50D46012104461B
:107DF0000BF0F6F850B91149114840F2951204F011
:107E000000FD40F295110D4804F0F2FC14F0030758
:107E100008D00A490A484FF4CB7204F0F2FC4FF440
:107E2000CB71F0E7074E0123C6F8043529462046FA
:107E3000FFF766FFC6F80475F8BD00BFD8B40400AC
:107E4000A452040000E0014001460148FFF798BA3F
:107E50002C18002008B5124BA822002118460BF060
:107E600055FB032202610F4942610F4A8161C261E1
:107E70004FF480620262002282624262C262016644
:107E80000A49416610218166094902670346C266B4
:107E9000426711F8010D98540132102AF9D108BD3A
:107EA0001004002014B50400100000200000002081
:107EB0002DB504002DE9F84FDFF87C80182606FB6D
:107EC000008E00FB06664644DEF82440DEF828C03B
:107ED0007368A44507468946154603EB040022D87B
:107EE000DEF820B0ABEB040A0AF1FF339A4203D864
:107EF0000BF0FEFA2C440FE063449A4219D8524624
:107F00002C440BF0F5FAB4EB0B0405D07068224654
:107F100009EB0A010BF0ECFA182303FB078301209D
:107F20005C62BDE8F88F0CF1FF3CACEB040C9445AF
:107F3000DED20020F5E700BF10040020034B18221A
:107F400002FB00339A6A586A801A704710040020B6
:107F500003484FF0FF324FF0FF3300F0E9BB00BFA2
:107F6000141A0020014800F099BC00BF141A002028
:107F700008B5084A084B93420AD90849084818220C
:107F800004F03FFC0548182104F032FC1433F2E7FA
:107F9000FCD308BD9C370400FC3604002EB5040059
:107FA000A45204002DE9F843044600AF0D46EFF358
:107FB0001188402383F31288BFF36F8F04282E4A61
:107FC00098BF2E4B9668117C94BF53F820302C4BF1
:107FD000E9468AB06A462B48C2E9073140F20133CC
:107FE0009384294BC2E9050442F8103F2748002337
:107FF0004FF43151E4F762F8CD4645B1EB69C3F374
:10800000080323B1224A2148012105F0F5F82EB1D9
:1080100030460BF01DF908B1037803B91D48E94655
:108020008AB06A461C4BD061C2E9053640F2013382
:1080300013841A4B42F8103F144800234FF4115197
:10804000E4F73CF82946CD462046FDF73DFE042CDA
:1080500008D113491348872204F0D3FB1048872125
:1080600004F0C6FB88F31188BFF36F8F3046E5F745
:1080700087FCBD46BDE8F8836C6300209C4F04007C
:1080800051B504005FB50400050000017C3B04000D
:1080900087B5040006640400A8B5040004000001CC
:1080A000C0B50400A452040038B5094B53F8204071
:1080B000013053F82050A54200D838BD636823B181
:1080C00020460AF0C5FF0834F5E723689847FAE729
:1080D000B04F040070B5354B354C364D012286B09B
:1080E00003201A70FFF7E0FFE4F77EFE0AF0CCFFF2
:1080F0000420FFF7D9FFAC42264624D92E492F4849
:10810000452204F07EFB45212B4804F071FB54F816
:108110000C3C059354F8103C049354F8143C03931E
:1081200054F8183C029354F81C3C019354F8203C3A
:10813000009354E90A2354E90C0101F03BFB54F885
:10814000303C5E65D7E7AE4204F13004DFD302F085
:1081500067F8174C1A4EAC421BD9174917486922C9
:1081600004F04FFB6921CFE7D4E90A23B3F1FF3FC5
:1081700008BFB2F1FF3F05D052EA0301206803D1E6
:108180000BF068F83034E6E73146183002F04EFC68
:10819000F8E7E9D302F092F8E1F79EFD094A137B74
:1081A00023F00103137306B070BD00BF36690020D1
:1081B0001C3904001C3904002CB60400A45204002D
:1081C000CB3204005052002008B50348034A002176
:1081D000121A0AF055FF08BD801C002038690020E3
:1081E00070B5002386B00122CDE90423134E144D4F
:1081F00001930F22CDE902321249142303FB0055EB
:1082000006EBC01604464FF4C07000FB04110E4B81
:1082100000954FF4A072304601F0CCFA737B0B4A04
:10822000EE6023F0040373734FF4046304FB033321
:1082300013442C746B6006B070BD00BFD051002099
:108240006C630020809A0020F18603004092002099
:10825000BFB50020FFF728FF2D4B83F308882D4D75
:108260002D4E6B692D4F43F400736B61E02385F84D
:10827000223000242023EB772C766C76AC7685F8C0
:1082800020406B6A43F4E0236B6285F82340E5F7F6
:10829000E1FAE5F7BBFC4FF0FF33AB62EB62E5F7C9
:1082A000B1FDE5F7D7FCE3F723FD1D4BB36040F2CA
:1082B00001129A81C3E919441C67FFF759FE012096
:1082C000FFF7F2FE0220174DFFF7EEFE02F052F824
:1082D000154B75610593012314490094CDE90343BF
:1082E0004FF480623B46CDE90144284601F062FA32
:1082F0006A7B064622F0040228466A7301F0B4FC49
:108300002046FFF76DFF3A4631462846E5F75CFC0C
:10831000809A002000ED00E06C630020D58003000F
:10832000705300205052002070780400009C002000
:1083300038B50B4C0B4DAC420FD90B490B481922E9
:1083400004F05FFA0848192104F052FAD4E9011246
:1083500020460AF09AFE1834EDE7F7D3002038BD26
:10836000001A0020001A002050B60400A452040095
:108370002DE9F04F89B09046DDE91223064606A8A4
:108380009946059117460AF0C8FFDDE9063406F163
:108390001405CDE90234EFF31184402383F31288EE
:1083A000BFF36F8F284602F09BFA38B92F49304847
:1083B000882204F026FA88212C482AE0284602F078
:1083C000B3FAEFF30583D3B906F10C0A4FF0400B73
:1083D000059942463046E1F7A1FD0346D8B128464B
:1083E000029302F08BFA029B002836D11F492048E5
:1083F00040F2311204F005FA40F23111DCE757EA9D
:108400000903E1D01B491A484B2204F0FAF9194834
:108410004B2104F0EDF957EA0907E0D0DDE902232A
:1084200006A80AF09EFFDDE906232146CDE90023D8
:10843000174628465246994601F004FDEFF3118491
:108440008BF31288BFF36F8F284602F049FA002899
:10845000ACD0284602F068FABAE784F31188BFF37B
:108460006F8F184609B0BDE8F08F00BFC4530400F9
:10847000A452040050B60400F8B504460E4600F1BC
:108480001405EFF31187402383F31288BFF36F8F36
:10849000284602F025FA40B916491748882204F008
:1084A000B0F98821134804F0A3F9284602F03CFAF9
:1084B00020463146E1F7F8FC04F10C000AF013FF06
:1084C00028B139462846BDE8F84001F01DBE2846CF
:1084D00002F014FA40B90749074840F2311204F09B
:1084E00090F940F23111DDE787F31188BFF36F8F08
:1084F000F8BD00BFC4530400A452040038B50B4CAF
:108500000B4D0020AC420FD90A490B48942204F0CD
:1085100078F90848942104F06BF920460AF0BDFD73
:10852000002802DB2034EDE7F7D338BD0019002026
:10853000001A002072B60400A45204002DE9F7438B
:1085400005460E4691461C4600F10807EFF31188D8
:10855000402383F31288BFF36F8F384602F0C0F9CF
:1085600038B92B492B48882204F04BF98821284838
:1085700022E0384602F0D8F92B69FBB133601C6861
:10858000EB692C610133EB6114B96A6993421BD02A
:10859000EB68E41A09D4D5E905235A43A24204D969
:1085A000B4FBF3F203FB124474B11B491948E722F0
:1085B00004F027F91848E72104F01AF959EA0402EF
:1085C0000FD133606FF00B04384602F097F9C8B949
:1085D0000F49104840F2311204F013F940F2311102
:1085E000C5E7CDE900942A464146384601F02AFC09
:1085F000044618B9094B9B685B693360204603B099
:10860000BDE8F08388F31188BFF36F8FF6E700BFF2
:10861000C4530400A452040072B604006C6300202A
:108620002DE9F04104460D4600F10806EFF31187ED
:10863000402383F31288BFF36F8F304602F050F966
:1086400038B928492848882204F0DBF888212548D1
:108650002CE0304602F068F9E368EB1A1DD4D4E947
:1086600005125143994218D9B3FBF2F102FB1133C1
:108670009BB9D4F81080B8F1000F19D1204601F051
:1086800087FCA8B1C0F87C80456101F0EDFA39465D
:108690003046BDE8F04101F037BD144912484FF4AF
:1086A000887204F0AEF811484FF4887104F0A0F815
:1086B00023692B60E3692561013BE361304602F0E9
:1086C0001DF940B90749084840F2311204F099F801
:1086D00040F23111BBE787F31188BFF36F8FBDE81C
:1086E000F08100BFC4530400A452040072B6040019
:1086F00008B50C4B9B6893F90E30002B09DB402426
:10870000EFF3118384F31288BFF36F8F06F01BFA27
:10871000F6E7054905481B2204F073F802481B21BF
:1087200004F066F86C63002097B60400A4520400BD
:108730002DE9F341044617461E46EFF3058545B182
:10874000514952486F2204F05CF84F486F2104F001
:108750004FF8EFF31188402383F31288BFF36F8F34
:108760004B4802F0BDF838B94A494848882204F01D
:1087700048F888214748EAE7454802F0D5F8E36819
:10878000454A9BB1A0689168884224D057EA060305
:1087900029D13F4802F0B2F8A0B188F31188BFF3A5
:1087A0006F8F6FF00F0002B0BDE8F081916891F912
:1087B0000E10374821610133E3609368A36002F033
:1087C0009DF850B93349314840F2311204F019F89C
:1087D00040F23111CEE72169EBE788F31188BFF34E
:1087E0006F8F0020DFE791F90E1090F90E3099425B
:1087F000A8BF19466FF07E029142B8BF11468B4266
:1088000002DD0AF064FC0546CDE9007620482246E8
:10881000414601F017FB0028E3D0EFF31186402317
:1088200083F31288BFF36F8F194802F059F80028BC
:108830009AD0174802F078F8A068C0B1236821697F
:108840009C420AD04BB193F90E309942A8BF194609
:108850006FF07E039942B8BF19460AF038FC30B178
:108860000B48314601F050FC6FF00A009BE7002DE9
:10887000F6D1074802F042F80028A3D086F3118809
:10888000BFF36F8FF0E700BFB8B60400A452040036
:108890008C630020C45304006C63002070B5044650
:1088A000EFF3058646B131493148D72203F0A9FFDD
:1088B000D7212E4803F09CFF8368002B4FD02D4A10
:1088C000926893424ED1C36833B928492848EF22B1
:1088D00003F097FFEF21ECE7012B03D0013BC360CE
:1088E000002070BDEFF31185402383F31288BFF39E
:1088F0006F8F214801F0F4FF38B920491C488822C5
:1089000003F07FFF88211D48D4E71B4802F00CF8D4
:108910002169A0680AF0DBFB204601F039FBA0606A
:1089200050B190F90E202261C66701F09DF91248FE
:10893000294601F0E9FBD3E7E0600F4801F0DEFFD4
:1089400040B90E490A4840F2311203F05AFF40F292
:108950003111D8E785F31188BFF36F8FC0E76FF04F
:108960001500BEE74FF0FF30BBE700BFB8B604000C
:10897000A45204006C6300208C630020C4530400E4
:108980002DE9F04704469DF820A00D4690469946F3
:1089900000F10806EFF31187402383F31288BFF339
:1089A0006F8F304601F09CFF40B938493848882223
:1089B00003F027FF8821354803F01AFF304601F005
:1089C000B3FFBAF1000F00D0656804F10C0001F0AC
:1089D000DFFA58B10023C367C0F8148001F044F9EE
:1089E0003046394601F090FB002019E0B9F1000F44
:1089F00028D0082102F0B6FDA0B9304601F07EFF74
:108A000040B92249224840F2311203F0FAFE40F206
:108A10003111D0E787F31188BFF36F8F6FF00B0030
:108A2000BDE8F0870122C0F804800260016801F00F
:108A300003015DB922680A430260626820606AB976
:108A400060600BE0C8F800904046EFE72A68032A10
:108A500010D80160616839B9C4E90000042104F14B
:108A6000140002F0F5FCBBE70A6802F003020243BF
:108A70000A60E5E722F003020A4302602A6802F076
:108A8000030240EA02032B60E8E700BFC45304007E
:108A9000A45204002DE9F743054690461F4600F115
:108AA0000806EFF31189402383F31288BFF36F8F19
:108AB000304601F015FF40B91F492048882203F0D5
:108AC000A0FE88211C4803F093FE304601F02CFFE5
:108AD0002C68CCB123686A6823F0030394422046D3
:108AE0002B6008BF6B6001210AF000FB0446304692
:108AF00001F004FFC0B91049104840F2311203F0F0
:108B000080FE40F23111DDE758EA0703EFD0CDE9EE
:108B1000008705F10C024946304601F093F938B957
:108B2000074B9B685C6903E089F31188BFF36F8F83
:108B3000204603B0BDE8F083C4530400A4520400EF
:108B40006C63002038B50446EFF31185402383F3AE
:108B50001288BFF36F8F154801F0C2FE40B9144967
:108B60001448882203F04DFE1148882103F040FE8E
:108B70000E4801F0D9FE204601F00AFA48B1002261
:108B8000C26701F071F829460848BDE8384001F095
:108B9000BBBAD4E902329A4218BF0133A360022162
:108BA00004F1100002F054FCEDE700BF90630020D8
:108BB000C4530400A4520400F7B5044616461D46EB
:108BC000EFF305835BB152EA050308D02649274835
:108BD000882203F016FE2448882103F009FEEFF3F3
:108BE0001187402383F31288BFF36F8F204801F071
:108BF00077FE38B91F491D48882203F002FE8821FC
:108C00001C48EAE71A4801F08FFEA368ABB1013BAC
:108C10001748A36001F072FE40B91649134840F2AC
:108C2000311203F0EEFD40F23111E9E787F31188CC
:108C3000BFF36F8F002003B0F0BD56EA05030BD1E0
:108C40000B4801F05BFE0028E7D087F31188BFF3E3
:108C50006F8F6FF00F00EEE7CDE9006522463946D1
:108C6000034801F0EFF8E6E7DAB60400A452040086
:108C700090630020C453040070B50446EFF31185DF
:108C8000402383F31288BFF36F8F134801F028FE4F
:108C900040B912491248882203F0B3FD0F488821D9
:108CA00003F0A6FD0C4801F03FFE6FF00A062046D7
:108CB00001F06EF918B1C66700F0D6FFF7E7A060C3
:108CC000022104F1100002F0C3FB29460248BDE86E
:108CD000704001F019BA00BF90630020C453040033
:108CE000A45204001FB5094A92E8030002AB83E8CE
:108CF00003004FF400620093054906484FF0FF332C
:108D000000F03AFB002005B05DF804FBC83D04000C
:108D100040A00020D05200202DE9F043674E684F5C
:108D200085B00546EFF31188402383F31288BFF323
:108D30006F8F304601F0D4FD40B962496248882205
:108D400003F05FFD88215F4803F052FD304601F0DB
:108D5000EBFDD5F88040A4B9022105F198000AF096
:108D600007FA90BB002302934FF0FF324FF0FF331E
:108D7000CDE90023414605F18802304601F0DCFCD4
:108D8000D0E7D5F884202368C5F88030944208BF26
:108D9000C5F88430D5F8983043F00203C5F8983010
:108DA000E368D4F8049023F0040343F00103E36084
:108DB000304601F0A3FD90B94249434840F23112D8
:108DC00003F01FFD40F23111BDE705F190040022D0
:108DD0000121204601F064FC0028F8D1C2E788F3A5
:108DE0001188BFF36F8FB9F1000F09D137493648A9
:108DF00040F2AF2203F005FD344840F2AF21A3E773
:108E00002046C847EFF31188402383F31288BFF34D
:108E10006F8F304601F064FD00288ED0304601F09F
:108E200083FDE368D90623F0010231D4E260E368F0
:108E30009A0716D5386823F00203E36088B1036807
:108E4000002170B14268944230D1036841BB7A6816
:108E50003B60824200D17B60002340F8083BFFF773
:108E600071FED5F8983023F00203C5F898303046EB
:108E7000C3F3002401F042FD00289DD088F311883F
:108E8000BFF36F8F002C7FF44DAF01F07BFA49E701
:108E900023F01103E36004F11000FFF753FEC6E76F
:108EA0000B607B68834208BF7960D5E723B11A68FD
:108EB000014618461346C4E71A46F9E79C630020AA
:108EC00094630020C4530400A452040003B70400B8
:108ED00070B5C368C3F340069B0705460C460DD525
:108EE0000122002104F108000AF032F90023236076
:108EF000054B65605A681AB9C3E90044304670BD35
:108F000014605C60FAE700BF94630020F8B5C368A2
:108F10009A0704460F46C3F3400638D45B0724D4AF
:108F20000B680BB983680B60E368DD0720D5A36885
:108F300053B9284928484FF4AF7203F062FC254822
:108F40004FF4AF7103F054FC3B6002263D68002DE6
:108F50003CD0224B9B68AB420CD0D5F89830D80758
:108F6000C3F3800216D46FF0120600233B6027E0A3
:108F70000126EBE70AF063F9D5F898300028EED126
:108F8000D907C3F3C002EED552B15B0708D46FF026
:108F90000F06EAE7002AFAD1C3F3C003002BF6D18B
:108FA00000232360D5F8843063B9C5E920442846FE
:108FB0000AF0F9F8E36843F00403E3603B68A36058
:108FC0003046F8BD1C60C5F88440F0E76FF0150628
:108FD000CBE700BF03B70400A45204006C63002079
:108FE00073B50446EFF31185402383F31288BFF372
:108FF0006F8F194801F074FC40B91849184888224D
:1090000003F0FFFB8821154803F0F2FB124801F042
:109010008BFC00230321201F0193A4F110060AF00A
:10902000A7F828B1A369019301A93046FFF76EFFA5
:10903000094801F063FC40B90849094840F231127F
:1090400003F0DFFB40F23111DDE785F31188BFF358
:109050006F8F02B070BD00BF9C630020C45304003A
:10906000A452040038B50D46044640B90B490C48DB
:10907000992203F0C6FB9921084803F0B9FB31B9E6
:10908000064907489A2203F0BCFB9A21F4E7102214
:1090900000210AF03BFA656038BD00BF03B7040049
:1090A000A45204002DE9F041C36803F00503002B2E
:1090B00007460C4614BF4FF001084FF000082ED0B1
:1090C000856855B91F4920484FF4E47203F099FBB5
:1090D0001C484FF4E47103F08BFBD5F8806026B197
:1090E000B74201D03668FAE701260122002104F1D7
:1090F00010000AF02DF815492046FFF7B3FFE3688A
:1091000043F01003E3609EB13B68236073B9D5F868
:1091100084303BB9C5E9204428460AF044F840466B
:10912000BDE8F0811C60C5F88440F5E73C60F3E7DA
:10913000D5F880302360D5F88430C5F88040002B06
:10914000EAD1F0E703B70400A45204008731040019
:1091500038B50446EFF31185402383F31288BFF33B
:109160006F8F134801F0BCFB40B9124912488822A6
:1091700003F047FB88210F4803F03AFB0C4801F04D
:10918000D3FBE4680A4804F01F0401F0B7FB40B9C0
:109190000849094840F2311203F033FB40F2311123
:1091A000E9E785F31188BFF36F8F204638BD00BF14
:1091B0009C630020C4530400A452040037B50C463D
:1091C000019051B9224923484FF4C27203F019FBB0
:1091D0004FF4C2711E4803F00BFB4B6843B91C49A6
:1091E0001C4840F2851203F00CFB40F28511F1E7B8
:1091F000EFF31185402383F31288BFF36F8F164876
:1092000001F06EFB38B915491248882203F0F9FACB
:1092100088211248DFE7104801F086FB204601A9AB
:10922000FFF774FE04460C4801F068FB40B90B4997
:10923000084840F2311203F0E4FA40F23111E8E755
:1092400085F31188BFF36F8F204603B030BD00BF98
:1092500003B70400A45204009C630020C45304001C
:109260000146014809F0D9BFD052002070B50C4624
:10927000054650B9314932484FF4EA7203F0C1FA59
:109280004FF4EA712D4803F0B3FAC368DB0508D543
:109290002A492B4840F2D51203F0B3FA40F2D51117
:1092A000F0E709F0CCFF40B1244925484FF4EB72B8
:1092B00003F0A7FA4FF4EB71E4E744B91F492048E3
:1092C00040F2D71203F09DFA40F2D711DAE7EFF33C
:1092D0001186402383F31288BFF36F8F194801F082
:1092E000FFFA38B918491648882203F08AFA88210B
:1092F0001548C8E7134801F017FB28462146FFF739
:10930000D1FE05460F4801F0F9FA40B90E490C4864
:1093100040F2311203F075FA40F23111E8E786F3BA
:109320001188BFF36F8F3DB14FF0FF324FF0FF3325
:1093300004F11000FFF740FC284670BD03B704009D
:10934000A45204009C630020C453040008B550B923
:10935000074908484FF4347203F053FA04484FF4B5
:10936000347103F045FAA02200210AF0CFF808BDBD
:1093700003B70400A4520400F0B589B004460E9D62
:1093800050B92D492D4840F2DF2203F03AFA40F25D
:10939000DF21294803F02CFA41B9274927484FF427
:1093A000387203F02EFA4FF43871F2E7D0F89800D3
:1093B00010F0010008D02049204840F2E12203F0DB
:1093C00020FA40F2E121E4E7C4E9200004F188003A
:1093D000C4E9220004F19000C4E924004DB32879C7
:1093E000002840F2011008BF0120C4F898000020B6
:1093F0004FF0FF364FF0FF37CDE90330CDE90100E4
:10940000CDE906670E4B0094204600F039FA55B1BD
:10941000296811B1204609F018FF6B791BB1237B35
:1094200043F001032373204609B0BDE8F04009F082
:1094300011BF0120D9E700BF03B70400A452040004
:10944000198D030038B50D46044650B90E490F4832
:1094500040F25B3203F0D5F940F25B310A4803F089
:10946000C7F941B9084909484FF4577203F0C9F9DF
:109470004FF45771F2E7302200210AF047F84FF419
:1094800080736560E36038BD03B70400A452040034
:10949000F7B5164601901D460C4651B92849294892
:1094A00040F2D53203F0ADF9254840F2D53103F052
:1094B0009FF9EFF31187402383F31288BFF36F8F77
:1094C000214801F00DFA38B920491E48882203F0DE
:1094D00098F988211D48EAE71B4801F025FAE3685E
:1094E00013F01E0F22D155EA060211D1204601A920
:1094F000FFF70CFD0446144801F000FAC0B9134907
:10950000104840F2311203F07CF940F23111E1E7EA
:1095100043F00803E360019BA36204F110000C49CF
:1095200032462B4601F082FA0124E4E70024E2E708
:1095300087F31188BFF36F8F204603B0F0BD00BFE3
:1095400003B70400A45204009C630020C453040029
:10955000E18F030001460148FFF79ABFD052002077
:10956000F7B5164601901D460C4651B927492848C3
:1095700040F2F93203F045F9244840F2F93103F0A2
:1095800037F9EFF31187402383F31288BFF36F8F0E
:10959000204801F0A5F938B91F491D48882203F079
:1095A00030F988211C48EAE71A4801F0BDF9204645
:1095B00009F0EAFD55EA060311D1204601A9FFF79B
:1095C000A5FC0446134801F099F9B8B912491048AE
:1095D00040F2311203F015F940F23111E2E7E3688D
:1095E0000E4943F00803E360019BA36204F11000FD
:1095F00032462B4601F01AFA0124E3E787F311887B
:10960000BFF36F8F204603B0F0BD00BF03B7040067
:10961000A45204009C630020C4530400E18F0300A3
:1096200001460148FFF79CBFD052002038B50446E0
:1096300050B91D491D4840F21B4203F0E2F81A4898
:1096400040F21B4103F0D4F8EFF31185402383F37C
:109650001288BFF36F8F164801F042F938B91549E7
:109660001248882203F0CDF888211248EAE7104812
:1096700001F05AF9204609F087FD204609F09AFDCD
:1096800004460B4801F03AF940B90A49074840F24C
:10969000311203F0B6F840F23111E6E785F3118894
:1096A000BFF36F8F204638BD03B70400A4520400F7
:1096B0009C630020C4530400F8B50D46044650B91D
:1096C0003849394840F22C4203F09BF840F22C41D3
:1096D000344803F08DF841B93249334840F22D4205
:1096E00003F08FF840F22D41F2E709F0A8FD40B1F8
:1096F0002C492D4840F22E4203F083F840F22E41CF
:10970000E6E7EFF31186402383F31288BFF36F8FF0
:10971000264801F0E5F838B925492348882203F0A6
:1097200070F888212248D4E7204801F0FDF8E3686A
:1097300003F01F03002B14BF0127002712D11B4881
:1097400001F0DCF840B91A49174840F2311203F031
:1097500058F840F23111E5E786F31188BFF36F8FB7
:109760003846F8BD204609F00FFD204609F022FDDD
:1097700020462946FFF7ACFB04460C4801F0BEF832
:109780000028E0D086F31188BFF36F8F002CE7D05C
:109790004FF0FF324FF0FF3305F10800FFF70CFAEE
:1097A000DEE700BF03B70400A45204009C6300205E
:1097B000C45304002DE9F04385B00E460F990F29DC
:1097C00005461F4645D12A4B9F4246D1073222F01B
:1097D00007027F3205F1580322F03F02C5E9163334
:1097E00010982873002304243F2AC5E90633AB6090
:1097F0006C73A973EB7306F14009A2F1400805D818
:1098000083F31188BFF36F8F204602DFB41821461F
:109810002846E3F795FD07300E9B20F00700E86629
:10982000C5E9199802930D9B0193241A0C9B009390
:1098300022463B4631462846E4F794F900236B65FF
:109840000C4B9B6803B11B6F2B67204605B0BDE82E
:10985000F08301F110031E2BB8D90749074840F2E5
:10986000112202F0CEFF044840F2112102F0C0FFA5
:10987000F18603006C63002024B70400A4520400A6
:10988000F0B587B0DDE912760446EFF3058555B1F2
:109890001749184840F29E2202F0B3FF144840F2E4
:1098A0009E2102F0A5FF0595109D04950F9D03953F
:1098B0000E9D02950D9D01950C9D0095FFF77AFF79
:1098C000B6F1FF3F08BFB7F1FF3F05D056EA0703E7
:1098D00005D1204600F050FC204607B0F0BD0649F7
:1098E0003A46334604F1180001F0A0F8F4E700BF4F
:1098F00024B70400A4520400CB32040038B5124D42
:109900002B4653F8184F9C4200D004B9EC68AB6862
:1099100088B943B90D490E48C82202F072FF0B48BE
:10992000C82102F065FF5A7BD20604D1A26912B9A0
:10993000DA897F2A05D89C4202D0204600F056FFE3
:1099400023466B6138BD00BF6C63002047B704003D
:10995000A452040008B590F90D20437B002A01466B
:1099600010DA03F07F0343730B4B984208D10B4985
:109970000B48802202F045FF0848802102F038FFA2
:1099800009F06AFC074B9868431A58425841BDE8F1
:109990000840FFF7B3BF00BFD051002073B70400E9
:1099A000A45204006C63002008B5836853B90A49C7
:1099B0000A4840F2362202F024FF074840F23621DE
:1099C00002F016FF09F048FC437B23F002034373C7
:1099D0000023836008BD00BF73B70400A4520400D5
:1099E00070B590F90D30427B002B37DBD30635D1B3
:1099F0008369002B32D162F07F024273184A904291
:109A000008D118491848792202F0FBFE154879213F
:109A100002F0EEFE15490A4652F8184F944218BF5C
:109A20002346CC6923B9C0E900242060C8610CE05A
:109A300090F90E5093F90E60B5420BD0AE4209DD9D
:109A40005A68C0E9003210605860BDE870400020DC
:109A5000FFF754BFA342E6D01B68E3E770BD00BF29
:109A6000D051002073B70400A45204006C6300209E
:109A70002DE9F843171E427B0E4614BF0821102122
:109A8000114204460FD141EA0203D20923D14373A4
:109A9000082931D00120FFF731FFBFF35F8F637BCF
:109AA00023F0600363733F4B9B68A34266D1EFF3DF
:109AB0000583002B62D13C4800F020FF002850D1E4
:109AC0003A493B4840F26B1202F09BFE40F26B11A8
:109AD000364802F08DFE03F07F034373354B984206
:109AE00007D135493248802202F08BFE802132486E
:109AF000EFE709F0B1FBCBE7A36813B12046FFF70E
:109B000053FF04F1180001F03DF8A56D04F1580869
:109B1000A84511D04FF0000975B12846FFF744FF62
:109B200005F1180001F02EF8C5F87C902846FFF7E3
:109B300057FFA56DA845EFD11A4DAB689C42A9D13E
:109B4000EFF30583002BA5D00120FFF7D7FE1B4BB9
:109B5000AB6040F201129A810022C3E919221A6710
:109B60009BE73046E3F722FFCFB11349104840F29C
:109B7000ED1202F046FE40F2ED11B8E70A4800F09F
:109B8000BDFE40B909490A4840F2311202F039FEDF
:109B900040F231119CE786F31188BFF36F8FBDE867
:109BA000F88300BF6C630020A0630020C45304004E
:109BB000A4520400D051002073B704007053002059
:109BC00070B590F90D20437B234C002A01460FDA33
:109BD00003F07F03A042437308D12049204880222C
:109BE00002F00FFE80211D4802F002FE09F034FB56
:109BF0004B7BA14263F07F034B7306D11749184892
:109C0000792202F0FEFD7921EDE7164A1046D4696B
:109C100050F8183F834208BF002323B9C1E900046C
:109C20002160D1610CE091F90E5093F90E60B542BC
:109C30000ED0AE420CDD5868C1E9003001605960B9
:109C40009068431A5842BDE870405841FFF756BE2D
:109C50009C42E3D01B68E0E7D051002073B70400BA
:109C6000A45204006C63002038B50446EFF311855C
:109C7000402383F31288BFF36F8F124800F030FE49
:109C800040B911491148882202F0BBFD88210E48D5
:109C900002F0AEFD0B4800F047FE2046FFF7A0FEA5
:109CA000084800F02BFE40B90749084840F231123D
:109CB00002F0A7FD40F23111E9E785F31188BFF307
:109CC0006F8F38BDA0630020C4530400A452040069
:109CD00038B50446183000F055FFEFF311854023E6
:109CE00083F31288BFF36F8F154800F0F9FD40B978
:109CF00014491548882202F084FD8821114802F099
:109D000077FD0F4800F010FE627B12F0100211D0B8
:109D10000B4800F0F3FD40B90A490B4840F23112FC
:109D200002F06FFD40F23111E8E785F31188BFF3CF
:109D30006F8F38BD29462046BDE83840FFF798BEF2
:109D4000A0630020C4530400A452040038B50446A4
:109D5000EFF31185402383F31288BFF36F8F13480D
:109D600000F0BEFD40B912491248882202F049FDB8
:109D700088210F4802F03CFD0C4800F0D5FDA36897
:109D800013B12046FFF710FE084800F0B7FD40B9B8
:109D90000749084840F2311202F033FD40F2311118
:109DA000E7E785F31188BFF36F8F38BDA06300200C
:109DB000C4530400A452040070B504460D46EFF3EA
:109DC0001186402383F31288BFF36F8F1A4800F087
:109DD00087FD40B919491A48882202F012FD8821EE
:109DE000164802F005FD144800F09EFD637B13F059
:109DF000280F0CD1A36813B12046FFF7D5FD637B74
:109E000095B903F0FB0363732046FFF7E9FD0A48A9
:109E100000F074FD58B90949094840F2311202F0C6
:109E2000F0FC40F23111DBE703F0EB03EBE786F3E4
:109E30001188BFF36F8F70BDA0630020C45304006E
:109E4000A45204002DE9F047DFF8B0A02C4F2D4BB1
:109E50001646B842DAF808201A60DDE90898044688
:109E60000D460AD12849294840F2AB2202F0C9FC2C
:109E7000254840F2AB2102F0BBFCEFF311834023F5
:109E800083F31288BFF36F8F384600F029FD38B98D
:109E90001F491E48882202F0B4FC88211C48EAE7CA
:109EA000384600F041FDDAF808703146384609F0CE
:109EB000DBF9B8F1FF3F08BFB9F1FF3F06D0154904
:109EC0004A46434607F1180000F0B0FD204600F076
:109ED00015FD40B90E490D4840F26B1202F091FC9D
:109EE00040F26B11DAE7064800F008FD0028F1D0D7
:109EF0002846BDE8F047E3F759BD00BF6C6300207A
:109F0000A0630020A463002073B70400A4520400DF
:109F1000C4530400CB32040070B50546EFF311863C
:109F2000402383F31288BFF36F8F164800F0D8FCEC
:109F300040B915491548882202F063FC882112486F
:109F400002F056FC0F4800F0EFFC2C68A54210D040
:109F500014B12046FFF728FD0A4800F0CFFC50B9A5
:109F600009490A4840F2311202F04BFC40F231112B
:109F7000E5E70024F0E786F31188BFF36F8F2046F2
:109F800070BD00BFA0630020C4530400A4520400AD
:109F900070B50546EFF31186402383F31288BFF3B3
:109FA0006F8F184800F09CFC40B917491748882269
:109FB00002F027FC8821144802F01AFC114800F036
:109FC000B3FC2C68A54214D034B12046FFF7ECFC5A
:109FD00004F1180000F0D6FD0A4800F08FFC50B9DB
:109FE00009490A4840F2311202F00BFC40F23111EB
:109FF000E1E70024F0E786F31188BFF36F8F204676
:10A0000070BD00BFA0630020C4530400A45204002C
:10A010002DE9F04104460E46EFF31188402383F307
:10A020001288BFF36F8F324800F05AFC074638B9E8
:10A0300030493148882202F0E4FB88212D4814E0A1
:10A040002B4800F071FC637BDA0610D1A56975B965
:10A0500003F07F036373294B9C4218D1284926489B
:10A06000802202F0CEFB2648802102F0C1FBA673BD
:10A0700000271F4800F042FC002832D11D491E482D
:10A0800040F2311202F0BDFB40F23111D6E720461A
:10A0900009F0E2F8637B1B4A63F07F03637371B2DC
:10A0A0001346A17353F8180F984218BF0546D0699C
:10A0B00025B9C4E900300460D4610AE095F90E6066
:10A0C000B1420AD08E4208DD6B68C4E900531C60BF
:10A0D0006C600120FFF712FCCBE7A842E9D02D68A5
:10A0E000E6E788F31188BFF36F8F3846BDE8F0814B
:10A0F000A0630020C4530400A4520400D0510020E7
:10A1000073B704006C63002038B503460C46D1B920
:10A11000EFF30585BDB9154A51699268914212D095
:10A1200000F0ECFB50B91249124840F26B1202F0F9
:10A1300068FB40F26B110E4802F05AFB2846BDE85E
:10A140003840E3F733BC184600F0D8FB40B9084963
:10A15000084840F2311202F054FB40F23111EAE7B4
:10A1600084F31188BFF36F8F38BD00BF6C6300208C
:10A17000C4530400A452040038B50446EFF311851B
:10A18000402383F31288BFF36F8F184800F0A8FBB9
:10A1900040B917491748882202F033FB8821144838
:10A1A00002F026FB114800F0BFFB637B5A0711D475
:10A1B0000E4800F0A3FB40B90D490E4840F23112A1
:10A1C00002F01FFB40F23111E9E785F31188BFF37C
:10A1D0006F8F38BD23F0040320466373FFF700FC44
:10A1E00029460248BDE83840FFF78EBFA063002033
:10A1F000C4530400A4520400034648B9EFF3058297
:10A2000032B9064A51699268914201D0E3F7CEBB58
:10A2100083F31188BFF36F8F704700BF6C6300201A
:10A2200010B5EFF31184402383F31288BFF36F8FCF
:10A230001D4800F055FB38B91C491D48882202F022
:10A24000E0FA882119480CE0174800F06DFBEFF3A5
:10A25000058343B1174916488A2202F0D2FA8A21AF
:10A26000144802F0C5FA144B9A68D37B012B06D12F
:10A2700010490F488B2202F0C4FA8B21F0E7013B12
:10A28000D373094800F03AFB40B90849084840F246
:10A29000311202F0B6FA40F23111D3E784F311889B
:10A2A000BFF36F8F10BD00BFA0630020C453040034
:10A2B000A452040095B704006C63002038B5EFF396
:10A2C0001185402484F31288BFF36F8F244800F077
:10A2D00007FB38B923492448882202F092FA8821E2
:10A2E00020480FE01E4800F01FFB204B9A68D37BEC
:10A2F00053B91F491C484FF4537202F082FA4FF4CD
:10A3000053711B4802F074FAEFF3058040B118490D
:10A31000154840F24D3202F074FA40F24D31F0E748
:10A320000133D373FFF7EAFA0D4800F0E7FA40B9BA
:10A330000C490D4840F2311202F063FA40F231113B
:10A34000CEE785F31188BFF36F8FEFF3118084F3AD
:10A350001288BFF36F8FBDE83840FFF74DBF00BFD5
:10A36000A0630020C4530400A45204006C630020C6
:10A3700073B70400024B03F11802C3E906227047C9
:10A380006C630020F8B5EFF305834BB139493A48C7
:10A3900040F25C4202F035FA40F25C41354811E08F
:10A3A000EFF31185402383F31288BFF36F8F334897
:10A3B00000F096FA40B932492F48882202F021FA7B
:10A3C00088212F4802F014FA2C482E4C00F0ACFAE9
:10A3D0002D498868437BA04203F07F03437306D175
:10A3E00024492548802202F00CFA8021D6E708F0A3
:10A3F00033FF8B685A7BA34262F07F025A7306D107
:10A400001C491D48792202F0FCF97921C6E708466B
:10A41000CC6950F8182F824208BF002222B9C3E944
:10A4200000042360CB610CE093F90E6092F90E708A
:10A43000BE4216D0B74214DD5168C3E900210B605B
:10A4400053600120FFF75AFA0C4800F057FA60B940
:10A450000B49094840F26B1202F0D3F940F26B113C
:10A46000AFE7A242DBD01268D8E72846BDE8F84043
:10A47000E3F79CBA73B70400A4520400A063002061
:10A48000C4530400D05100206C6300202DE9F0413A
:10A4900005460E46EFF305834BB13649364840F288
:10A4A000774202F0AEF940F2774132481FE050EABD
:10A4B000010303D1FFF766FF002059E0821C71F110
:10A4C000FF3316DB08F023FF2C18EFF3118840232D
:10A4D00083F31288BFF36F8F284800F001FA60B948
:10A4E00027492548882202F08CF98821244802F067
:10A4F0007FF96FF00104241AE7E7224F1F4800F0AC
:10A5000013FA214BB8681860FFF724FAB8681F499E
:10A510002A463346183000F089FABA681748537B48
:10A5200043F01003537300F0E9F940B9144912489D
:10A5300040F26B1202F065F940F26B11D6E740462B
:10A54000E3F734FABB685B7BDB0608D509490A48A8
:10A5500040F2934202F055F940F29341A5E708F02A
:10A56000D6FE201A63EB0303012873F10003A3DB7B
:10A57000BDE8F08173B70400A4520400A06300207A
:10A58000C45304006C630020A4630020CB32040099
:10A5900010B5EFF3058454B11149124840F2A142BD
:10A5A00002F02FF90E4840F2A14102F021F9B1F179
:10A5B000FF3F08BFB0F1FF3F06D10B4B9868FFF794
:10A5C00087FB4FF0FF3010BDFFF760FF4FF47A724A
:10A5D00047F6FF73C0FB0234D80B40EA4440F2E771
:10A5E00073B70400A45204006C630020014B986808
:10A5F000704700BF6C63002038B50446EFF3118547
:10A60000402383F31288BFF36F8F214800F068F96D
:10A6100040B920492048882202F0F3F888211D48DB
:10A6200002F0E6F81A4800F07FF9237BDA071AD522
:10A63000174800F063F940B91649174840F2311243
:10A6400002F0DFF840F23111E9E785F31188BFF33A
:10A650006F8F1249104840F2965202F0D2F80F481C
:10A6600040F29651DCE7637B1B0709D5084800F0F0
:10A6700045F90028E0D085F31188BFF36F8F38BD0E
:10A68000294620460122BDE83840FFF7F1B900BF56
:10A69000A0630020C4530400A452040073B7040054
:10A6A0002DE9F843064688461746EFF31189402303
:10A6B00083F31288BFF36F8F1C4800F011F9054631
:10A6C00040B91B491B48882202F09BF88821184892
:10A6D00002F08EF8154800F027F93468A6421AD027
:10A6E000DCB12046C4F87C806761FFF75DF904F1B6
:10A6F000180000F047FA2046FFF772F90B4800F007
:10A70000FDF860B90A490B4840F2311202F079F8BD
:10A7100040F23111DBE70025F0E72546EEE789F34B
:10A720001188BFF36F8F2846BDE8F883A06300202F
:10A73000C4530400A4520400D3B5DDE90667089CA5
:10A74000CDE90067FFF77EFB1CB1034B9B685B699B
:10A75000236002B0D0BD00BF6C63002008B568B1B3
:10A760000E4B98420AD303F11802904206D2C01A47
:10A770001822B0FBF2F302FB130343B10849094866
:10A78000382202F03EF80648382102F031F8064B34
:10A79000C0105843054B01221A5408BDF053002045
:10A7A000C0B70400A4520400ABAAAAAA37690020CB
:10A7B000C3897F2B12D80A4B1B6863B1094B90F9F0
:10A7C0000E201B689A4209DB437BDB0606D1064B51
:10A7D000C31A18BF012303F0010070470023FAE7F2
:10A7E000AC630020A8630020D051002070B50E4B50
:10A7F0000E4C1E7C06EB460304EBC30405462046C4
:10A8000000F0C0F90A4B002228469A55FFF7D0FF06
:10A8100048B1084B08491A68013A2046D317BDE8E9
:10A82000704000F003B970BD6C630020F05300204D
:10A8300037690020AC6300205DA7030038B5EFF353
:10A840001185402383F31288BFF36F8F1E4800F0F9
:10A8500047F840B91D491E48882201F0D2FF8821DF
:10A860001A4801F0C5FF184800F05EF8194B1A4A63
:10A870009C681068A0420ED1FFF7B8FF124800F0A4
:10A880003DF8E0B91149124840F2311201F0B9FF28
:10A8900040F23111E4E700211B7C11600F4AD35CC8
:10A8A000002BEBD02046FFF783FF0028E6D0637B28
:10A8B000DB0602D12046FFF783F92046DCE785F36B
:10A8C0001188BFF36F8F38BDA0630020C45304000C
:10A8D000A45204006C630020A463002037690020A8
:10A8E000006838B1044B1B7C00F00300C01A18BF8D
:10A8F00001207047012070476C630020002302682C
:10A900000360EFF30581074B19B19968497BC907CB
:10A9100006D4197C98680843831A584258417047F6
:10A92000012070476C630020024B1A7C9B68134324
:10A93000036070476C63002008B50648064A074963
:10A94000121A08F09FFBBDE80840054A0549064871
:10A9500008F098BBC00400207C1C0020B8B804009C
:10A9600000000000B0B80400C0040020034B1B68C6
:10A970000BB9FAF789BD0020704700BFB063002013
:10A9800030B570B10B4B5B6898420AD0036843B195
:10A99000D3E90421D0E90445121941EB0501C3E9CB
:10A9A0000421D0E9003213605A600023C0E900336B
:10A9B00030BD00BF3018002070B50B490B684D68E2
:10A9C000024600208B4208BF0023014603B970BD38
:10A9D000D3E90446001941EB06019342F7D09D42AA
:10A9E000F5D01B68F2E700BF3018002010B50E4B01
:10A9F0001C689C4204D1FFF7B9FF6FF0004010BD06
:10AA0000FFF7B4FF002CF8D0D4E904321B1A62EB34
:10AA1000E072B3F1004F72F10001EEDA002AACBF30
:10AA200018460020EBE700BF30180020B3F1FF3FCD
:10AA300008BFB2F1FF3F2DE9F047044692461D469C
:10AA400000F08F80066846B1474948486E2201F001
:10AA5000D8FE45486E2101F0CBFE8160EFF31187EF
:10AA6000402383F31288BFF36F8F4148FFF738FF0D
:10AA700038B940493D48882201F0C3FE88213D484D
:10AA8000E9E73B48FFF750FFBAF1FF3F75F1FF33AD
:10AA900023DA3949D1E900206FF001039B1A4FF006
:10AAA000FF3262EB0000B3EB0A0360EB0500012B01
:10AAB00070F1000201DA01233046C4E904302F4B63
:10AAC0001A68D3F804C09A4218BF164686B9C4E97A
:10AAD000003CCCF800405C601CE0FFF747FF1AF137
:10AAE000010845F1000518EB000345EBE070E4E7D1
:10AAF000D6E90415D4E904208A4270EB050E23DA66
:10AB0000891A726865EB0005C6E90415C4E900629C
:10AB1000146074601A689A4209D0944207D1184BA5
:10AB20001C6824B9FFF762FF2146FAF787FC10483A
:10AB3000FFF7E4FE88B90F490C4840F2311201F0EA
:10AB400060FE40F231119AE7521A60EB050066454B
:10AB5000C4E90420BBD03668B8E787F31188BFF397
:10AB60006F8FBDE8F08700BFE8B70400A45204006F
:10AB7000B4630020C453040008540020301800209F
:10AB8000B063002038B50446EFF31185402383F30A
:10AB90001288BFF36F8F1648FFF7A2FE40B9154920
:10ABA0001548882201F02DFE8821124801F020FE70
:10ABB0000F48FFF7B9FE236883B12046FFF7E0FE98
:10ABC00000240B48FFF79AFE58B90A490A4840F298
:10ABD000311201F016FE40F23111E6E76FF0150474
:10ABE000EFE785F31188BFF36F8F204638BD00BFB4
:10ABF000B4630020C4530400A452040070B5054699
:10AC0000EFF31186402383F31288BFF36F8F194847
:10AC1000FFF766FE40B918491848882201F0F1FD97
:10AC20008821154801F0E4FD1248FFF77DFE2C68ED
:10AC3000B4B12846FFF7C0FE04460D46FFF796FE66
:10AC4000241A65EBE0750B48FFF758FE50B90A4926
:10AC50000A4840F2311201F0D4FD40F23111E0E730
:10AC60002546F0E786F31188BFF36F8F204629460B
:10AC700070BD00BFB4630020C4530400A45204009C
:10AC80002DE9F84F0446EFF31188402383F312882F
:10AC9000BFF36F8F4248FFF723FE40B94149424856
:10ACA000882201F0AEFD88213E4801F0A1FDDFF8C9
:10ACB000FC90DFF8FCB03A48DFF8F8A0FFF734FE6C
:10ACC000CBF80040D9F8004000264C4508BF0024CE
:10ACD0000027DAE90021DBF80030002C45D0D4E968
:10ACE00004504FEAE37CAB427CEB000E05DAED1A30
:10ACF00060EB0C00C4E9045037E0AA1841EBE571A1
:10AD00002046C4E90467CAE90021FFF739FE244858
:10AD1000FFF7F4FD40B92349234840F2311201F016
:10AD200070FD40F23111BFE788F31188BFF36F8FD8
:10AD3000A36820469847EFF31188402383F31288D5
:10AD4000BFF36F8F1648FFF7CBFD0028A6D014483D
:10AD5000FFF7EAFDDBF80030D9F800405B1B4C45FB
:10AD6000CBF80030B5D1DAE900219A1841EBE37154
:10AD70000024CAE90021CBF80040FFF737FE214646
:10AD8000FAF75CFB0648FFF7B9FD0028C3D088F34B
:10AD90001188BFF36F8FBDE8F84FFFF74FBD00BFBD
:10ADA000B4630020C4530400A452040030180020EF
:10ADB000B06300200854002070B5EFF311864023E3
:10ADC00083F31288BFF36F8F1548FFF789FD40B9F1
:10ADD00014491548882201F014FD8821114801F01A
:10ADE00007FD0F48FFF7A0FDFFF7C0FD0F4AD2E9AE
:10ADF0000045041945EBE0750948FFF77FFD40B9B0
:10AE00000849094840F2311201F0FBFC40F23111CF
:10AE1000E4E786F31188BFF36F8F2046294670BDA3
:10AE2000B4630020C4530400A4520400085400205A
:10AE3000F8B50446EFF31187402383F31288BFF37C
:10AE40006F8F4A48FFF74CFD40B94949494888226D
:10AE500001F0D7FC8821464801F0CAFC4348FFF7BF
:10AE600063FD22686AB14148FFF748FD002877D1A9
:10AE70003F49404840F2311201F0C3FC40F2311129
:10AE8000E9E7D4E90A36581C46F10001022871F1BD
:10AE9000000127D3012B76F10001BCBF0123164628
:10AEA0005D1E46F1FF3608F036FA013041F100012F
:10AEB000401946EB0101012871F100014BDB08F05C
:10AEC0002AFA013041F100016FF00102401946EB0E
:10AED0000103121A4FF0FF3161EB030326492046AC
:10AEE000FFF7A4FD236B01332363236AD3B11F480B
:10AEF000FFF704FD0028BBD087F31188BFF36F8FE5
:10AF0000236A20469847EFF31187402383F3128882
:10AF1000BFF36F8F1548FFF7E3FC002895D0134867
:10AF2000FFF702FD54F8185FA5429CD0002D9AD07F
:10AF30002846FEF70BFF00230C48EB67FFF7DEFC0B
:10AF4000002895D087F31188BFF36F8F2846BDE89E
:10AF5000F840FEF789BE6FF001024FF0FF33BDE706
:10AF600087F31188BFF36F8FF8BD00BFB86300206F
:10AF7000C4530400A452040031AE03002DE9F84389
:10AF8000064614461D4691469846EFF31187402326
:10AF900083F31288BFF36F8F2348FFF7A1FC40B9FA
:10AFA00022492348882201F02CFC88211F4801F007
:10AFB0001FFC1D48FFF7B8FCB5F1FF3F08BFB4F117
:10AFC000FF3F0CD11848FFF799FC38BB17491848C8
:10AFD00040F2311201F015FC40F23111E6E7631C3A
:10AFE00075F1FF330ADB012C75F100032246BCBF6B
:10AFF0000122002512F1FF3945F1FF383046FFF7F5
:10B00000C1FDDDE90823C6E90A23002333630949AA
:10B010004A4643463046FFF709FDD3E787F31188D8
:10B02000BFF36F8FBDE8F883B8630020C4530400FA
:10B03000A452040031AE03002DE9F84314233F4F1E
:10B0400015460C4603FB010000264FF040080CB9E2
:10B05000BDE8F88310F8073C40F80C6C03F03F03A0
:10B06000A0F11409082B30D8DFE803F03F1B052FAF
:10B07000112F2F2F250050F8043C6BBB304931486D
:10B08000B72201F0BEFBB7212D4801F0B1FB50F80B
:10B09000043C0BBB2A492B48BB2201F0B2FBBB216D
:10B0A000F2E750F8043CBBB925492648BF2201F01D
:10B0B000A8FBBF21E8E750F8043C6BB920492148C0
:10B0C000C32201F09EFBC321DEE71D491D48D022AB
:10B0D00001F097FBD021D7E750F8143C2BB150F882
:10B0E000102C13605A6040E905663846FFF706FCED
:10B0F00048B91549134840F2311201F082FB40F281
:10B1000031111148C1E785F31188BFF36F8FEFF359
:10B11000118588F31288BFF36F8F3846FFF7E0FB85
:10B12000013C30B908490748882201F06AFB8821B0
:10B13000E7E73846FFF7F8FB484688E7BC6300209E
:10B140000CB80400A4520400C45304002DE9F74FC6
:10B150000025DFF8808100911446019307462E46B2
:10B160004FF0400AA946009B9D4203DB304603B0E6
:10B17000BDE8F08FEFF3118B8AF31288BFF36F8F66
:10B180004046FFF7ADFB38B953495448882201F0D7
:10B1900038FB8821504854E04046FFF7C5FB7B7BD5
:10B1A00003F03F03082B45D8DFE803F026380544B9
:10B1B000234444443E003B699B68EBB10223FA6898
:10B1C000C7F80890C2F38630034363F39432FA6001
:10B1D00084F800904046FFF791FB1437002872D1A5
:10B1E0003D493E4840F2311201F00BFB40F2311173
:10B1F000D0E73B691B6833BB019B002BEAD1237866
:10B20000002BE7D07B7B03F03F03082B54D8DFE80B
:10B2100003F02A3A1C532D53535346003B699B6855
:10B22000002BE9D00123CAE73B695B6A002BE3D01E
:10B230001023C4E72A492948642201F0E2FA642174
:10B24000274801F0D5FA0423B9E7386930B9244911
:10B2500022488E2201F0D5FA8E21F1E722463946A6
:10B26000103008F0C7F8BC600136B3E7386930B970
:10B270001B491A48922201F0C4FA9221E0E72246C3
:10B2800039461430EDE7386930B91549134896222C
:10B2900001F0B7FA9621D3E722463946E1E738694B
:10B2A00030B90F490D489A2201F0ABFA9A21C7E74D
:10B2B000224639462830D4E709490848A72201F038
:10B2C000A0FAA721BCE78BF31188BFF36F8F01357C
:10B2D00049E700BFBC630020C4530400A45204002B
:10B2E0000CB804002DE9F04F1E46534B9C68012317
:10B2F000174685B0054604F1600284F8603084F892
:10B300006130EFF3058BBBF1000F0AD04B494C487D
:10B310004FF4957201F075FA4FF49571474801F0BA
:10B3200067FA40B94549464840F22B1201F069FAE4
:10B3300040F22B11F2E7002908DA404940484FF467
:10B34000967201F05EFA4FF49671E7E757EA06034A
:10B350000CBF01230023FFF7F9FE8046EFF31189AC
:10B360004FF0400A8AF31288BFF36F8F3548FFF71A
:10B37000B7FA38B934493248882201F042FA8821B4
:10B380003148CCE72F48FFF7CFFA94F86030E3B9A3
:10B390004A46414628460393FFF74EFE2948FFF7E9
:10B3A000ADFA039B40B92849254840F2311201F01B
:10B3B00028FA40F23111E3E789F31188BFF36F8F68
:10B3C0001C46204605B0BDE8F08F57EA060384F816
:10B3D00060B00BD11B48FFF791FA0028E3D089F346
:10B3E0001188BFF36F8F6FF00A04EAE7CDE90076AA
:10B3F000164A14484946FEF725FD0446EFF3118628
:10B400008AF31288BFF36F8F0E48FFF769FA00289E
:10B41000B0D00C48FFF788FA284632464146FFF77D
:10B420000BFE0848FFF76AFA0028BCD086F31188A3
:10B43000BFF36F8FC5E700BF6C6300200CB804003A
:10B44000A4520400BC630020C45304003818002038
:10B4500070B504460D46EFF31186402383F312883E
:10B46000BFF36F8F1748FFF73BFA40B916491748EB
:10B47000882201F0C6F98821134801F0B9F9114872
:10B48000FFF752FA2068844209D0D0E900321360F5
:10B490005A600023C0E90033294607F0DCFF094861
:10B4A000FFF72CFA40B90849084840F2311201F080
:10B4B000A8F940F23111DFE786F31188BFF36F8FEF
:10B4C00070BD00BFBC630020C4530400A45204003C
:10B4D00070B504460D46EFF31186402383F31288BE
:10B4E000BFF36F8F1C48FFF7FBF940B91B491C489D
:10B4F000882201F086F98821184801F079F9164868
:10B50000FFF712FA2068E56001218442A1600CD1A6
:10B510001148FFF7F3F9C0B91049114840F2311250
:10B5200001F06FF940F23111E6E7D0E90032136023
:10B530005A600023C0E9003307F08DFF314604460E
:10B540000548FEF7E1FD204670BD86F31188BFF384
:10B550006F8F0024F7E700BFBC630020C4530400D2
:10B56000A452040073B505460E4607F068FEF0B914
:10B57000114B9B681C6FDCB1321D18D200200021DA
:10B58000CDE9000145F004012046FCF7F1FE70B161
:10B590000460041D65B1013D2C4209D007490848EB
:10B5A000252201F02EF90548252101F021F900247A
:10B5B000204602B070BD00BF6C6300202DB80400AF
:10B5C000A452040030B599B00546684600F028F84A
:10B5D0006946044608A800F053FA08A9044328461F
:10B5E00000F08AF9204619B030BD00BF70B598B0A0
:10B5F00005466846164600F013F83146044608A88A
:10B6000000F046F908A96A460443084600F082F9AA
:10B6100008A90443284600F06DF9204618B070BD13
:10B6200070B50B68124E1BBAC3614B681BBA8361BD
:10B630008B681BBA4361CB681BBA03610B691BBAE9
:10B64000C3604B691BBA83608B691BBA4360CB69CB
:10B650001BBA3246036001460446C4F771FD314609
:10B66000054602462046C4F78BFD681E70BD00BF2C
:10B67000C84F04002DE9F04188B00C46064602F19F
:10B680002001684606F120079046C5F753F86A4640
:10B6900069466846C4F770FF69463846C5F74AF8F8
:10B6A0003A463946384604F12005C4F765FF6A4634
:10B6B00069466846C4F760FF41462846C5F73AF830
:10B6C0006A4641463046C5F71DF82A46294668466F
:10B6D000C4F752FF2A4669466846C4F74DFF124A2E
:10B6E00069466846C4F748FF69462046C5F722F810
:10B6F000324621462046C4F77DFF32462146204689
:10B70000C4F778FF224631462846C4F773FF6A46DD
:10B7100029462846C4F7F6FF3A4629462846C4F784
:10B7200069FF08B0BDE8F081A8500400F0B599B0F9
:10B7300004460D460A4601466846C4F75BFF694663
:10B740006846C4F7F7FF6A46214608A805F12006B7
:10B7500004F12007C4F7D6FF6A4629466846C4F7B5
:10B76000D1FF3246394610A8C4F706FF32463946A3
:10B770003046C4F73FFF31462846C4F7DBFF6A4630
:10B7800008A92046C4F7F8FE224629462846C4F7F1
:10B7900031FF6A4608A96846C4F72CFF6A46394655
:10B7A0003846C4F7AFFF2A4608A96846C4F722FF07
:10B7B0006A4631463046C4F7A5FF3A463146304620
:10B7C000C4F718FF10A96846C4F7B4FF22466946BB
:10B7D0002046C4F70FFF08A922460846C4F70AFF0F
:10B7E00010A908AA0846C4F78DFF3A4610A93846A2
:10B7F000C4F700FF19B0F0BD2DE9F04188B00C4648
:10B80000054690460A4601466846C4F7F3FE694677
:10B810006846C4F78FFF6A462946284604F1200689
:10B82000C4F770FF05F120076A4621466846C4F751
:10B8300069FF324639463046C4F7DCFE31462046C1
:10B84000C4F778FF2A4621462046C4F7D3FE6A464D
:10B8500021462046C4F7CEFE6A4629464046C4F734
:10B86000C9FE424639463846C4F74CFF22462946AF
:10B870006846C4F7BFFE6A4631463046C4F742FF09
:10B880003A4631463046C4F7B5FE08B0BDE8F0810F
:10B8900070B500F1200690B00D46044600F014F992
:10B8A00005F12001304600F00FF9214608A8C4F741
:10B8B00041FF08A908460D4AC4F75EFE08A92246C2
:10B8C0000846C4F71FFF08A9094A0846C4F754FEF2
:10B8D00031466846C4F72EFF202269460DEB020070
:10B8E000C4F71CFE013810B070BD00BFA8500400A2
:10B8F0008850040000F002B938B504460D4600F047
:10B90000FDF805F1200104F12000BDE8384000F009
:10B91000F5B800BF2DE9F0471346B8B0544A894640
:10B920008046194610A8C4F70BFC5249024610A8DD
:10B93000C4F726FC179E4E4900EAD6760746C6F1A4
:10B94000010210A8C4F71CFC179B4A466FEA030AC1
:10B9500028A918A8FFF78EFE4FEADA7A20A9CAF1C3
:10B960000102084600F092F8C7F10107FE246A467A
:10B9700018A928A8FFF740FF631138AA02EB830338
:10B9800004F01F0253F8A03CD340554603F0010ACF
:10B990008AEA05052A4628A918A8C4F74DFC2A46B4
:10B9A00030A920A8C4F748FC013C28A918A8FFF733
:10B9B000BDFE631CDBD1CAF1010220A908A800F07A
:10B9C00065F886EA0A066A4618A928A8FFF714FF50
:10B9D00028A9324618A8C4F72FFC324630A920A85F
:10B9E000C4F72AFC08A96A460846C4F78BFE08A9D2
:10B9F000084600F09DF808A908F1200409F120028A
:10BA00000846C4F77FFE20A908AA2046C4F77AFE9C
:10BA100008AA18A96846C4F775FE69466846C4F7BF
:10BA200089FE18AA694608A8C4F76CFE2146684634
:10BA3000C4F780FE08AA69461046C4F7DBFD0E4A2B
:10BA400008A96846C4F7D6FD20462021C4F77AFD30
:10BA500008A9024644426846C4F7EEFB4046074A3E
:10BA60006946C4F74FFE3C43204638B0BDE8F08736
:10BA7000085004002850040088500400E84F0400D7
:10BA80000A460149FFF746BF4850040070B588B028
:10BA900004460D46164600212022684607F036FD72
:10BAA0000023294620222046009307F021FD2A4644
:10BAB00069466846C4F79EFD324669462046C4F78B
:10BAC000BBFB08B070BD00BF0B681BBAC3614B68FD
:10BAD0001BBA83618B681BBA4361CB681BBA0361D5
:10BAE0000B691BBAC3604B691BBA83608B691BBAB5
:10BAF0004360CB691BBA0360704700BFCB691BBAB8
:10BB000003608B691BBA43604B691BBA83600B6986
:10BB10001BBAC360CB681BBA03618B681BBA436155
:10BB20004B681BBA83610B681BBAC361704700BFC7
:10BB300070B598B00D46064610A8C4F7FBFD2A461E
:10BB400010A96846C4F7DEFD694610A8C4F7F2FDE7
:10BB500010A90846C4F7EEFD6A4610A908A8C4F764
:10BB6000D1FD08A910A8C4F7E5FD10A90846C4F73F
:10BB7000E1FD10A90846C4F7DDFD10A90846C4F789
:10BB8000D9FD10A908AA0846C4F7BCFD10A90846AB
:10BB9000C4F7D0FD10A90846C4F7CCFD10A96A4629
:10BBA00008A8C4F7AFFD052408A910A8C4F7C2FD72
:10BBB00010A90846C4F7BEFD013C10A9F5D108AA9A
:10BBC0000846C4F79FFD052410A90846C4F7B2FD36
:10BBD00010A90846C4F7AEFD013CF5D110A908AA8A
:10BBE0000846C4F78FFD10A908A8C4F7A3FD08A94B
:10BBF0000846C4F79FFD08A96A466846C4F782FD57
:10BC00001024694610A8C4F795FD10A90846C4F78A
:10BC100091FD013C10A9F5D12A460846C4F772FDF2
:10BC2000402410A90846C4F785FD10A90846C4F7AA
:10BC300081FD013CF5D110A96A460846C4F762FDB2
:10BC4000102410A90846C4F775FD10A90846C4F7CA
:10BC500071FD013CF5D110A96A460846C4F752FDB2
:10BC6000102410A90846C4F765FD10A90846C4F7BA
:10BC700061FD013CF5D110A908AA0846C4F742FDB0
:10BC80002A4610A93046C4F73DFD18B070BD00BF6C
:10BC90000CB430B589B005460C461C22002101A821
:10BCA00007F034FC02238DF806300E4B0293059505
:10BCB00023462CB1B4F1004F28BF4FF00043013BA5
:10BCC0001D440DAA0C99069501A8009200F0E8F811
:10BCD00014B1059B00221A7009B0BDE8304002B0D3
:10BCE000704700BF27360400242A2DE9F04104469E
:10BCF00001D8012A4CD107F09FFC354B16221A506F
:10BD000001B10C6000273846BDE8F08135462E466B
:10BD100016F8010B2028F9D0A0F10907042F0346DB
:10BD2000F4D92B2836D02D2837D14FF0010C6B7861
:10BD3000AE1C302B38D1307840F0200078282FD13D
:10BD400032F010002CD173783446102202360CF1F8
:10BD5000004001380027B0FBF2FE02FB1E08392B21
:10BD600082BF03F1FF3343F02003263B303B9A426E
:10BD70001ED9774502DC03D1984501D24CF0020C64
:10BD8000354607FB023715F8013B34462E46E6E7F9
:10BD90000546BCE74FF0000CC9E74FF0000CC8E7C0
:10BDA000002A08BF0822D2E7002A08BF0A22CEE7ED
:10BDB00001B10C601CF0010F18BF7F421CF0020F94
:10BDC000A1D0074607F038FC014B22221A509AE70F
:10BDD0000C000000242AF0B5044601D8012A40D105
:10BDE00007F02AFC2D4B16221A5001B10C600020DE
:10BDF000F0BD2F463D4615F8010B2028F9D0A0F1E3
:10BE00000906042E0346F4D92B282CD02D282CD13A
:10BE100001267B78BD1C302B2DD1287840F02000E6
:10BE2000782824D132F0100021D16B782C461022D2
:10BE300002350020392B82BF03F1FF3343F020038A
:10BE4000263B303B9A421AD9A0FB02040CB9C01819
:10BE500001D346F002062F462C4617F8013B3D461B
:10BE6000E8E70746C6E70026D3E70026D3E7002A1F
:10BE700008BF0822DDE7002A08BF0A22D9E701B17E
:10BE80000C60F20748BF4042B307B1D507F0D4FBBE
:10BE9000024B22221A504FF0FF30A9E70C0000009D
:10BEA0002DE9F04F8DB043680293837815469A07C9
:10BEB000804640F10D8100240E78002E00F00A81AA
:10BEC000252E0BD04B1C03930134029B4146304678
:10BED00098470028C0F2F6800399EDE74E788B1C56
:10BEE000252E0393F0D00027B946BB46BBF11F0FA8
:10BEF00038D8A6F12003102B0AD8DFE803F02A096E
:10BF000009300909092109090928092D09091F0012
:10BF1000A6F13003092B33D92A2E37D11BF0400F5D
:10BF200055F8043B40F08280002BA7BF4BF0200B5C
:10BF30009946C3F100094BF0280B01E04BF0010BCF
:10BF4000039B13F8016B0393002ECFD130E04BF02D
:10BF5000020B4BF0040BF3E74BF0080BF0E74BF050
:10BF6000100BEDE7BBF17F0F19D8A6F13003092BB9
:10BF7000D2D81BF0400F03D00A2101FB0737DFE7BF
:10BF80000A2101FB09394BF0200BD9E72E2E06D1EF
:10BF90001BF0400F40F09E804BF0400BD0E76C2E22
:10BFA00031D02BD8682E36D06A2E3CD04C2E3AD0C9
:10BFB000002F46F02003B8BF2BF04002A3F165012B
:10BFC000BCBF1FFA82FB0027022901D9612B2FD1A8
:10BFD000073525F00705DFF8ACA2083507271BF069
:10BFE000080F66D00AEB070B56465E4563D1A4EBFB
:10BFF0000A0A06EB0A02A9EB07096FE1742E9FD02B
:10C000007A2E9DD0D4E71BF0800F18BF4BF4007B35
:10C010004BF0800B94E71BF4807F18BF4BF4007B40
:10C020004BF4807B8CE74BF4207B89E71F4687E746
:10C03000A6F16301122900F2F080DFE811F013008D
:10C040004F00EE00EE00EE00EE004F00EE00EE00BE
:10C05000EE00EE00EE00FE00E900EE00EE001B0038
:10C06000EE00AF0055F8043B8DF8183001270DF1B4
:10C07000180AB4E755F804AB834BBAF1000F08BFB8
:10C080009A461BF0400F14BF39464FF0FF3150461F
:10C0900007F066FA0746A2E7029B41462020984730
:10C0A00000280FDB013EB742F6D34C44A41BB14637
:10C0B00098E74E46F7E716F8010B029B4146984772
:10C0C000002892DA98F8023043F0040388F802302E
:10C0D0004FF0FF3420460DB0BDE8F08F1BF0800F0D
:10C0E00034D01BF4007F2CD0073525F00705AA4675
:10C0F00069685AF8080B2BF010050029ADB237DA41
:10C10000404261EB410145F480650DF1180B0A23B3
:10C110005A4607F031FAA0EB0B0301936B0662D588
:10C12000019B25F001019F4289B240F3A180002EBE
:10C1300000F0998015F0100240F09C80BB460D463F
:10C1400023E0AA465AF8040BC117D4E7AA461BF409
:10C15000807F5AF8041B01D10846F5E71BF4007FE5
:10C1600015BF48B208B241F3C01141F3C031C2E774
:10C1700050EA0103C9D11BF0400FC6D0002FC4D133
:10C180002BF0110295B2BB46019740F2064115EA29
:10C1900001021CBF0BF1010B00222CE02BF010025E
:10C1A0001FFA82FB0A231BF0800C49D01BF400719C
:10C1B0001DBF073525F00705AA46AA461ABF5AF83B
:10C1C000080B69685AF8040B50EA010545D12BF0B9
:10C1D00016051BF0400FADB242D0002F40D12BF01E
:10C1E000170295B2019715F0100248D0019B002E5E
:10C1F00042D103F1010B29075AD4EB0706D5D945E3
:10C200006FDD0199A9EB0B035F18CB465B4649E054
:10C210004BF0100B10237826C5E7782B04D1C6F11C
:10C22000780343F01003BEE7029B41462520984760
:10C230000028FFF647AF023447E608230026B2E79E
:10C24000AA461BF480715AF8040BBDD01BF4007190
:10C250001ABFC0B2614680B2B6E72BF0060295B2B3
:10C260000DF1180B54E725F01105ADB2BB468CE774
:10C270000D46B8E73B460D4603F1020BBBE7DDF880
:10C2800004B082E7A5B804009EB80400CDE90432EA
:10C290004146029B202098470028FFF613AF049BDD
:10C2A000059A01339945F1DCA4EB0B01CC189B46B0
:10C2B0000AB3029B4146302098470028FFF602AFA0
:10C2C0008EB901342744019B391B994224DC1D4659
:10C2D0005DBB019AA9EB0B092244554614469144D3
:10C2E00035E0019F92E7023441463046029B984771
:10C2F0000028E7DAE6E640F206410D42E2D015F00A
:10C30000020F14BF2B20202015F4806F04F10104CC
:10C31000414618BF2D20E9E7029B4146302098474F
:10C32000002804F10104CEDACCE606AB013D41461B
:10C33000585D029B98470028CADAC3E6029B414633
:10C3400020209847002804F10104FFF6BBAEA9EBBA
:10C350000403002BF2DCBFE5704710B50A448A42A3
:10C3600000D110BD11F8013B434083EA0313DBB257
:10C370001C0984EA102444EA032484EAC300EEE79B
:10C38000836800EBC101B3F5004F2CBF51F82200C8
:10C3900031F81200704700EBC1018068B0F5004F22
:10C3A0002CBF41F8223021F81230704708B5012225
:10C3B000FFF7E6FFD04008BD8368B3F5004F00EB00
:10C3C000C10108D34B681AB143F001034B607047B9
:10C3D00023F00103FAE74B881AB143F001034B80C5
:10C3E000704723F00103FAE753000122FFF7D3BFA0
:10C3F0008368B3F5004F34BF04230823C91A081A11
:10C40000C0087047B0F5004F34BF0423082307313C
:10C41000C818C008704708B50A460121FFF7F2FFA7
:10C420000132121AB2FA82F0C0F11F0008BD2DE9E4
:10C43000F041174603220E460446FFF7A1FF86424D
:10C44000054607F104080AD1E3680122BA4023EA4D
:10C450000203E360002344F82830BDE8F081314650
:10C4600002222046FFF78CFF2B460646014644F881
:10C47000285020460322FFF78EFF334629462046E8
:10C480000222BDE8F041FFF786BF70B50D46866811
:10C490000446FFF78BFFB6F5004F014601D3012894
:10C4A00009D03046FFF7B7FF294602462046BDE8CF
:10C4B0007040FFF7BCBF70BD2DE9F04705468068AE
:10C4C0008846FFF7A8FF05EB800A0646DAF81090C9
:10C4D000B9F1000F1BD00327DAF810402846214697
:10C4E000FFF764FF404507D3324621462846FFF751
:10C4F0009EFF2046BDE8F087032221462846FFF72D
:10C500003FFF013FCAF8100001D08145E4D1EB683C
:10C5100001364FF0FF34B4401C40EAD094FAA4F244
:10C52000B2FA82F2131D55F82340DEE72DE9F041FF
:10C53000144605460E46FFF739FFA4EB0608371BE5
:10C540000744424631462846FFF74EFF3A46214609
:10C550002846FFF749FF4346002221462846FFF7B9
:10C560001AFF21462846FFF721FF3B4621180022EB
:10C570002846BDE8F041FFF70EBF2DE9F041164611
:10C5800004460F46FFF712FF314605462046FFF7E7
:10C590000DFF05442A4639462046FFF725FF314660
:10C5A0002046FFF703FF2B46311800222046BDE846
:10C5B000F041FFF7F0BE2DE9F0410D4686680446D4
:10C5C000FFF7F4FEB6F5004F014601D3012832D043
:10C5D0003046FFF720FF04EB80010E6996B9E3684F
:10C5E000012282401343E36002220D612B4629465B
:10C5F0002046FFF7D0FE032229462046BDE8F04141
:10C60000FFF7C9BE022231462046FFF7B9FE294690
:10C61000034607462046FFF7BEFE0322334629465F
:10C620002046FFF7B8FE39462B462046FFF7B3FEFB
:10C6300002223146E1E7BDE8F081F8B50C46054637
:10C64000FFF7B4FE2618012231462846FFF798FE70
:10C65000C3070CD431462846FFF717FF214628466A
:10C66000FFF7A4FE214622182846FFF786FF002286
:10C6700021462846FFF784FE271A0122394628461C
:10C68000FFF77EFE10EA020613D139462846FFF76F
:10C69000FCFE214632462846FFF772FE2246211A4A
:10C6A0002846FFF76AFF214632462846FFF768FE14
:10C6B000241A21462846BDE8F840FFF77CBF70B534
:10C6C000066809B9002070BDB068B0EBD10FF9D988
:10C6D000FFF798FE014605463046FFF7EDFE04469B
:10C6E0000028EFD001463046FFF760FEA84209D986
:10C6F0002544214630462A46FFF718FF2946304692
:10C70000FFF759FF304601222146FFF755FEB36877
:10C71000B3F5004F34BF0423082303EBC4031844CC
:10C72000D1E72DE9F04706460D46174698462BB34C
:10C7300098F8004093F80190DB78A40004EB4304E0
:10C7400098F802301C4444444FF0000ACA4509D30B
:10C75000D8F8042008F1080339463046AC46BDE855
:10C76000F047604714F8013B48F823402046DDF7C6
:10C7700021F9013004440AF1010AE7E76FF01500DE
:10C78000BDE8F08770B5002502462846144614F827
:10C79000013B0BB9184609E098B18D4207D1702BC7
:10C7A00004D0A3F140023A2A0BD8002070BDA3F1B7
:10C7B00040063A2E05D853780135941C002BE9D059
:10C7C0000020252B08BF80F001002246DEE7002074
:10C7D000704700F098BC0FB407B504A951F8040BDA
:10C7E000019100F090FC03B05DF804EB04B07047D9
:10C7F000002383F31188BFF36F8F0423184602DFF1
:10C8000070470FB407B504A951F8040B0191FFF765
:10C81000E0FF03B05DF804EB04B0704710B50369A6
:10C82000024613F0080009D11368D4689C4297BFF0
:10C83000526AE31AD31A01200B6010BD0023184678
:10C84000FAE713B501A90446FFF7E8FF20B1019B01
:10C85000E268013B13440193606A019BC01A0138EE
:10C8600002B010BD10B5044650182269636AD207A1
:10C8700002D5013B184010BD984228BFC01AFAE704
:10C8800010B504460A46C168FFF7ECFF2369E06073
:10C8900023F00803236110BD38B50D46026A8B00F2
:10C8A000016843F0020342F82130044601682A4639
:10C8B000FFF7D8FFE36861682060984202BF2369F0
:10C8C00043F0080323612A462046FFF7CBFF606050
:10C8D00038BD2DE9F74FC768066A9B4616F8273022
:10C8E00003F00303022B04468846914606EB870AB1
:10C8F0004FF0000309D01360CBF80030236999078B
:10C9000010D4002003B0BDE8F08F56F82710136054
:10C910008908CBF80030F1D0FFF7B2FFE368A360DD
:10C920000120EFE7E3695046984716F82730DA0709
:10C930000546E6D513F002031DD0B8F1000F03D071
:10C9400041462046FFF7A8FF61682A462046FFF7C8
:10C9500089FFD4E902319942606004D12A46204619
:10C96000FFF780FFA060A3682360E360236943F0C2
:10C9700008032361D4E7014620460193FFF780FFB7
:10C98000E268A260B8F1000F04D02168226A019B1E
:10C9900042F8213005EB0802CBF800202168204640
:10C9A000FFF760FF2369206043F00803236116F856
:10C9B00027306FF3000306F82730C9F800A0AFE76F
:10C9C00070B504461546FFF74DFF2368834205D135
:10C9D0002369216023F00803236170BD226AAB0044
:10C9E00043F0020342F82130204661682A46FFF7EF
:10C9F00039FF6060F1E738B503695B07044606D587
:10CA0000856AFFF71EFF85422CBFA562A06238BD74
:10CA1000F0B564230546042600200A2769B9F0BD55
:10CA20009A42B2FBF3F40CD2012B0AD048B903FBB3
:10CA30001422D2B20A24B3FBF4F3013EF0D12E70DB
:10CA4000EDE7303405F8014BB2FBF3F4013903FB99
:10CA500014220130B3FBF7F3C9B2C0B2D2B2DBB2D9
:10CA6000DCE7A0F13003DBB2092B02D80B70002009
:10CA70007047A0F16103052B02D85738C3B2F5E720
:10CA8000A0F14103052B01D83738F7E76FF0150007
:10CA90007047F7B5054601F0010000EB51069E42D4
:10CAA0004FEA510703D90026304603B0F0BD58B114
:10CAB00028780DF10701FFF7D4FF0028F3DB9DF87C
:10CAC000073002F8013B013501351744BA42EBD07B
:10CAD00015F8010C0DF10701FFF7C3FF0028E2DB99
:10CAE0009DF807402401E4B2147015F8020BFFF71B
:10CAF000B8FF0028D7DB9DF807301C4402F8014B33
:10CB0000E4E7838B13F0070305D10368002B0CBF08
:10CB1000002003207047022B05D1C08BB0FA80F0B3
:10CB2000400980007047012B05D10368002B0CBF22
:10CB30000020052070470020704710B50C4600B15A
:10CB400011B96FF0150010BD081D00F02FF8002876
:10CB5000F9D1A368032BF6D9F3E72DE9F0410D468F
:10CB600007461946281D90461E46DEF7A9FB0446D7
:10CB700038B13346424629463846A446BDE8F0411E
:10CB80006047BDE8F08138B50C46054658B151B153
:10CB90000B6843B14B6833B12022002106F0B6FC8C
:10CBA0002C61002038BD6FF01500FBE7034640B153
:10CBB000426802F00302022A06D0032A04D0012AA6
:10CBC00005D06FF0150070471A68002AF9D00020D0
:10CBD00098607047704780EA1020C0EBC01300EBEC
:10CBE0008303C3EB0313A0EB830083B2C0F3C8102D
:10CBF000584000EB8013C0EB031303EBC30300EBBF
:10CC00004300C0EB800080EA502000F07F007047B6
:10CC100070B406688489806A0D0C16FA81F105FBF0
:10CC2000041184682468A44670BC60472DE9F04371
:10CC30001C46C36A1D686D4289B006468846174681
:10CC400005F020051CB9204609B0BDE8F083AC42D0
:10CC5000A14628BFA9464B466A4641463046FFF7E3
:10CC6000D7FF0028F0D16B46484502D1241A8044F2
:10CC7000E8E713F8012BBA4201D10130F4E70120B3
:10CC8000E2E70B6803F580330B60C0891A0CB0EB48
:10CC9000134F04BFA3EB02430B60704700F0ACBA24
:10CCA000F8B50446234680890D0C0A0C53F8301B56
:10CCB0002D0402FB00114FF0FF3604F50C70984272
:10CCC00010D1A06AA28900F0EEFC50B9E26AA389F3
:10CCD000527929462046FFF7A9FF002818BF6FF0B8
:10CCE0000500F8BD5F88BA4208BF1E600433E6E75E
:10CCF00010B5014604460722FF20DDF7BFF8E071BA
:10CD000010BD0368012B81BFC91801F1FF315B42DF
:10CD10001940084670472DE9F0410C4605460821A8
:10CD2000C06AFFF7EEFF072207462146FF2066880C
:10CD3000B4F80480DDF7A2F8E379834208D1A8892A
:10CD40004644C01BB04294BF00200120BDE8F081E2
:10CD50000020FBE738B505460C46FFF7DCFFA0B125
:10CD6000A08898B922884FF6FF739A420DD1E86ADD
:10CD70000821FFF7C6FF6288AB899B1AB3FBF0F26C
:10CD800002FB1030B0FA80F0400938BD0020FCE70B
:10CD9000F7B504460D46C06A0821FFF7B2FF2968BF
:10CDA000074608232046FFF733FF0646002836D102
:10CDB0002B683B442B60A28999B2D21B91422ED1A1
:10CDC0001A0C03BFE28902F1FF3203EB0241A3F523
:10CDD0008031296008236A462046FFF719FFE8B929
:10CDE000E36A5A796B4613F8011B8A420CD1013071
:10CDF0000828F8D1636805E02B68BDF802201B0CF9
:10CE00001B0413442B600AE069462046FFF7A2FF8B
:10CE10000028F1D129462046DEF77CFA0646304646
:10CE200003B0F0BD2DE9F043074689B090461E4699
:10CE30001BB9002009B0BDE8F0833C688389080C69
:10CE400014FA81F100FB0314FB6A1D686D42354042
:10CE50000CD0B86A83682146D3F804902B46C847A3
:10CE60000028E7D1761BE4D02C44A8443246414642
:10CE7000684606F03DFBFD6A2A686979921B0DEB56
:10CE8000060006F043FBB86A2B68826821465568A5
:10CE90006A46A847CEE738B50A460D4608234168DA
:10CEA0000446FFF7BFFF024628884FF6FF739842FB
:10CEB00005D0FFF790FE0C30636844F82030E06A3C
:10CEC0000821FFF71EFF63681B1A6360104638BD18
:10CED00013B54FF6FF7300220446ADF800308DF80D
:10CEE00006308368ADF804206846ADF80230FFF7DD
:10CEF000FFFE69462046FFF7CEFF02B010BD2DE9C8
:10CF0000F04F044695B0C06A0821FFF7FAFE636847
:10CF10001B0C1B04054603A920460393FFF7B1FE33
:10CF2000DDF80CB0A6895E44761B06AA08233146BC
:10CF300020460496FFF76CFE021EC0F2B480E36A3E
:10CF400006AA5979002312F8010B814240F09A8019
:10CF50000133082BF7D1A36862682B449A4280F012
:10CF6000898059462046FFF79BFE02469BE0BDF8AC
:10CF70001A30360C36041E44049608AA04A920462A
:10CF8000DDF810A0FFF704FF0246002840F08B8078
:10CF900008A92046FFF7BFFE18B9019B9A45ECD1BE
:10CFA000D9E7BDF82000FFF716FE0C3054F820300A
:10CFB0000593013304BF636805930AAA05A92046B7
:10CFC000059EFFF7E5FE024600286CD1BDF828203B
:10CFD000BDF820309A4227D06268059B9A42ECD176
:10CFE0005645DAD1BDF82430002BD6D0BDF82270DA
:10CFF0004FEA1A431B041F4408A8A368ADF8223067
:10D00000FFF776FEE36ABDF824901E68764206F0CC
:10D010002006B9F1000F0ED108A92046FFF73BFF0B
:10D0200002460028B9D03EE00AA92046FFF773FE69
:10D030000028D1D0D4E74E45B04628BFC8460CAA38
:10D04000434639462046FFF7E3FD024658BB4346B8
:10D05000A1680CAA2046FFF7E5FE41460246E06AB9
:10D06000FFF74FFEA3680344A360E2B9A9EB0809E8
:10D070004744CEE72046FFF72BFF024600283FF447
:10D0800070AF10E0731B06A920460193FFF762FE04
:10D0900000287FF46CAF04A92046DEF73BF9024676
:10D0A00000283FF46AAF104615B0BDE8F08F0023AA
:10D0B0001A46DEF767BB13B500240094DEF750FC78
:10D0C00002B010BD03785B075FBF03684288C3F3FB
:10D0D0004A2303EB12105DBF173020F007008008D1
:10D0E000002070470020704705F0CBBC0346BFF31B
:10D0F0005B8F53E8000F421C43E800210029F8D160
:10D10000BFF35B8F70471FB50023CDE90201CDE966
:10D1100000331A4619461846DFF764F805B05DF883
:10D1200004FB0120DEF77ABD0020704770B5D2E91C
:10D1300001369B1B8B420C4615460AD313680A46E0
:10D140000146981906F0D4F9AB682344AB60204639
:10D1500070BD6FF01B00FBE770B50E461546194613
:10D16000044618B9BDE87040DEF758BD33B1C2F3CC
:10D170004A231030120D184406F0BAF9C4E90056DB
:10D180002046BDE87040DEF755BF2DE9F3415F1C36
:10D190004FEA8708064608F1170020F007008008CC
:10D1A0000C461546DEF7BEFD0023ADF805308DF8C0
:10D1B00007308DF8047068B10346019A43F8102FC8
:10D1C000A8F104012A46294452F8045B43F8045F9D
:10D1D0008A42F9D1A20102F4E07242EA482222F026
:10D1E0007F4222F47002002322F03F02314602B057
:10D1F000BDE8F041FFF7B0BF07B50123019201AAD6
:10D20000FFF7C3FF03B05DF804FB07B5CDE90023CA
:10D2100002236A46FFF7B9FF03B05DF804FB1FB5B0
:10D22000CDE90123069B039301AA0323FFF7ADFF7A
:10D2300005B05DF804FBF8B506460D4614461F46DA
:10D2400004B9F8BD214628463A46B047241A054499
:10D25000F6E710B5426881680446D2E90023006809
:10D26000FFF7E9FF636800221A6010BD0A2838B58D
:10D2700004460D4602D10D20DFF74CF82946204622
:10D28000DFF748F8002038BD2DE9F043054687B0A8
:10D2900008460E8891F80090D1F808800C46174691
:10D2A000DFF70CF8011EC6F38216C9F3C2091EDBB4
:10D2B0004846DEF7D1FE03462146608851F8102B20
:10D2C0000196C2F34A22002A01EB0204C0F30B10BC
:10D2D00008BF00210022CDE90407CDE90214009225
:10D2E00041462846DFF744F807B0BDE8F083002345
:10D2F000E2E743681B685B680020996170472DE98D
:10D30000F04143681B685A68012111771D68D5E90F
:10D310000136D3E900482F681CB96B681C60BDE872
:10D32000F081214630464246B847241A0644F3E7C6
:10D3300043681B681868DFF7A3B970B543681D68B8
:10D340006B6898690C46DEF745FC214603460F22C0
:10D350002868BDE870401847704770B54C6803688E
:10D36000A34201D2012070BD8A682244934201D3B6
:10D370000020F8E7D1E903254E69B54203D36FF0E9
:10D380000B038B61F4E71B1B42F8353043680869D7
:10D3900002EBC00253600B6901330B61E2E700202E
:10D3A000DFF708BB00221146DFF7CABA034610B503
:10D3B00008460AB10021116053B1D0B1411E11F8E5
:10D3C000010F80B113F8014BA04201D13D28F6D1E5
:10D3D00000200EE0013313600AE03D2808D0B0FAC7
:10D3E00080F0400905E018782F28F6D1002AF1D105
:10D3F000012010BD10B509B100230B6058B10346E0
:10D400001A781C4601332AB13D2A03D02F2AF7D1BE
:10D4100001B10B60201A10BD0830704710B51346DB
:10D4200014460A4681880068FFF745FEA042A8BF5F
:10D43000204610BD70B50446084616460D46DCF77A
:10D44000B9FA294602464FF6FF70FEF786FFB4F898
:10D45000403404EB8302013303F07F03A2F840025F
:10D46000A2F84262A4F8403470BD2DE9F04F0446A2
:10D4700097B0904699460E46002900F0E480002AB5
:10D4800057D0B3FA83F56D093046DCF793FA31468D
:10D4900002464FF6FF70FEF760FF04F10803834673
:10D4A000A24600270193BAF840325B4543D1BAF84F
:10D4B0004212B1F5004F3ED901984A2303AAFFF763
:10D4C000FAFD002837DB00F158030DEB03000023C1
:10D4D00000F84C3C03A93046DCF75AFA58BB04EB81
:10D4E0008707B7F84272B7F5004F64D1B4F83872C5
:10D4F00094F844A40137BFB2BAF1000F03D0B4F8D6
:10D500004234802B5CD9BA4604F1080B013FBFB20C
:10D51000B7F5004F00F09D804A2303AA39465846CC
:10D52000FFF7C9FD00280CDA10F1020F08BFBA4658
:10D53000ECE70125A8E70137802F0AF1040AB2D1F0
:10D54000D4E700F158030DEB0300002300F84C3C36
:10D5500003A93046DCF71CFA0028D7D1A5BBAB469F
:10D56000AA46B7F5404F71D0B4F83832BB4204F147
:10D5700008054FD307F580414B46424689B22846FD
:10D58000DEF700F9002840DBBAF1000F4FD1BBF104
:10D59000000F0ED13A4631462046FFF74BFF94F874
:10D5A000443433B1B4F84234802B9CBF0133A4F827
:10D5B0004234002029E03DB94FF0010BAA46D0E7E4
:10D5C00035B3B7F5004FF4D004F1080539462846C5
:10D5D000FFF76DFD002818DB07F5804189B228466A
:10D5E000FFF765FD002810DBB4F83832BB42E0D10C
:10D5F000013FA4F83872022304F50E724FF4004183
:10D600002846DEF7BFF800EAE07017B0BDE8F08FFB
:10D61000AB46A6E7A4F83872022304F50E724FF465
:10D6200000412846DEF7AEF80028A3DAEDE73046E1
:10D63000DCF7C0F93246034639462846DEF7A2F841
:10D640000028A4DAE1E76FF01500DEE76FF00B00C9
:10D65000DBE7002DADD15746AB464FF0010A80E71E
:10D6600073B5D0F83C3203630446CBB100F1080631
:10D670003046DDF7ADFE054678B902230DF106020E
:10D680004FF400413046FFF716FD0028ACBFBDF84F
:10D6900006304FF40043A4F83832284602B070BD7B
:10D6A0006FF01205F9E72DE9F0418768FB68044641
:10D6B0000D4616469847BB682BB132462946204690
:10D6C000BDE8F04118476FF05700BDE8F08138B56C
:10D6D0000D46AB4211461C4604D81A4605F008FF19
:10D6E000204638BD0024FBE705F010BFC30903EB5B
:10D6F000430303EBC30383EA4000C0B270472DE944
:10D70000F0430646A9B088461446402702F1240992
:10D71000DFF77CFB034600283ED0402108A898474D
:10D72000D0B3B4F9022012F11F0348BF02F13E0347
:10D730006D464A4608A9284643F3471300F0EFF91F
:10D740002246294618A800F006FE18B3B4F90230A4
:10D75000D91D48BF03F10E012A464046C91000F00A
:10D7600022FE94F9011018AA304600F01CFE94F92C
:10D77000011094F9002018AB03EB8202701800F03E
:10D7800012FE20220021284605F0C0FE012029B00B
:10D79000BDE8F083013FBBD10020F8E72DE9F04759
:10D7A0001C4693F9017093F900A0B3F90230A4B0BC
:10D7B0009046DA1D48BF03F10E0204AD81460CAE5F
:10D7C0002846D2100295039600F001FE3A464946DB
:10D7D00014A800F0FCFD14AB09EB070103EB8A0071
:10D7E0003A4600F0F4FD234632462946284600F02A
:10D7F00086FDB0FA80F3019424AA5B0902EB830151
:10D80000638801331BB2009351F8882C14A90023BC
:10D81000084600F0ACFC14AA3946404600F0C3FDAF
:10D82000214614A800F018FC0024CDE90244074664
:10D8300002AB20222146304605F068FE2022214618
:10D84000284605F063FEB7FA87F0400924B0BDE82A
:10D85000F087F0B500240646204665B2AB4200DCF6
:10D86000F0BD51F8247052F824503D440544AF42B5
:10D8700000F0010018BF002046F8245088BF40F097
:10D8800001000134E9E700EB81010023884200D365
:10D89000704751F8042D43EA52030B60D307F5E7B4
:10D8A00070B50368DB070546144604D4BDE8704034
:10D8B0001146FFF7E8BF13460A460146FFF7C9FFC6
:10D8C000214606462846FFF7DEFF46B104F18044B4
:10D8D000013C55F8243043F0004345F8243070BD36
:10D8E0004FF0000C2DE9F74F654664464FFA8CF96E
:10D8F0004B4516DC4FF0FF3606EB430601964FF022
:10D900000008019F53FA88FE4FFA8EFEBE455FFA6B
:10D9100088F628DB00EBC30040F8044C03B0BDE8F8
:10D92000F08F4FF0000E02EB8C0AF04651F82E708B
:10D930005AF80469A6FB076736190EF1010E6F410C
:10D9400034464FFA8EF64FF0000B28BF4FF0010B14
:10D950004E45D8443D46E9DD40F82C4045460CF1A3
:10D96000010C3C46C2E70136A94676B202EB8E0AAC
:10D97000002577B2BB4205DC40F82E4008F10108D3
:10D980004C46BEE76FF00307774351F826C05AF8BC
:10D990000770A7FB0C7C3F195CEB090C4FF0000BE8
:10D9A00028BF4FF0010B5D44E1463C460136E0E7FD
:10D9B00021EAE1729200002105F0A8BD10B5002314
:10D9C0001A465CB2A14203DCB2FA82F0400910BDF3
:10D9D00050F8234001332243F3E74A11012350F862
:10D9E000220001F01F018B40184070474B1E10B5FC
:10D9F0005BB2041D1A0603D45A1E54F8221071B1EA
:10DA000001335BB283B103F18042013A50F8221036
:10DA1000002231B9013B02EB431210B210BD134694
:10DA2000E8E749080132F4E71846F7E710B50023A4
:10DA30005CB2A24200DC10BD51F8234040F8234004
:10DA40000133F5E710B5013A52B2130601D50020B3
:10DA500010BD50F8224051F822309C4205D802F106
:10DA6000FF32F2D24FF0FF30F2E70120F0E730B59D
:10DA7000013A52B20023140603D5181E18BF012024
:10DA800030BD50F8224051F822506C402343013AF7
:10DA9000F1E7F0B5002406469C46204665B2654590
:10DAA00000DBF0BD51F8247052F824303D1AED1A15
:10DAB000AF4200F0010018BF002046F8245038BFE4
:10DAC00040F001000134E9E770B59DF910601D4692
:10DAD00033460446FFF7BDFE30B93246214628469C
:10DAE000FFF7B0FF012807D033462A4621462046DB
:10DAF000BDE87040FFF7CDBF70BD70B59DF91060F7
:10DB00001D4633460446FFF7C4FF38B133462A4664
:10DB100021462046BDE87040FFF79BBE70BD2DE951
:10DB2000F04FA5B01D4614ABCDE902310190294656
:10DB300010461746FFF75AFFC0EB851424B2002C9D
:10DB40002646B8BF04F11F06634246F3471603F0AA
:10DB50001F0304F01F09314658BFC3F1000904A890
:10DB6000FFF726FFB9F1000F4FEA86062DDD04AB63
:10DB700000221E44C9F1200C13469D421AD804AB62
:10DB800003EB850300936F1E24AB4FEA45084FEA71
:10DB90008509012603EB8707002C53DA24AB03EB3E
:10DBA0008606019856F8881C2A46FFF73FFF25B0E5
:10DBB000BDE8F08F57F8230000FA09F10A4346F850
:10DBC000042B013320FA0CF2D7E704AB2A4639467E
:10DBD0009819FFF72BFFD2E75AF8883C53F820201A
:10DBE00024AB03EB80030CF1010C53F8803C0B4495
:10DBF000D31A34BF4FF0010B4FF0000B9A425EF87E
:10DC0000882C42F8203018BF59464FFA8CF0404516
:10DC1000E2DB731A5E42294604A85E41FFF733FE39
:10DC200009F190036B44009853F8802C57F8803C1E
:10DC3000294643EAC273013C47F8803C24B2FFF70F
:10DC400022FEA9E724AB4FF0000CC6F1010E61469D
:10DC500003EB860A03EB8E0ED7E730B51C4691B076
:10DC6000054693F900306846FFF73AFED4F8AC3029
:10DC700069462846984711B030BD13460A46FFF75B
:10DC8000ECBF2DE9F04793F9006092B00446894655
:10DC90001046314615461F46FFF790FE002840F01B
:10DCA00091803A46494602A8FFF7E7FF3B4602AAA1
:10DCB00021460AA8FFF7D1FF02A908463A46FFF716
:10DCC000DCFF3B462A4649464846FFF7C6FF07F1B8
:10DCD00004083A4629462846FFF7CFFF43462A461E
:10DCE000214620460096FFF7EFFE43462A46294686
:10DCF00028460096FFF7E8FE43462A462146284676
:10DD00000096FFF7FAFE3B462A4621462046FFF7DB
:10DD1000A4FF43462246214628460096FFF7D4FE3C
:10DD2000434600962A4621462046FFF7CDFE23684B
:10DD3000DB074AD53346424621462046FFF789FD98
:10DD4000314682462046FFF79EFD06F18043013BA7
:10DD500054F8232042EACA7244F823203A46214666
:10DD60002846FFF78AFF43460AAA29462846009616
:10DD7000FFF7C3FE43460AAA294628460096FFF746
:10DD8000BCFE0AA9084643462A460096FFF7B5FEA0
:10DD90003B460AAA21462046FFF75FFF02AA4346F8
:10DDA000104621460096FFF7A8FE32462946204637
:10DDB000FFF73CFE49462846FFF738FE02A94846D1
:10DDC000FFF734FE12B0BDE8F08731462046FFF77A
:10DDD0005AFDC3E72DE9F04115468AB004460E46C8
:10DDE0001C22002103A805F091FB2F1D95F900804E
:10DDF00003232A46314620460293FFF73EFF3B4667
:10DE000002AA21462046CDF80080FFF776FE2B4679
:10DE1000324621462046FFF720FFCDF800803B46E2
:10DE200005F1840221462046FFF74EFE0AB0BDE808
:10DE3000F0812DE9F0479AB01646DDF88880444617
:10DE4000994614F9045B009507468A462346024624
:10DE5000314602A8FFF751FE02A942460846FFF7E5
:10DE60000CFF434602AA39463846FFF7F6FE434602
:10DE700002AA31463046FFF7F0FE23465246494695
:10DE800002A80095FFF720FE234652464946484621
:10DE90000095FFF732FE23463A4631460AA8009520
:10DEA000FFF72BFE43460AAA51465046FFF7D5FE20
:10DEB0002346324639460AA80095FFF705FE42463A
:10DEC00049463046FFF7D9FE23460AAA3146304676
:10DED0000095FFF712FE23463246394612A80095F8
:10DEE000FFF70BFE434612AA49464846FFF7B5FE28
:10DEF00023465246494648460095FFF7FEFD4246F6
:10DF000002A912A8FFF7B9FE12A923460AAA0846D9
:10DF10000095FFF7F2FD23463A4612A90AA800959C
:10DF2000FFF7EBFD0AA9434602AA0846FFF795FE54
:10DF3000234652460AA950460095FFF7DEFD2A46C1
:10DF400012A93846FFF772FD1AB0BDE8F087F0B5A8
:10DF50000F46A1B006461946384615461C46FFF73F
:10DF60002DFD28B1304621B0BDE8F040FFF720BDBF
:10DF7000224639466846FFF759FD294608A8FFF7AB
:10DF800055FD214610A8FFF713FD0123214618A8CF
:10DF90001093FFF70DFD224608A96846FFF752FDD2
:10DFA00030B9224610A93046FFF740FD21B0F0BD40
:10DFB000009BDA0709D421466846FFF764FC224635
:10DFC000294610A8FFF76CFCE5E7089BDB0707D4A0
:10DFD000214608A8FFF757FC2246294618A8F1E772
:10DFE000002823461CDD08AA69466846FFF751FD54
:10DFF00021466846FFF747FC224618A910A8FFF7FC
:10E0000021FD002805DA10A923462A460846FFF715
:10E0100020FC10A9234618AA0846FFF73AFDCEE7D0
:10E020006A4608A8FFF735FD214608A8FFF72BFC34
:10E03000224610A918A8FFF705FD002805DA18A93F
:10E0400023462A460846FFF704FC18A9234610AACF
:10E050000846FFF71EFDBFE70978490049B2FFF700
:10E06000ADBCF0B5154689B01C4607460E461A46AB
:10E0700029466846FFF701FE23466A463946384678
:10E08000FFF7EBFD23462A4669466846FFF7E5FDA4
:10E0900023466A4631463046FFF7DFFD09B0F0BD42
:10E0A0002DE9F0478AB01446DDF848A055461F46D2
:10E0B00015F9046B0096804689462B460246214698
:10E0C00002A8FFF71AFD02A952460846FFF7D5FD40
:10E0D000534602AA41464046FFF7BFFD534602AAF7
:10E0E00021462046FFF7B9FD2B464A4639463846B9
:10E0F0000096FFF702FD5246394602A8FFF7BDFD24
:10E1000002A92B46424608460096FFF7F6FC02A9F4
:10E110002B46224608460096FFF7EFFC2B46424668
:10E12000214620460096FFF7E8FC53462246494622
:10E130004846FFF792FD2B4602AA4146204600962C
:10E14000FFF7DBFC5346224639463846FFF785FD8C
:10E150002B464A46394638460096FFF7CEFC3246F3
:10E1600002A92046FFF762FC0AB0BDE8F0872DE95E
:10E17000F04FAFB09146399C029094F9006016A818
:10E1800032461D46FFF752FCB300039301EB8603B2
:10E19000884626A819460493FFF748FC002D00F096
:10E1A0008180294606A8FFF741FC324616A90EA831
:10E1B000FFF73CFC26A91EA8FFF738FC234606AA59
:10E1C00016A8FFF74EFFD4F8A450234606AA26A9A6
:10E1D00016A8A847234606AA1EA90EA8FFF741FFC6
:10E1E000BDF9E050023D2DB2002D62DCD9F800509F
:10E1F000009405F001070EAB03EB4719ED431EAB8E
:10E2000003EB471705F001050EAB03EB451A1EABF8
:10E2100003EB45152B4652463946484604F1040B9C
:10E22000FFF707FE5B460EAA16A906A80096FFF7A1
:10E2300064FC06A923463A460846FFF70EFD06A9E8
:10E24000234642460846FFF708FD06A933465A46CC
:10E250000846FFF77CFE06A9049A23460846FFF706
:10E26000FCFC06A923464A460846FFF7F6FC3B4657
:10E270004A46294650460094FFF712FF234606AA55
:10E280001EA90EA8FFF7EDFE029832460EA9FFF771
:10E29000CDFBDDE902031EA91844FFF7C7FB2FB031
:10E2A000BDE8F08F314606A8FFF782FB01230693F5
:10E2B0007BE729464846FFF790FBB0FA80F77F09D5
:10E2C000C7F101010EAB03EB411B1EAB03EB411188
:10E2D0000EAB03EB471A1EAB03EB47173B46524608
:10E2E000584600940591FFF7A4FD059900940B464C
:10E2F0005A4639465046FFF7D3FE013D73E72DE9F4
:10E30000F843B3F9029019F11F0648BF09F13E0620
:10E310000F4603F1240546F347160146904633465F
:10E320002A463846FFF795FA044690B9B9EB461FDE
:10E3300006DA49463846FFF750FB041E18BF012491
:10E3400033462A4639464046FFF783FA2046BDE861
:10E35000F8830124F4E730B5144695B005460CAABD
:10E360002346084604A902910392FFF7C8FFB0FABA
:10E3700080F301945B0914AA02EB830263880133E2
:10E380001BB2009352F8482C002304F144012846A4
:10E39000FFF7EDFE21462846FFF75EFEB0FA80F05B
:10E3A000400915B030BDF0B500254F1E6CB28C424F
:10E3B00005F1010500DBF0BD3B1B23F0030603F074
:10E3C00003039659DB0026FA03F30355EEE7F8B58D
:10E3D0000E46D11C48BF911D144641F387010546E6
:10E3E000671EFFF7E5FA002042B2A24200F10100E9
:10E3F00000DBF8BDBB1A23F00301B25C03F003039A
:10E40000DB009A406B5813436B50EDE7F0B591B0C9
:10E4100091F9006005460C46FFF71EFE28BB271D3C
:10E42000324629463846FFF70DFB012820D13246F7
:10E4300005EB86013846FFF705FB012818D1224677
:10E440006846FFF71AFCD4F8A8302246294608A8E7
:10E450009847324608A96846FFF709FB002814BF11
:10E460006FF00200002011B0F0BD4FF0FF30FAE76E
:10E470006FF00100F7E7F0B50C4691F9017091B02B
:10E480002646014605463A466846FFF7A0FF16F9BC
:10E49000440B3A46E9190DEB8000FFF798FF102274
:10E4A00031466846FFF7CEFA28B121466846FFF7A5
:10E4B000ADFF11B0F0BD6FF00300FAE7CB78027842
:10E4C000534003704B884278534043700A68837806
:10E4D00083EA122383700A68C3785340C370CB79F0
:10E4E000027953400371CB884279534043714A68A3
:10E4F000837983EA122383714A68C3795340C371D5
:10E50000CB7A027A53400372427A4B89534043726A
:10E510008A68837A83EA122383728A68C37A5340B3
:10E52000C372CB7B027B53400373CB89427B534046
:10E530004373CA68837B83EA12238373CA68C37BED
:10E540005340C37370471FB502788DF8002042799D
:10E550008DF80120827A8DF80220C27B8DF803208D
:10E5600002798DF80420427A8DF80520827B8DF89F
:10E570000620C2788DF80720027A8DF80820427BA9
:10E580008DF8092082788DF80A20C2798DF80B2049
:10E59000027B8DF80C204278C37A8DF80D208279A9
:10E5A0008DF80E208DF80F3010236A461946FFF7BC
:10E5B0008EF805B05DF804FBF8B5064608780C4601
:10E5C000FFF794F805466078FFF790F8A278637833
:10E5D0005340E27853405D4068403070607827785F
:10E5E000FFF784F80546A078FFF780F8A3785F402E
:10E5F000E3785F407D406840707063782778A0784A
:10E600005F40FFF773F80546E078FFF76FF8E378AF
:10E610005F407D406840B0702078FFF767F862780F
:10E6200023785340A278534080EA0305E078FFF74F
:10E630005DF8EDB24540F570F8BD70B5144688B090
:10E640000546002849D0002949D0002A49D0102386
:10E650000A4668461946FFF73AF821466846FFF72A
:10E660002DFF103401F1A0066846DEF797FC6846DE
:10E67000FFF769FF694604A8FFF79EFF01A905A8F7
:10E68000FFF79AFF02A906A8FFF796FF03A907A8BC
:10E69000FFF792FF102319460DEB03026846FFF7C0
:10E6A00016F8214668461034FFF708FFB442DBD164
:10E6B000DEF774FC6846FFF746FF21466846FFF721
:10E6C000FDFE102319466A462846FFF700F8684603
:10E6D00010220021FFF708F8012008B070BD08469D
:10E6E000FBE71046F9E710B50A460F3012F9103B68
:10E6F000002BACBF0023872312F8014D83EA4403AB
:10E700008A4200F8013902D01378DB09F4E710BD22
:10E7100008B520B158220021FEF7E6FF012008BD10
:10E7200010B5044688B110220021FEF7DDFF10224B
:10E7300004F130000021FEF7D7FF002363640022BC
:10E740004FF48033C4E91423012010BD70B5044692
:10E750000D46164610B311B358220021FEF7C4FF30
:10E760002946A6643046DEF725FC1022002120460B
:10E77000FEF7BAFF04F11005A26C21462046FFF710
:10E780005CFF21462846FFF7AEFF294604F1200032
:10E79000FFF7A9FF2046FFF7C3FF012070BD084621
:10E7A000FCE72DE9F0410E4615460446002860D0EE
:10E7B000FAB100295DD0D0E9143253EA020158D0F1
:10E7C000013BD0F8448042F1FF32C0E91432B8F185
:10E7D000000F2CD0C8F1100708F13000BD422044D2
:10E7E0000AD22B4632462946FEF771FF636C2B4452
:10E7F00063640120BDE8F0813B4632463946FEF7AE
:10E8000066FF103D0023636445443E44631E04F1EB
:10E810000F0113F8012F93F830008B4282EA0002B7
:10E820001A70F6D1A26C21462046FFF706FF04F1CC
:10E830000F07102D0AD8002DDBD02B463246294673
:10E8400004F13000FEF743FF6564D2E7631E711EDA
:10E8500013F8012F11F8010FBB4282EA00021A706F
:10E86000F6D1A26C21462046FFF7E7FE1036103D98
:10E87000DFE70020BEE770B50C460546E8B169B396
:10E880004A6C102A1AD11031631E013904F10F00AD
:10E8900013F8012F93F83060724011F8016F98421D
:10E8A00082EA06021A70F3D1A26C21462846FFF7CD
:10E8B000C4FE2046FFF72CFF012070BD02F130009E
:10E8C0000021C2F110022044FEF70EFF636C2344C6
:10E8D000802283F8302004F12001D5E70846ECE7D8
:10E8E000F8B50C4610B1F9B10AB90120F8BD8D1880
:10E8F00000F128060027836E5A1C8266034414F830
:10E90000011B83F828103F2A0BD93146DEF7A4FB00
:10E91000D0E9083213F5007342F10002C0E9083271
:10E920008766A542E7D1E0E70846DFE7F8B50C4681
:10E930000546002855D0002954D08B6ED1E9082116
:10E94000D800121841F10001581C2344C4E90821E1
:10E9500038284FF08002A0664FF0000783F8282087
:10E9600004F128060AD9C0F1400239463044FEF7C6
:10E97000BBFE31462046DEF76FFBA766A06E002186
:10E98000C0F138023044FEF7AFFE236A1ABA636A58
:10E9900062661A0A84F8633084F862201A0C1B0E2F
:10E9A00084F86030314684F861202046DEF754FB5D
:10E9B0002B1D211F243551F8042F03F8012C100EB4
:10E9C00003F8040C100C03F8030C100A03F8020CF3
:10E9D0000433AB42EFD1204670220021FEF784FEC3
:10E9E0000120F8BD0846FCE770B5431E05461446F5
:10E9F0008818884212D1402CC4F1400604F140002E
:10EA000088BF002632465C21284404F07FFD324650
:10EA100028193621BDE8704004F078BD0A7882F0EC
:10EA2000360203F8012F11F8012B82F05C0283F803
:10EA30004020DEE7F0B50E46CDB014460546B8B12D
:10EA400041B34AB3402A00F1700713D810A8DEF78B
:10EA5000EBFB2246694610A8FFF742FF10A934A835
:10EA6000FFF764FF224631463846FFF7BDFF01201D
:10EA70004DB0F0BDDEF7D8FB2246314605F19004DB
:10EA80002846FFF72DFF29462046FFF74FFF20229B
:10EA90002146E9E70846EBE71046E9E710B50446EA
:10EAA00040B1DEF7C1FB402204F170012046FFF7C0
:10EAB00017FF012010BD08B510B1FFF711FF0120AD
:10EAC00008BD70B50E4614460546F0B120291CD18C
:10EAD000EAB11146FFF72AFF2046DEF7A5FB4022E8
:10EAE00004F1B0012046FFF7FBFE324629462046DE
:10EAF000FFF7F6FE21462846FFF718FF2046F022D2
:10EB00000021FEF7F1FD012070BD0020FCE710465A
:10EB1000FAE701460068DEF7B3BB08B5DEF70CFC88
:10EB2000BDE80840DEF72CBC0A460121FEF764BBB5
:10EB300000210120DEF7A4BB61B662B680F3118824
:10EB4000BFF36F8F704772B6002383F31188BFF352
:10EB50006F8FBFF34F8F30BF62B6BFF36F8F7047B9
:10EB600072B6002383F31188BFF36F8FBFF34F8F0B
:10EB700020BF80F31188BFF36F8F62B670472028E3
:10EB800009D9B0F1004F08D80138B0FA80F0C0F1CF
:10EB90001F0040007047082070473E20704708B5AE
:10EBA000D1E904319847002008BD08B5DFF71EFA07
:10EBB000002008BD7047C16A8968DFF7BFBA030C3F
:10EBC000020E4B70C0F307230A708B70C870704739
:10EBD00092B281600160C2808280704703680B60DE
:10EBE00043684B6083688B60704710B50C46022108
:10EBF000DFF704FD230A0370447010BD10B50C4606
:10EC00000121DFF7FBFC047010BD10B50C46032199
:10EC1000DFF7F4FC230C0370C4F307234370847004
:10EC200010BD10B503681C780121DFF703FD2046F5
:10EC300010BD10B503681C880221DFF7FBFC2046DD
:10EC400010BD10B503681C8864BAA4B20221DFF7B6
:10EC5000F1FC204610BD10B503681C68042124BADD
:10EC6000DFF7E8FC204610BD02688068101A704784
:10EC70008388C2888168D21A03685B1AD01A7047E9
:10EC800038B50D4614461146DFF708FD22462946E1
:10EC9000BDE8384004F02CBC10B50C460121DFF76C
:10ECA000FDFC047010BD10B50C460221DFF7F6FC28
:10ECB0000470240A447010BD10B50C460221DFF721
:10ECC000EDFC230A0370447010BD10B50C460321FF
:10ECD000DFF7E4FCC4F307230470240C4370847052
:10ECE00010BD10B50C460421DFF7D8FC01462046C4
:10ECF000BDE81040FFF763BF70B50D460021044624
:10ED0000FEF778FB0D2818D1237B302B13D0312B45
:10ED100013D1012305F8063B04F10C062A462046D0
:10ED2000012302210234FDF7B4FEB44205F1FF35A0
:10ED3000F4D1002070BD0023ECE76FF01500F9E777
:10ED40000020704710B50B78147863400370547836
:10ED50004B786340437094788B7863408370D478A9
:10ED6000CB786340C37014790B7963400371547995
:10ED70004B796340437194798B7963408371D47983
:10ED8000CB796340C371147A0B7A63400372547A6F
:10ED90004B7A634043728B7A947A63408372D47A5D
:10EDA000CB7A6340C372147B0B7B63400373547B49
:10EDB0004B7B63404373947B8B7B63408373CB7B40
:10EDC000D27B5340C37310BD2DE9F04F89B09846F4
:10EDD000BDF84840012304F10F0514F00F04174655
:10EDE0008DF8003006464FEA251508BF10246B4405
:10EDF00001F10C0251F8040B43F8040B9142F9D1D4
:10EE00000A781A7005F1010A4FF0000B4FF0010962
:10EE1000013DD14502D109B0BDE8F08F99FA99F3CF
:10EE2000694604AA3046ADF80E3003F0D2FE014622
:10EE30000028F0D109F1FF339D4207EB0B0208EBEC
:10EE40000B000DD80DF1100C12F8013B1CF801EB72
:10EE5000013183EA0E038C4200F8013BF4D802E052
:10EE600004A9FFF76FFF09F101090BF1100BD0E7BF
:10EE70002DE9F04F8DB013F00F091D46179CDDF8FA
:10EE800064A04FF0010317468DF80030804608BF9C
:10EE90004FF010096B4401F10C0251F8040B43F8D8
:10EEA000040B9142F9D10A781A706946002308AA26
:10EEB0004046ADF80E3003F08CFE002840F09980FB
:10EEC00014F0FF0414BF01230023AAF10202520828
:10EED0009B0143EAC20343F001030DF1100B8DF8CF
:10EEE00000305A466BBA69464046ADF80E3003F022
:10EEF00070FE064600283CD1002C3AD09DF8102028
:10EF00008DF800209DF81120624002348DF8012018
:10EF1000E4B20220169B102C03EB060211D8134614
:10EF200004A9A0423BDBC4F110020BEB04010DEB82
:10EF3000040004F0DDFA5A466946404603F049FEF3
:10EF400017E001461BF801E012F801CB8CEA0E0C29
:10EF50000DF801C001311029F4D106F110031E1A79
:10EF6000103C5A4669464046E4B203F032FE00289F
:10EF7000D0D00F3504AB2D11002403EB0906A542B8
:10EF800015D1189A08A804AB9244924531D010F8D4
:10EF9000011B13F8014B614002F8011BF5E7465CC9
:10EFA00013F8012B72400DF800200130B9E701344D
:10EFB000A54221D10DF1100C6946384600231CF8FA
:10EFC000012B10F801EB013382EA0E02994501F89A
:10EFD000012BF4DCC9F1100231460DEB090004F0FD
:10EFE00087FA04AA6946404603F0F3FD103700286B
:10EFF000C5D00DB0BDE8F08F3A4604A96846FFF7CA
:10F00000A1FEEEE72DE9F04F89B00746DDF84CB0E0
:10F01000159EBBF57F4F884615461C4624D2102E00
:10F0200022D8B3F5803F1FD21FFA83FACDF800A093
:10F03000149BFFF7C9FE0DF11009129B149A00935F
:10F04000414653463846CDE901B90396FFF710FF14
:10F0500032462919484604F061FA002818BF6FF0BB
:10F060004C0009B0BDE8F08F6FF01500F9E72DE90D
:10F07000F04385B0DDE90DC8BCF57F4FDDF83CE01D
:10F0800005460E46174608EB03091AD2BEF1100FCB
:10F0900017D8B3F5803F14D29CB20C9BCDF804C0B6
:10F0A000CDE9029E00932346FFF7E2FE2846009436
:10F0B00043463A463146FFF787FE002005B0BDE8DB
:10F0C000F0836FF01500F9E710B50C46017822784F
:10F0D0008A428AB00FD06946DFF742FD05A9204673
:10F0E000DFF73EFD10220DF115010DF1010004F0D6
:10F0F00015FA0AB010BD012A06D0022A07D072B94B
:10F1000040886388C01AF4E740686368FAE7102211
:10F11000611C01300AB0BDE8104004F0FFB96FF087
:10F120001500E6E7042A0AD0102A0DD0022A4FF073
:10F13000000315D103700B88438001207047012321
:10F1400003700B684360F8E7022300F8013B01F10C
:10F15000100351F8042B40F8042B9942F9D1ECE745
:10F1600018467047012310B50621044600F8013BFC
:10F17000F7F784FB18B9A37963F03F03A37110BDBF
:10F180000B6803608B8883808B798371037823F00D
:10F190000203037070470078C0F340007047438A51
:10F1A00023B9C068B0FA80F040097047002070476A
:10F1B0000F2807D80D280BD8052808BF032018BF33
:10F1C00002207047132803D01A2808BF0120F6E751
:10F1D00001207047FEF710B810B50346BFF35B8FF0
:10F1E00053E8000F40EA010243E80024002CF7D165
:10F1F000BFF35B8F10BDFEF708B80023DCF75EBFDE
:10F20000BFF35B8F50E8003F0B4040E80032002A1C
:10F21000F8D1BFF35B8F704738B504460D46DFF772
:10F220005DFF5F3005D129462046BDE83840DFF755
:10F23000A1BE38BD0020704781767047704710B579
:10F2400003884288934219D8052B17D9B2F5486F25
:10F2500014D88388B3F5FA7F10D2C088A0F10A01D0
:10F2600089B240F67644A14208D801339BB2534399
:10F27000B3EB800F34BF0120002010BD0020FCE75D
:10F28000002070470020704770B506460D4642F2D8
:10F2900021000321E0F77EF9044618B9BDE870406B
:10F2A000DFF73CBE03210C30DFF7F8F906808570EC
:10F2B000214642F22100BDE87040E0F71DBB70B569
:10F2C00006460D4640F206400321E0F763F9044686
:10F2D00068B103210C30DFF7E1F906808570214623
:10F2E0000022BDE8704040F20640E0F7FDBB6FF041
:10F2F000680070BDC368187808B1DFF719BE1846FA
:10F30000E1F7FEB838B50221054642F21600E0F7F3
:10F3100041F9044668B102210C30DFF7BFF92B88B0
:10F32000038021460022BDE8384042F21600E0F793
:10F33000DBBB6FF0680038BDF8B507460E4642F2F9
:10F34000220006211546E0F725F9044678B106218A
:10F350000C30DFF7A3F93B88038046808580214687
:10F360000022BDE8F84042F22200E0F7BDBB6FF09A
:10F370006800F8BD08B500200021E0F74BFB18B18C
:10F38000BDE80840E0F7B2BABDE80840E3F7EEBADE
:10F3900008B5072204F0C2F8B0FA80F0400908BDB1
:10F3A000FDF72ABF00280CBF08460020704770B543
:10F3B0000D460446002848D0002946D0BFF35B8F95
:10F3C0000269BFF35B8F920700F1100315D40A683E
:10F3D000C0F803208A88A0F8072001228270BFF3BA
:10F3E0005B8F53E8001F41F0080143E80012002A38
:10F3F000F7D1BFF35B8F002070BD072142F23500CB
:10F40000E0F7C8F8064618B307210C30DFF746F9D5
:10F410000346627803F8012B2A68C0F80120AA8805
:10F420009A803146002242F23500E0F75DFB002869
:10F43000E2D1E31C9D421FBF2A68C4F80320AA88BA
:10F44000A4F807200123A370D5E76FF01500D3E7D8
:10F450006FF06800D0E713B5044680B10621684616
:10F46000F7F70CFA48B99DF80530694603F03F03F9
:10F4700020468DF80530FFF79AFF02B010BD6FF0FF
:10F480001500FAE7012070471030BFF35B8F50E89A
:10F49000003F23F0100340E80032002AF7D1BFF309
:10F4A0005B8F704700207047034610F4004F0CBF7D
:10F4B00007200620DA0348BF00F005009B0348BF81
:10F4C00000F0FB007047BFF35B8F0068BFF35B8FFA
:10F4D000084100F00100704710B50346BFF35B8F91
:10F4E00053E8000F00EA010243E80024002CF7D1A2
:10F4F000BFF35B8F10BD0B6803608B8883808B79B3
:10F5000083717047012310B403FA01F1044662B11C
:10F51000BFF35B8F54E8003F0B4344E80032002AFE
:10F52000F8D1BFF35B8F10BC704710BCC943FFF725
:10F53000D3BF01238B40BFF35B8F50E8002F1A43EA
:10F5400040E800210029F8D1BFF35B8F70472DE917
:10F55000F04F87B007469DF84C409DF844B09DF8A9
:10F5600048800E4692460021102202A81D4603F054
:10F57000CDFF44BBBBF1000F02D0B8F1000F15D195
:10F58000CDE9026A012302AA42F237013846E1F7C7
:10F59000B5FA40B9B8F1000F2AD107F110000221E5
:10F5A000FFF7C7FF002007B0BDE8F08F109B029562
:10F5B0000393012302AA42F238013846E1F79EFA8A
:10F5C0000028EAD0EFE7E0F78DF9814626BB7DBB46
:10F5D0004846DAF7EFF909228DF800208DF801008E
:10F5E000CDF80490BBF1000F24D0B8F1000F21D06A
:10F5F000109B0295022C0393DBD101230593CDF8D8
:10F6000010D02346D6E716F83210083901291AD946
:10F6100001329245F7D1DAE70022FAE715F8321005
:10F62000083901290FD90132109B9342F6D1CFE757
:10F630000022F9E7012CCDE9026AA3D1CDF810D060
:10F64000059402239FE76FF01500ACE708B500F1C1
:10F65000100309211846FFF736FF28B9184608217C
:10F66000BDE80840FFF72FBF022008BD436813F034
:10F6700008000AD05A0307D403F4C063B3F5806FBF
:10F6800014BF022001207047012070472DE9F0418E
:10F69000804686B00F4642F2390006211446DFF755
:10F6A00079FF064688B300F10C0537B301212846DF
:10F6B000FFF7F2FA01212846FFF7EEFA98F8011059
:10F6C0002846FFF7E9FAD4B121882846FFF7EBFA7C
:10F6D000A1782846FFF7E0FA08F1100203A93046A6
:10F6E00000970723DFF744FF0022314642F239003A
:10F6F000E0F7FAF906B0BDE8F0813946D7E72146D0
:10F700002846FFF7D0FA2146E3E76FF06800F1E7FB
:10F710000022FFF7BBBF2030F9F788BF38B5044699
:10F7200008460D46E1F774FBB0B104F11003072160
:10F730001846FFF7C8FE78B929782278914204D09C
:10F740006FF010011846FFF7C7FE29462046002239
:10F75000BDE83840E1F728BC6FF0150038BD38B57A
:10F76000044604F11005FFF7D6FF6FF480412846E8
:10F77000FFF7B2FE07212846FFF7A5FEC8B16FF0DC
:10F7800040012846FFF7A8FE430602D52046FFF7B2
:10F790007BFE0A212846FFF796FE18B1002120467D
:10F7A000E1F7C2FB002220461146BDE83840FFF7D2
:10F7B0006DBF38BD2DE9F043984685B000F11003C8
:10F7C00004460F4618460C21DDF83090FFF77BFE0B
:10F7D0000B2105461846FFF776FE064645B128B9C7
:10F7E000B9F1000F04D06FF085000DE0002AFAD1C6
:10F7F0002046FFF72BFFCDE90095CDE90260434697
:10F8000039462046FFF7A3FE05B0BDE8F083BFF3FD
:10F810005B8F0068BFF35B8F704710B50346BFF383
:10F820005B8F53E8000F00EA010243E80024002C3C
:10F83000F7D1BFF35B8F10BD036800220BB91846E8
:10F8400070478B4210D10B6842B942680360914205
:10F8500000D1436000230B600120704713604368B0
:10F86000994208BF4260F5E71A461B68E6E7D0F800
:10F87000B000003818BF01207047BFF35B8F0068ED
:10F88000BFF35B8F704773B50446CDE900320D4678
:10F8900022B9D0F8A8606B4601AAB0472846DEF727
:10F8A000BDFD019B23B100996FF06D022046984782
:10F8B00002B070BD837A072B01D1E2F7DDBB704740
:10F8C0002438E2F727BC10B50446006918B1DEF70A
:10F8D000A5FD0023236110BD2DE9F84307460E4620
:10F8E000904600244FF0D009B44203D100231846BB
:10F8F000BDE8F88309FB0470E2F762FD034658B1E6
:10F90000857A012D02D0073D012D03D81A88424582
:10F91000EDD01846E2F71CFE0134E5E738B5037A6E
:10F920008B420446154615D100F170010722284686
:10F9300003F0F4FD80B1E378072243B904F17E01BE
:10F94000284603F0EBFDB0FA80F0400938BD04F121
:10F950007701F5E70020F9E70120F7E770307047FD
:10F96000F8B507460D4642F213000E21DFF712FEEE
:10F970000646D0B10E210C30DEF790FE0E22044672
:10F98000002103F0C3FD3B8823802B8863806B88B4
:10F99000A380AB88E380EB88238131460022BDE859
:10F9A000F84042F21300E0F79FB86FF06800F8BD2E
:10F9B0007047F8B505460F46164600234FF48032CF
:10F9C00004210020E2F746FF044620B92846BDE89E
:10F9D000F840E3F7BDBB04210C30DEF75FFE057095
:10F9E000477046802046F8BD704710B400F15003C0
:10F9F0000122BFF35B8F53E8001F43E80024002C73
:10FA0000F9D1BFF35B8F41B9034653F84C2BC16466
:10FA1000D2F8B41029B9C2E92C33006810BCE2F75F
:10FA2000FBBC0B60C2F8B430F7E770B5D0E9003525
:10FA300004464BB3D3F8B0204C3000216AB1904259
:10FA400034D1E26C51BBD3F8B410C3F8B020884273
:10FA500001D1C3F8B4200023E36404F15003002271
:10FA6000BFF35B8F53E8001F43E800200028F9D163
:10FA7000BFF35B8F04F13006236BD3B96B680BB116
:10FA80002046984700232360E3680BB1204698473F
:10FA90002B6AB3B12046BDE8704018470A60D3F81E
:10FAA000B420904208BFC3F8B410D4E711461268DE
:10FAB000C4E7002200233046F8F7ECFFDEF7AEFC87
:10FAC000DAE770BD38B5406B30B150F8084904B181
:10FAD000083CFFF7AAFF04B938BDA5682DB1204640
:10FAE000083DFFF7A2FF2C46F7E72046BDE8384067
:10FAF000FFF79BBF0431E2F7ADBE406B30B1838BA3
:10FB00008B42A0F1080001D08068F7E7704710B57C
:10FB10004AB989B2FFF7F1FF28B143689B6913B175
:10FB2000BDE81040184710BD38B50D460521FFF758
:10FB3000E4FF00231A462946E3F7DAFB044610B136
:10FB40002846DEF76BFC204638BD406B30B1838918
:10FB50008B42A0F1080001D08068F7E7704770473A
:10FB60000346006828B1596802681A60884208BFD5
:10FB70005A6070470346002003B970471A8A5B68D1
:10FB80001044F9E710B5D4682378023113B9217015
:10FB9000012010BD8B42FBD0038A023B0382002070
:10FBA0001061F6E706207047FDF726BB73B51446D3
:10FBB000014605464FF49572206800F009FE207555
:10FBC00000BB237A2068ABB1A3F118025342534122
:10FBD0009B000193638A0093AE68238AE2682946FA
:10FBE000B047002808DB238A98420ED100232375F2
:10FBF000012008E00223ECE710F1FF0F05D340429B
:10FC0000C0B22075002002B070BD0E20F9E71FB50C
:10FC1000CDE90123002300931A46E5F733FC05B034
:10FC20005DF804FBF8B59368166805460F46144660
:10FC300063B9506801210C30DEF730FDA0602B68FD
:10FC40001B78002B14BF022301230370A3681B78C9
:10FC5000012B03D0022B1FD000201CE02B681B7847
:10FC6000002BF9D1606804210C30DEF717FDE0604D
:10FC700007802A68E36852885A806168728D738BA6
:10FC8000088A9A4294BFC0EB0200C0EB030004282C
:10FC900094BF00200120F8BD2B681B78022BDBD11C
:10FCA000606812210C30DEF7F9FCE06007802B68F9
:10FCB000E268591C0232113351F8040B42F8040B6C
:10FCC0009942F9D16168728D738B088A9A4294BF08
:10FCD000C0EB0200C0EB03001228D9E770B405683E
:10FCE000AA6A52B3136803B1B03BA2F1B004002278
:10FCF000114600E0B03B844207D0668D648BB14270
:10FD000038BF3146A24238BF22461C462BB1D3F839
:10FD1000B030002BEED18442EFD1438D408B8B422B
:10FD200001D890420BD9824238BF024699422868D6
:10FD300038BF194670BCE6F7A1BA1146EDE770BCB2
:10FD40007047D0680378043113B9017001207047FF
:10FD50008B42FBD091680B8A0020043B0B82106120
:10FD600070472DE9F04F044685B0104690469946FD
:10FD7000FFF700FF638B628D934228BF13468342D7
:10FD80008B4640F29380636803934046DEF788FB1E
:10FD90004FF0000A06464046FFF7ECFE628B638D8B
:10FDA00006F10C079A4294BFC0EB0205C0EB0305B5
:10FDB0003846FEF75DFF854217D24046FFF7DAFE70
:10FDC000628B638D9A4294BFC0EB0205C0EB0305C2
:10FDD0008DBB98F80A00DEF767F900220023FEF7D2
:10FDE000EAFE064630B9574636E03846FEF740FF91
:10FDF0000546EDE701464046DEF790FB4046FFF73B
:10FE0000B9FE628D638B06F10C079A4294BFC0EB7A
:10FE10000205C0EB03053846FEF72AFF85421FD2D4
:10FE20004046FFF7A7FE628D638B9A4294BFC0EBFA
:10FE30000205C0EB0305F168328ACDF80090DBF8CB
:10FE4000047003980A44ABB25946B847071E0CDA4F
:10FE5000BAF1000F18BF5746384605B0BDE8F08F1D
:10FE60003846FEF705FF0546E5E70E9BB3B9394670
:10FE700006F10C00DEF712FC4046FFF77BFE638DB7
:10FE8000628B934228BF1346B9448342BA441FFA97
:10FE900089F9A8D9AF423FF47EAFA4E70F9A0E9B31
:10FEA0003946304698470028E1D19CE70027D3E740
:10FEB0000368002203B970478B420FD10B683AB92F
:10FEC00042680360914200D1436000230B60704799
:10FED00013604368994208BF4260F6E71A461B6800
:10FEE000E8E706207047BFF35B8F50E8003F43F020
:10FEF000080240E800210029F7D1BFF35B8FC3F36C
:10FF0000C000704773B51668054600237068137308
:10FF100014462946952200F05BFC207380B9CDE998
:10FF200000002946A388A2683046FFF71AFF002880
:10FF300009DA10F1FF0F26BF4042C0B20E20207335
:10FF4000002002B070BD0120FBE72DE9F3411668E7
:10FF5000074600237068137314463946952200F053
:10FF600037FC0546207308BBA068718D728B038A2D
:10FF7000914294BFC3EB0103C3EB0203012B15DDD8
:10FF800002210C30DEF78AFBCDE900558046A388BC
:10FF9000A26839463046FFF7E4FE031E0ADA13F181
:10FFA000FF0F26BF5B42DBB20E232373002002B09B
:10FFB000BDE8F081A8F800300120F8E72DE9F04114
:10FFC00004468868FFF7D6FD638D628B934228BF95
:10FFD000134683420D461DD32166D1F808800027C1
:10FFE0008F60FAF71DF941462046E3F795FD064676
:10FFF00038B1C5F808802766FAF760F93046BDE8E1
:020000040004F6
:10000000F081618D638B994228BF1946284600F024
:100010003AFCF1E76FF07906F0E738B5BFF35B8F94
:100020000B68BFF35B8FDB07054617D550F8040C50
:10003000A0B1EB6D93B90430FFF792FD044668B1AF
:100040000146281FE3F7D8FD002807DA55F8043CDD
:100050005A6822609A685C6002B99C6038BD2DE9DC
:10006000F041846A07463CB354F8B06906B1B03E2B
:1000700000231D4607F1040801E034461646226EAF
:100080009AB905B98BB94046FFF76AFD054658B1E4
:1000900001462046E3F7B0FD00280DDA7B682B60AF
:1000A000BB687D6003B9BD6023462EB1D6F8B02091
:1000B000002AE2D0B03AE0E7BDE8F08170B504462E
:1000C0000E46002200230846F8F7E4FC054658B126
:1000D00001462046E3F720FD044618B12946304684
:1000E00003F028F8204670BD6FF00104FAE7F8B578
:1000F0000546071F00F1580350F8044CBFF35B8F0F
:1001000053E8001F21F0040143E80012002AF7D150
:10011000BFF35B8F04B3EB6D8BB963687BB1201DBC
:10012000FFF71EFD014606463846FFF747FF002849
:1001300012DA63683360A368666003B9A66005F1EC
:1001400060013846FFF7BAFF30B104F10C013846C0
:10015000BDE8F840FFF7B2BFF8BD38B504460D461C
:10016000E3F7DAFC30B1294604F16400BDE8384019
:1001700002F0D5BF38BD2DE9F04188461746012170
:10018000042205461E46E3F705FE044670B104212D
:100190000C30DEF783FA80F80080A0F80170C6709A
:1001A00021462846BDE8F041FFF7D7BFBDE8F08102
:1001B00037B50C46054601F10C00FEF73AFD228AE0
:1001C0000192E26800920346132212212846E3F7C7
:1001D00089FE03B030BD37B50C46054601F10C0071
:1001E000FEF727FD228A0192E26800920022034670
:1001F00011462846E3F776FE03B030BD07B5CA685E
:100200001388528800920C210D22E4F73BF803B0CA
:100210005DF804FB07B5CB6800221B8800920A2119
:100220000B22E4F72FF803B05DF804FB2DE9F04151
:10023000CB681F88BBB2162B05461BD90321E3F7F9
:10024000E3FE0646C0B102210C30DEF727FA002497
:100250004FF0210880F80080447031462846FFF7AF
:100260007CFF2846A5F81A806F85FFF737FD2046EA
:10027000BDE8F0810420FBE70E20F9E7E5F790B830
:1002800008B5E3F7FFFB08B3826A02B3136803B152
:10029000B03B32F8960C32F8862C904228BF1046BC
:1002A00043B913E0934228BF1346984238BF18461B
:1002B000A1F1B003D3F8B0105A8B5B8D0029F1D1B6
:1002C0009A4228BF1A46904238BF104608BD1046D1
:1002D000FCE70A8AC9680023E4F766B90120704781
:1002E00008B5E3F7CFFB98B1836A8BB1BFF35B8F9F
:1002F000B03B03F15C0252E8000F20F0080042E836
:1003000000010029F7D1BFF35B8FD3F8B030ECE7E1
:1003100008BD08B50421FFF718FC30B1BFF35B8FAF
:10032000806DBFF35B8FC0F3C00008BD70B51C4685
:100330000E461546E3F7CCFBC0E903650123C380F5
:10034000047570BD1060002070470B4609895A89FA
:100350008A4203D05981DB6803B11847704710B552
:10036000029CA36833B1B1F5807F28BF0E21CAB2C9
:1003700021469847A37DE268013BDBB2A37522B119
:100380001BB92046BDE81040104710BD1060918099
:100390000020704700207047FCF72EBF08B50722E9
:1003A00003F0BCF8B0FA80F0400908BD10B503783E
:1003B0009342044607D10130FFF7F0FF002814BF35
:1003C0002046002010BD0020FCE710B50346BFF317
:1003D0005B8F53E8000F40EA010243E80024002C41
:1003E000F7D1BFF35B8F10BD10B50346BFF35B8F32
:1003F00053E8000F00EA010243E80024002CF7D183
:10040000BFF35B8F10BD0B6803608B8883808B7993
:1004100083717047FCF7F9BEBFF35B8F0068BFF3D1
:100420005B8F7047F8B599420446089EDDE90607E0
:100430000D4601D90020F8BD914201D20120FAE712
:1004400060B98FB933880A9A013B33802946099BEA
:10045000204698473388002BEDD1EBE72168FEF763
:1004600033FE0028EDD0E9E7E368BB42E6D1E9E7D7
:1004700008B5FEF796F918B9BDE80840E4F788BB5F
:10048000002008BDF0B507683D7889B006461446DF
:10049000E5B97B88B3F5245F04D011D8A3F52053C8
:1004A000032B13D8ADF80A1002220DF10A012046E1
:1004B000FFF7DEFF70B16FF01502C4F8082106E007
:1004C00003F55643FF339BB2042B1DD90125284663
:1004D00009B0F0BD7B88ADF80A3002220DF10A01A7
:1004E0002046FFF7C5FF0028E5D1009003AA7768F2
:1004F00013233146B847021EDFDB03A92046FFF76E
:10050000B7FF0028E2D0D6E7ADF80A1002220DF1BD
:100510000A012046FFF7ACFF0028CCD17B88ADF85C
:100520000A3002220DF10A01E8E71060002070474E
:10053000022A10B508D1002300F170011A46007A92
:10054000E4F7EAFA022010BDE4F700FCFAE7F7B599
:100550001546BDF820601F46FEF792FE022EADF84C
:1005600006000ED8C6F10204BC42A8BF3C460DF1FD
:10057000060322469919284602F0BAFF204603B026
:10058000F0BD6FF00604F9E72DE9F0419846BDF89B
:1005900018601546DFF7A6F90746D9F70BFA83B2BC
:1005A000B3420CD39C1B4445A8BF4446A4B2224688
:1005B000B919284602F09CFF2046BDE8F0816FF093
:1005C0000604F9E7F7B51F460023BDF820608DF853
:1005D00004301546E4F718FA10B1037A8DF80430A8
:1005E000012E0DD8C6F10104BC42A8BF3C4601ABA8
:1005F00022469919284602F07BFF204603B0F0BD41
:100600006FF00604F9E713B5C96810460A781C466E
:10061000BDF8103092B94A88ADF80620022B18D8E0
:10062000C3F102029442A8BF144622460DF106010E
:10063000194402F05DFF204602B010BD102B01F1FD
:10064000010106D8C3F110029442A8BF1446224605
:10065000EEE76FF00604EEE7F7B5C968BDF8206075
:1006600015461F46E4F7E8F900B10089ADF8060029
:10067000022E0ED8C6F10204BC42A8BF3C460DF1C2
:10068000060322469919284602F032FF204603B09D
:10069000F0BD6FF00604F9E708B50C3029B101216F
:1006A000FFF793FEC043084008BD6FF00101FFF75C
:1006B0009BFE00F00100F7E710B50446FFF7ECFFE2
:1006C00038B121460122BDE8104011F8010BE4F7D2
:1006D000C7B910BD38B504461546FFF7FFFD48B150
:1006E0002046E4F791F928B1037ADB0702D501210E
:1006F000FFF7E2FF55B9207A04F17001E4F7FEF844
:1007000020B18560BDE83840E4F7EEB938BD13B5D7
:10071000044610B9002002B010BD00238DF804304B
:10072000006842F6030301A9ADF80630FEF7CCFCE1
:100730000028EFD1E36898880028ECD12046E4F740
:1007400061FE013080B2E6E7F0B5CC6887B00846BC
:100750001F46A3798DF80430BDF830601546FFF7C9
:10076000D6FF2468ADF8050023789BB96388ADF8FF
:1007700007300524B44219D3A41BBC42A8BF3C4691
:10078000A4B201AB22469919284602F0B1FE2046D8
:1007900007B0F0BD631C0DF10702113453F8041BC0
:1007A00042F8041BA342F9D11324E3E76FF00604D7
:1007B000EDE71FB5CDE90123002300931A46E4F7C6
:1007C00061FE05B05DF804FBE4F766BFFFF758BDB6
:1007D00012F0010F4B8A04D013F0950F10D0486827
:1007E00070B112F0020F04D013F4957F0AD089681B
:1007F00041B11A4012F4DE7F14BF0520002070477B
:1008000002207047032070472DE9F04105468846D5
:10081000E4F7FAF80446E0B1037ADB0719D500F1F2
:100820000C073846FFF7F8FD10F0010611D1B8F1BA
:10083000000F0FD06FF002013846FFF7D5FD10F022
:10084000020F284609D0FFF74BFD01212046FFF794
:1008500033FF01263046BDE8F081FFF73FFD002859
:10086000F8D02846FFF755FD0028F3D06FF00201BD
:100870003846FFF7B9FD2846E5E7A0F10F0110F86B
:10088000100CE5F73BBD70470021F8B54FF0FF3283
:100890004FF0FF3305460846FFF72CF900F10C072F
:1008A000044601213846DDF7F9FE052606700121D0
:1008B0003846DDF7F3FE002306701A462146284627
:1008C000E2F716FD10B12046DDF7A8FD0020F8BDC7
:1008D0006FF08500704700207047436A13B15B6872
:1008E00003B118477047FCF790BC10B50346BFF33F
:1008F0005B8F53E8000F40EA010243E80024002C1C
:10090000F7D1BFF35B8F10BD08B5E5F76DFEC0F3FF
:10091000400008BDC078431E584258417047BFF39D
:100920005B8F0068BFF35B8F7047BFF35B8F50E84E
:10093000003F0B4340E80032002AF8D1BFF35B8F41
:10094000704710B50446E5F7E5FF012801D1002006
:1009500010BD21460F20E5F741FF0028F8D1012CFA
:10096000F5D1EEF765FAF2E7A0F57F40FC3808B55F
:10097000032811D8DFE800F0040A0D02012008BDA9
:10098000E5F7C8FF431E58425841F8E7E6F714F868
:10099000F8E7E6F79DF8F5E70020F0E7032A0846B8
:1009A000194601D1E6F74AB9704738B5137A1446AB
:1009B0005A070D460BD443F00403237223681BB17E
:1009C0001B680BB1626898470DB10023236038BDE6
:1009D0000B7A5B0705D50B681BB15B680BB14968E7
:1009E0001847704708B5FFF78FFF18B1BDE80840FA
:1009F000F2F750BDBDE80840F2F768B8437C90F8C4
:100A00002D2003740023437480F82C2080F82D30AF
:100A1000704708B50B784BB12430C96808220A30FA
:100A200002F07CFDB0FA80F0400908BD0830F4E720
:100A300030B590F8483085B005460C4643B102AB5E
:100A40000093CB68A230D1E9012100F057FC68B1D6
:100A500095F8B230CBB102AB0093D4E90121E36841
:100A600005F5867000F04AFC78B901209DF8083041
:100A70002375DDF809300028D4BF002001201BBAFF
:100A800060752361012005B030BD0020FBE708B58B
:100A900002F041FC4FF47A72A0FB020302FB013327
:100AA000C00B40EA434008BD10B5044619B9E5F74C
:100AB000EFFE20B910BDE5F7F5FE0128F7D1637A06
:100AC000FF2BF7D001336372FFF7E1FF6060F1E7BE
:100AD0000023C0F81230C0F81630C0F82E30C0F82D
:100AE0003230704710B514461AB1BDE81040E6F731
:100AF0007FBAE6F753FA204610BD012901D0E6F788
:100B0000C9BC7047002202828285E6F7C3BCB0F8F8
:100B1000013002785BBA9BB243EA02407047FCF7AF
:100B20006BBB70B50D4604460146681C164600F0C6
:100B30006EFA38B9206805F111023146BDE87040FF
:100B4000E8F7FEBF70BD70470320EEF78FBA08B517
:100B50000320EEF78BFA0420EEF788FA0720EEF771
:100B600085FABDE808400520EEF780BAF0B585B0FB
:100B70006F461346154602F1100E06460C463A46DD
:100B800028686968BC46ACE80300083575456746C7
:100B9000F6D16A21614301F14900304453F8044B16
:100BA00040F8044B7345F9D101F14800304400216D
:100BB000E7F7B4FD05B0F0BDF0B58BB001250446F4
:100BC000BDF840008DF80C508DF80E100D0A8DF810
:100BD0001020110A1A0A8DF811208DF81230119A7E
:100BE0008DF80D50030A8DF8133006AB8DF80F10F9
:100BF0008DF8140002F110071E46106851681D465A
:100C000003C50832BA422B46F7D104F11103019310
:100C1000631C00930922234603A93046E8F770FEBF
:100C20000BB0F0BD70470121E7F764BE38B504464C
:100C3000032909D8DFE801F013020D1101238370A5
:100C400002212046E7F72CFD2088BDE83840FFF759
:100C5000EABF022383700321F3E7837863B10025A1
:100C600004F1B201A5706A2204F1480002F040FCD0
:100C700084F8B2500421E4E738BD62B18378012BD7
:100C800004D1C1F10301C9B2FFF7D0BF022B02D1D9
:100C900009B90321F8E7704710B504460021008820
:100CA000E7F728FE2088E7F7C9F901212046E7F792
:100CB000F7FC4FF48E720021204602F027FC4FF61D
:100CC000FF73238010BD08B5E7F7C2FD003818BFD9
:100CD000012008BD38B5E7F7BBFD0D46044618B343
:100CE0008378012B18D00FD9023B012B1AD92A4641
:100CF000012104F1B200E7F711FD98B90121204666
:100D0000FFF794FF00200EE01022493002F006FCAD
:100D10000028ECD1062006E01022B33002F0FEFBE2
:100D20000028EFD00B2038BD0420FCE708B5E7F71A
:100D30008FFD18B1FFF7B0FF002008BD0420FCE7CD
:100D400008B5E7F785FD18B1837800200B7008BD62
:100D500003460420FAE708B5E7F77AFD48B1C378FF
:100D60000B7090F8420080F00100034000200B70EF
:100D700008BD03460420FAE7F0B585B014461346D3
:100D80006A4606460D4604F11007964618685968EB
:100D90009446ACE803000833BB426246F6D105EB4B
:100DA0000515691D31447046E8F73AFE38B9063535
:100DB0002E4454F8043B46F8043BBC42F9D105B03C
:100DC000F0BD10B5002104464088E8F71FF8204622
:100DD0000121E7F781FF4FF6FF7323806380601DD9
:100DE0002222BDE81040002102F090BB08B9E8F7CC
:100DF000A1BA70470846114608B1E8F7BDBA704776
:100E0000030C020E4B70C0F307230A708B70C8707E
:100E1000704738B50B780C460146013301F8013BA9
:100E20000546A368607843EAC070FFF7E9FF63886E
:100E3000AB711A0A6A71A3882B721A0AEA71E06808
:100E400005F10901BDE83840FFF7DABF07B5CDE984
:100E500000120122694601F012FC03B05DF804FBA8
:100E60007FB51D4601230C468DF8003002F10C01C0
:100E70006B4452F8046B43F8046B8A42F9D1127840
:100E80001A7069464FF480736A46ADF80E3001F06F
:100E9000F0FB68B9611E6A466B1E043411F8016FDD
:100EA00012F8015BA14285EA060503F8015FF5D15E
:100EB00004B070BDF0B589B01C4619230D468DF8FD
:100EC000003006460DF1010302F10C0152F8040B4B
:100ED00043F8040B8A42F9D112781A7069464FF42C
:100EE000A06304AA3046ADF80E3001F0C2FB58BB37
:100EF00004AF6B1E3A460435117813F8010F4140D8
:100F0000AB4202F8011BF7D104AA1146304601F0AA
:100F1000B0FBC8B901238DF8003004ABADF80E006A
:100F200003CB04AA206061603046694601F0A1FB52
:100F300050B9631E073413F8011F17F8012BA342A1
:100F400082EA01021A70F6D109B0F0BD1FB513464E
:100F500000240A4601466846CDE90044CDE9024432
:100F6000FFF774FF04B010BD38B50D460446D8F73E
:100F700021FD2A4601462046BDE83840FFF7E6BF7E
:100F800070B58AB006460D46144600211C2203A8FF
:100F9000029102F0BBFA23460122694602A8CDE97C
:100FA000006501F090FB0AB070BD70B5049D064667
:100FB0001C4610462B460A463146FFF747FF0028DD
:100FC0000ADB2046D8F7F6FC2B4602462146284687
:100FD000BDE87040FFF73ABF70BD30B505468BB035
:100FE000CDE9005110461C46012202AB694601F0D2
:100FF0006AFB50B92046D8F7DDFC0E9BCDE90040D6
:101000000122694602A801F05EFB0BB030BDF0B5CD
:101010000C680D4694F901100029B4BF0826042677
:10102000012B074689B010464FF00003627830D19B
:10103000CDF81130CDF81530CDF8193003238DF8E7
:101040001030A3788DF81230E3788DF813302379BF
:101050008DF8143063798DF81530A3798DF816303A
:101060000DF11901FFF7CCFEAB88E21D0021CDE99F
:101070000011CDE90226073B04A9384601F0FBFA2E
:10108000044618B931462846DDF708FB204609B06A
:10109000F0BD8DF81120A2788DF81220E2788DF83D
:1010A000132022798DF8142062798DF81520A27909
:1010B0008DF810308DF816208DF817308DF8183017
:1010C000CEE7F0B50C680F4694F901100029B4BFC3
:1010D00008260426012B054689B010464FF0000370
:1010E00062782CD1CDF81130CDF81530CDF819300B
:1010F00003238DF81030A3788DF81230E3788DF843
:10110000133023798DF8143063798DF81530A37975
:101110008DF816300DF11901FFF772FEBB889B1B8D
:10112000E21D9BB20021BB802846CDE90011CDE92C
:101130000226073B04A901F0A0FA09B0F0BD8DF822
:101140001120A2788DF81220E2788DF813202279F0
:101150008DF8142062798DF81520A2798DF8103061
:101160008DF816208DF817308DF81830D2E770B54D
:101170000D4688B0064604A81446FFF74AFE2969C2
:10118000687822680B1E18BF012300280CBF0420BA
:1011900008201B01CDE90220CDE900133046A388C9
:1011A00004A901F068FA064638B96B78002B0CBF29
:1011B000042108212046DDF771FA304608B070BDE1
:1011C000F0B50D4689B0074604A814461E46FFF741
:1011D00020FE2A6968783168131E18BF0123002891
:1011E0000CBF042008201B01CDE90210CDE900232B
:1011F00004A9A3882268384601F03FFA054618B9C9
:10120000A1883046DDF74AFA284609B0F0BD10B58E
:1012100000288AB00CBF102420240020CDE9000053
:10122000CDE90200CDE90414CDE90624CDE9083466
:1012300003220C9B04A9684601F021FA0AB010BDF4
:101240000346012B084602D19121FFF799BE13B93D
:101250009121FFF77BBE6FF01500704730B585B068
:1012600004461D460846089B114622464CB1012CF7
:1012700011D1009120210191694601F024FA05B0B5
:1012800030BD1022CDE9012500910392694602226A
:1012900001F0F5F9F3E76FF01500F0E71FB508244A
:1012A000CDE902340023CDE90033192301F0E5F93B
:1012B00004B010BD30B58BB004468DF8081011682D
:1012C000CDF809105168CDF80D1018460DF1110137
:1012D0000E9DFFF795FD02AB00930D2301930122B4
:1012E00006AB6946204601F0ECF9024618B906AB98
:1012F00003CB2860696010460BB030BDF7B5089F7E
:101300000C461D4611463B4622460646FFF7A8FD01
:1013100078B96B46224639463046FFF7CBFD40B9D7
:1013200008222946684602F0F9F8002818BF6FF035
:101330004C0003B0F0BD30B5058B024600239D4242
:1013400001DC002030BD546904EB430034F8134045
:101350008C42F7D00133F2E738B54B6842685B68DE
:1013600012781B789A4205460C4601D0012038BD00
:101370000989FFF7E0FF20600028F7D065600020B2
:10138000F5E770B54B6842685B6812781B789A4243
:1013900005460C4601D0012070BDC66989683368D6
:1013A000994202D000232360F5E721B9FFF7C3FF7C
:1013B000002808BF00262660002EECD065600020C3
:1013C000EAE7FBF719BF08B501F0A5FF4FF47A7201
:1013D000A0FB020302FB0133C00B40EA434008BDFF
:1013E0001368012B10B403D9023B10BC1360704783
:1013F00005D1002310BC1360090AFDF74DBC10BCD9
:10140000FDF751BCF8B5069C20460D4616461F4612
:10141000FDF72EFCA8420DD3A38821682A46194463
:101420003846B047014610B12046DDF737F96FF076
:101430007700F8BD6FF06800FBE713460A4601210C
:10144000FBF7E3BE136813B1013B13607047FDF770
:1014500023BC0846114608B1E8F7BEBF704773B514
:1014600081680646A1B3CB6993B38B8883B3E8F751
:101470001BFF051E2CDD8C7C14F0010411D0002311
:1014800002210DF10600ADF80630F5F7F7F9BDF8C9
:1014900006404FF4F073B4FBF3F203FB1244143430
:1014A000A4B22C4440F2E7304FF4004500214FF441
:1014B0007A720023C4FB0501D3F71EFDB6682036FF
:1014C00002460B46304602B0BDE87040F8F742B81D
:1014D00002B070BD30B585B01D460023CDE90203D2
:1014E0000C460193ADF80C20FFF70EFA18B9E8F797
:1014F000E9FB05B030BD089B2A46214601A8ECF760
:1015000063FDF6E770B5CA1C058A00234FF6FC762A
:1015100092B29D4201DC002070BDC46834F81340D3
:101520008C4205D0B44201D1012A01D90133F0E740
:101530000120F1E7F0B5C779044600234FF0280CED
:10154000D8B2874201D80020F0BDE6680CFB03F555
:101550007019755B8D4202D145889542F4D00133F4
:10156000EEE7F0B58679024600232827D8B28642F6
:1015700001D8002008E007FB03F4956828192C5BCC
:101580008C4203F10103F1D1F0BD0B46114618471F
:10159000E9F7B6BB4268538843F001035380082043
:1015A000EDF764BD4268538843F00203538008207E
:1015B000EDF75CBD4268538843F004035380082074
:1015C000EDF754BDF2F76ABCF2F78EBC38B583680C
:1015D000044613B900F10C038360A3682360FF295C
:1015E0004FF00003A38005D82046C9B2BDE83840BB
:1015F000FDF752BBB1F5803F8DB205D2294620469A
:10160000BDE83840FDF758BBC1F307412046FDF760
:1016100043FB29462046BDE83840FDF744BB10B5E2
:101620000446F7F7C9FA002310F10B0FA3612362F8
:10163000A38308BF6FF0730010BD10B584698C429E
:101640000BD1B0F91C40818B002C01DD914204D1FB
:101650000BB1026A1A60012010BD0020FCE737B50B
:101660001346044689B98268AAB19269918091684B
:10167000116080689A8819688069FDF701FB20462F
:1016800003B0BDE83040E9F719BA00230093E9F749
:10169000D3F903B030BD6FF08500FAE72DE9F041D2
:1016A00006460D4617461C461BB9BDE8F041FFF73C
:1016B000D6BFD3E9003049B18A889969D4F808C007
:1016C00039B1E9F7A7FC40B1BDE8F081B268928872
:1016D000F3E79861C3F820C09A8329463A4630461A
:1016E000FFF7BDFF2568B8B9E46840F2E73124EAA6
:1016F000E4744FF400460F460146C4FB06714FF4F4
:101700007A7200233846D3F7F7FB02460B46284689
:10171000BDE8F041FFF783BF0023AB612B62AB83D1
:10172000D2E738B5002304461D461946228B9A425B
:1017300009DCE369186820B1EBF7C2FDE369002218
:101740001A60284638BD626932F8130010B122F8D9
:10175000131001350133E9E708B5FFF7E2FF012077
:1017600008BDFBF752BD2DE9F041002305460C46AC
:1017700001EB42064FF6FF78B44206D1DBB12846B2
:101780001988BDE8F041FDF78EBA224634F8027B95
:101790004745F1D06BB1198841EA073189B2284633
:1017A000FDF781FAC7F307112846FDF775FA002304
:1017B000E2E71346E0E7BDE8F081FBF71DBDE4F783
:1017C0001DBF10B50446FFF7ACFF10B12046FFF770
:1017D000E9FE636A2BB1DB681BB12046BDE810400F
:1017E000184710BD10B404682488C4F30B040C809F
:1017F000036810BCB3F801301B0913800321DCF728
:1018000019BF42680346107808B1EAF7CDB9DA6823
:101810004FF6FE7111805A68538843F010035380CD
:10182000704730B589B003AB4FF4E02204460D4653
:1018300005A848F21101CDE906230593FFF7C6FE7E
:10184000E5F7BAF8014605A8FDF726FA002300934C
:1018500005AA29462046E9F7EFF808B1EAF7B2F9F8
:10186000002009B030BDFFF7DCBF084609B1EAF738
:10187000CFB97047F8B58B88032B05460C46164642
:10188000084609D8FDF7D5F90023337001462846EC
:10189000BDE8F840FFF765BEFDF7CBF907462046E7
:1018A000FDF7C7F901233370024639462846BDE8E3
:1018B000F840FFF73FBE30B589B003AB4FF4E022EC
:1018C00004460D4605A848F22501CDE906230593F7
:1018D000FFF77CFEE5F790F8014605A8FDF7DCF977
:1018E0000023009305AA29462046E9F7A5F808B188
:1018F000EAF79EFD002009B030BD30B589B003ABDA
:101900004FF4E02204460D4605A848F21401CDE943
:1019100006230593FFF75AFEE4F7FCFF014605A8EE
:10192000FDF7BAF90023009305AA29462046E9F7F6
:1019300083F808B1EAF786FD002009B030BDFFF753
:10194000DCBF30B589B003AB4FF4E02204460D464E
:1019500005A848F20E01CDE906230593FFF736FEF0
:10196000E5F70AF8014605A8FDF796F9002300936C
:1019700005AA29462046E9F75FF808B1EAF790FD85
:10198000002009B030BD30B589B003AB4FF4E02280
:1019900004460D4605A848F20B01CDE90623059340
:1019A000FFF714FEE4F774FF014605A8FDF774F98C
:1019B0000023009305AA29462046E9F73DF808B11F
:1019C000EAF778FD002009B030BD2DE9F04104466A
:1019D0000D4648F23E0117461E46DDF81C80FFF713
:1019E000F5FD9DF818102046FDF756F939462046BA
:1019F000FDF759F931462046FDF755F945B1042167
:101A00002046DCF74BFED8F800300360BDE8F081DB
:101A100002212046DCF742FEB8F800300380F5E7EB
:101A20002DE9F8431F4683689DF820609DF82890B3
:101A300004460D469046002B7DD0002E79D1DA6900
:101A400012B9B9F1000F76D12DBB9A8802B39D80EF
:101A5000A3689A8965F30B029A81A3685A7B65F3A0
:101A600004125A73A3689D73A3681D74A368DD7381
:101A7000A3685A7C65F307125A74A3689D60A06836
:101A8000C36913B12030F7F7D1FD2046FFF792FD6F
:101A90003046BDE8F8833846E7F75EFB08B9032611
:101AA000F6E739462046FFF72DFD0028F7D0A2685B
:101AB000938883F40043B3F5804F02D29068EBF72C
:101AC000FFFBA3689D80A3689A8967F30B029A8144
:101AD000A3685A7B6FF304125A73A3689DF82420FD
:101AE0009A73A3689DF82C2083F81090A368DA738A
:101AF000A368C3F80880A368DB69002BC5D0204623
:101B0000E8F7D2FB051EA068BCDD00F120074FF40A
:101B1000004C40F2E73000214FF47A720023C5FBFD
:101B20000C01D3F7E9F902460B463846F7F778FD82
:101B3000ABE70A26ACE70726AAE7F0B5044685B06E
:101B400008460E46E7F708FB18BB032005B0F0BDBA
:101B5000E36833F81520B24215D123F815702046FA
:101B6000FFF718FDA36873B19B89C3F30B03B3425E
:101B700009D10023CDE90233CDE900331A461946D5
:101B80002046FFF74DFF0135238A9D42E0DB002010
:101B9000DCE700254FF6FF77F6E7009B1988FFF793
:101BA000CCBFF0B585B004460D46104603A90DF133
:101BB0000E02FFF717FEBDF80E60BDF80C70304640
:101BC0003946E7F721FA0097024633462946204670
:101BD000EAF7EEFE05B0F0BD2DE9FF4114460546DB
:101BE0000E460DF10E0203A92046FFF7FBFDBDF8DE
:101BF0000E70BDF80C80226841463846E7F7BCF904
:101C0000CDF8008002463B4631462846EAF7D0FE32
:101C100004B0BDE8F0812DE9FF41144605460E46AB
:101C20000DF10E0203A92046FFF7DCFDBDF80E7092
:101C3000BDF80C80226841463846E7F759F9CDF8DF
:101C4000008002463B4631462846EAF7B1FE04B022
:101C5000BDE8F08130B585B004460D466846E7F72B
:101C60003BFD6B46002229462046EAF7D7FE05B029
:101C700030BD30B585B004460D466846E7F7A2FD95
:101C80006A4629462046EAF731FF05B030BD50F8D4
:101C9000043C23B15B6913B150F8080C1847704736
:101CA000FBF7AABAEBF73EB82DE9F04143680446CA
:101CB000104615465F68FCF7B4FF06462846FCF759
:101CC000B8FF7B68024633B1DB6823B1314620465A
:101CD000BDE8F04118470020BDE8F08170B54368C9
:101CE00004465D681046FCF7A4FF6B6801462BB103
:101CF0009B681BB12046BDE870401847002070BDAE
:101D000030B5044689B003AB4FF4E0220D4605A878
:101D100048F23701CDE906230593FFF757FCA36886
:101D2000597C05A801F00F01FCF7B6FF00230093D2
:101D300005AA29462046E8F77FFE08B1EBF778F8B8
:101D4000002009B030BDFFF7DBBF38B504460D46B3
:101D5000EBF724F828B929462046BDE83840FFF7BC
:101D6000CFBF38BD10B504461046FCF75AFF0146F8
:101D70002046EBF7C3F9002010BD38B504460D46E8
:101D8000FFF7F0FF28B929462046BDE83840EAF7BA
:101D9000C9BF38BD70B50D46044660B103681BB1BC
:101DA0000A46002108469847636823B12946002067
:101DB000BDE87040184770BDFBF71EBA2DE9F04131
:101DC00090F8A830B0F8885013F0020FB0F89E30A9
:101DD0000CBF4FF00C084FF0080808FB1133044605
:101DE00098450F4690F8A01010461646A8BF5FFA17
:101DF00083F8FCF751FF94F8A830C5F30C05C3F342
:101E00008003A909AD0041EAC311304645EAD70570
:101E1000FCF742FFE9B23046FCF73EFF94F8A2100F
:101E200004EB870441EA4711C9B23046FCF734FF9E
:101E3000616842463046BDE8F041FCF721BF2DE91C
:101E4000F04100258B688D8006460C4617460B60D6
:101E50008046F37F58F8041F13F0200FB38B0CBF9C
:101E60000C22082205FB12339A42A8BF1A462046CC
:101E7000FCF706FFF37F013503F01F02AA42E8DA00
:101E80009B0606D4A388002F0CBF042208229B1AAD
:101E9000A380BDE8F08108B501F03DFA4FF47A72F5
:101EA000A0FB020302FB0131C00B40EA4140C90B19
:101EB00008BDF8B5002705460E4614461761E069CF
:101EC00018B162786169FFF7BAFF688980F400434E
:101ED000B3F5804F13D3A3699A689F801A60D4E941
:101EE000052321463046FFF76BF990B96B8983F4DF
:101EF0000043B3F5804F0FD22369EB600CE02169FA
:101F00000022EBF701FA20610028E4D16FF0010014
:101F100002E02369002BD2D1F8BD38B592F8A83081
:101F20001B070D4614460DD4D2F8AC3053B11B68D4
:101F300043B1D2F8B020984794F8A83043F0080392
:101F400084F8A83094F8A83043F0200384F8A8302F
:101F5000FFF7A1FFC4E9240145B194F8A4302BB1E7
:101F600020460021BDE83840EBF710BC38BDB8383A
:101F7000EBF7C0BC10B50C46FFF78DFF94F8A83006
:101F80009B060AD594F8A4303BB1D4F89010411ABE
:101F90002046BDE81040EBF7F9BB10BD2DE9F0433A
:101FA00007468DB091460D460E2200210DF122000C
:101FB0009846159E9DF8584001F0A8FA3B88ADF868
:101FC0001C304FF6FF73ADF81E300023069307ABAD
:101FD000ADF820908DF82C800497059344B3E8F772
:101FE000C5FCADF81800E4F707FD2DB2002D8DF803
:101FF0001A001ADD149B1B88E403C3F30C0344EAA4
:102000008304330C320E8DF80B30002173BA64BA9E
:102010008DF80A20ADF80C30CDE90011062302AA94
:1020200004A8ADF80840ECF791F80DB0BDE8F083D6
:102030002846D6E710B50346BFF35B8F53E8000F81
:1020400000EA010243E80024002CF7D1BFF35B8FC4
:1020500010BD10B50346BFF35B8F53E8000F40EA95
:10206000010243E80024002CF7D1BFF35B8F10BDC1
:1020700030B5142A87B038BF14221D4600230593BB
:10208000D2000523B2FBF3F2C36A8DF81610934217
:10209000044605D0C0E90B2220210430FFF7D9FF08
:1020A0000023CDE901330A9B009305AA2B4604F1D6
:1020B00024012046ECF7CCFC07B030BD70B5051DFF
:1020C00004460E4628466FF00401FFF7B3FF4207AF
:1020D0000CD56FF008012846FFF7ACFFA068FDF7AC
:1020E0003EFB6FF001012846FFF7A4FFBFF35B8FB3
:1020F0006368BFF35B8FDB0705D510212846FFF728
:10210000A8FF002070BD14342046F7F721F8B04333
:10211000F7D16FF010012846FFF78CFF2046ECF74F
:10212000CDFD0120EEE70021FFF7C8BF30B5012348
:1021300003FA01F1CA43BFF35B8F50E8003F03EAA3
:10214000020440E80045002DF7D1BFF35B8F194230
:1021500014BF0120002030BD4FF6FF70EDF7E8B945
:1021600010B504462046DCF711F900B910BDDCF7C4
:1021700055F9F7E7FBF740B8FBF747B810B5044649
:102180008078E378C00343F0040300F5CC10E370DB
:102190004FF47A72002300F2E7300021D2F7ACFE50
:1021A00002460B4604F16000BDE81040F7F738BA6C
:1021B00070B5B1F8B6504FF47A730C465D434FF4E6
:1021C000004640F2E73000214FF47A720023E5FB2D
:1021D0000601D2F791FE02460B4604F1B800F7F76C
:1021E0001FFAB4F8B6305B00A4F8B63070BD10B575
:1021F000C378044613F0100013D023691B888B4268
:102200001CD113B2002B0DDCB4F85630934217D01A
:10221000B4F85830934213D0B4F85A00831A584295
:10222000584110BD20880028FBD0824206D3237A73
:1022300003449A42ACBF00200120F2E70020F0E7FF
:102240000120EEE738B5D37815461A0703D4BDE868
:102250003840EDF7EDBA6FF3C30313F01004EB70E1
:1022600006D1D5F89C0018B1DCF7D8F8C5F89C4029
:1022700038BD70B54568044625EAE5754FF400465B
:1022800040F2E73000214FF47A720023C5FB0601CB
:10229000D2F732FE02460B4604F16000BDE8704002
:1022A000F7F7BEB970B504460D461CB104F10C0633
:1022B000013D00D270BD3046FCF7B3FC208A0028F7
:1022C000F6D12146DCF74AF90446EEE770B530F85E
:1022D000043C0446ABB101F01EF84FF47A76A0FB43
:1022E000063206FB0122DB0B43EA424354F8082C7A
:1022F00054F8B45C9B1AB3EB450F03D9002324F8C0
:10230000043C70BDA4F1B800BDE87040EDF756BACA
:102310002DE9F0470468884616463CB304F10C09E1
:102320004846FCF7A1FC052105462046B4F810A05C
:10233000FFF7B8FF4846FCF784FC03210746204618
:10234000FFF7B0FF4846FCF77CFC6369A4F810A0D7
:1023500013FA85F5B845E56006D1C0F38C00831B00
:1023600058425841BDE8F0870020FBE72046F9E7D6
:1023700038B504461D4642B994F89800C0F11000E3
:10238000A84294BF0020012038BD12889030C2F3CB
:102390000C02FFF7BDFF0028F6D1EDE709B1EDF71C
:1023A000B3BB70472DE9F84FD0F8A04005468946E9
:1023B000924600270CB9BDE8F88F238A102B17D15D
:1023C00004F10C0B5846FCF74FFC01210646204651
:1023D000B4F81080FFF766FF5846FCF722FC10F0B7
:1023E000800FB6B207D16369A4F810803344E3606C
:1023F00027462468DEE703215846DCF71BF95846D8
:10240000FCF71FFC8245EED102212046FFF74AFF70
:1024100001215846DCF728F903785B06E3D15846DA
:10242000FCF70FFCD9F80030A4F81080C0F38F003F
:1024300058406369C0F30C003344E3600028D7D1EF
:1024400023689FB9D5F8A420C5F8A030944201D1E3
:10245000C5F8A43000232360D5F8A830013BC5F8A7
:10246000A8302046BDE8F84FDBF7D8BF3B60D5F871
:10247000A4309C4208BFC5F8A470EBE738B5044609
:102480000D460521DCF79EF829462046BDE8384078
:10249000FCF702BC0A460121FAF7AEBEEEF716BE03
:1024A00010B50346BFF35B8F53E8000F40EA01020B
:1024B00043E80024002CF7D1BFF35B8F10BDFAF77F
:1024C0009BBE10B50346BFF35B8F53E8000F00EAD5
:1024D000010243E80024002CF7D1BFF35B8F10BD4D
:1024E00007B5002343F23432CDE90023042140F044
:1024F00008020020E4F728FC20B903B05DF804EBE3
:10250000EFF720BA03B05DF804FB0846114608B1A6
:10251000EFF778BB7047EFF7D3BB7047F0F7CCB855
:10252000704700F170010068F0F740B970477047DC
:1025300030B504468DB005AB4FF4E0120D4602A84D
:102540000121CDE903230293DCF73CF894F838200D
:1025500002A92846FEF7C6FA38B924680090034657
:1025600002AA20680121F1F7A9F90DB030BD08B524
:102570000B4601461846FFF7DBFF003818BF012065
:1025800008BD08B500F0C7FE4FF47A72A0FB020345
:1025900002FB0133C00B40EA434008BDFAF735BEE9
:1025A00010B502884FF6FF739A420C4605D0C378E7
:1025B000012B04D1236801332360002010BDE4F710
:1025C000A9F90128F6D0E4F7AFF90128F5D1F1E730
:1025D00030B581B1821C00F12204134633F8025F4A
:1025E0008D4208D0A342F9D1002332F8024F1CB922
:1025F00000EB4300818030BD0133102BF5D1FAE7A9
:10260000012380F84230F0F7E7BB002280F8422037
:10261000F0F7E2BB022200217030E5F747BE10B5AB
:10262000C378012B04460CD1FFF7ABFF6368C01AD7
:102630004EF27863984204D92046BDE81040F0F786
:102640000FBE10BD0846E4F753BB00230B60436880
:1026500013B9C0E900117047196041607047034623
:10266000006828B1596802681A60884208BF5A6039
:10267000704700F0AEBAFCF7FABCFCF7C3BC70B50B
:10268000C2B00D461446014616AA68461E46FCF71F
:102690005DF840B1083554B969463046FCF7EBF8AF
:1026A00008B1204601E06FF0040042B070BD55E96A
:1026B00002126846FCF775F808350028F3D0013C93
:1026C000E9E7FFF7DCBF70B5BCB00D461446014624
:1026D000202268461E46FCF7ADF918B96FF00400D9
:1026E0003CB070BD6846FCF7D9F90028F6D0083533
:1026F00044B96A4620213046FCF7E3F90028EDD0C2
:102700002046EDE755E902126846FCF7D4F9083592
:102710000028E3D0013CEBE708B5F4F7AFF8B0FAD6
:1027200080F0400908BD00207047F8B5069F046995
:10273000C9B2EFF31186402585F31288BFF36F8F7E
:102740000C2569430C44A56C05F0070CBCF1010F86
:102750000BD1A76486F31188BFF36F8FC4E91023F0
:1027600043685B5898470020F8BD05F0C005AF42AC
:1027700086F31188BFF36F8F0CBF6FF077004FF0B7
:10278000FF30F1E713B580240094FFF7CEFF02B0CD
:1027900010BD0069CBB200EB4310002110470020B0
:1027A000F4F7D2BB0020F4F7EFBB1046F6F7CAB936
:1027B0008022F1F743BC0020704738B50C4615461F
:1027C000DDF784F828B129462046BDE83840DDF71A
:1027D0004FBA6FF00A0038BD70B5044600F01AFC1D
:1027E000237B05460BB100F04AFB00266068236995
:1027F000984205D10321F5F78FFA23692B44236111
:10280000F5F7BCFA28B1A3685B1BA36063682B448F
:102810006360237B01363BB9A368002BE6D1A06837
:10282000003818BF012070BD3046F4F7E7FC0028DF
:10283000F2D0F4E738B505460C4600F0E5FB002D74
:1028400007DBA84205D9401B84428CBF0020012031
:1028500038BD0020FCE770B50D46284619461646DF
:102860001C46FFF7E7FF28B921462846BDE870401F
:10287000F1F778BF24B122462946304600F038FEF1
:10288000002070BDF7B51C46164600238268236001
:10289000A36013690D4601AA69469847019B5A1E19
:1028A00001921BB96FF0150003B0F0BD0098A2684B
:1028B00047682168676085B9B31AD0F800C06345DE
:1028C00028BF63461A4403FB07112160A260026817
:1028D0009A4206D808300090E0E76B1AB3FBF7F392
:1028E000EBE70020E0E713460022FFF7CBBF2DE91E
:1028F000F047836886B01B698846914601A902AA01
:1029000098470024A2462546029BAB4202D806B057
:10291000BDE8F087019F07EBC50700267B6804939D
:102920003A68B2420AEB060302D801359A46EBE751
:1029300003940593494603A8C0470028E7D0049BA9
:1029400001361C44ECE743685B68D3F810350B6034
:102950000020704743685B6802EA010021EA020137
:10296000C3F80805C3F80C150020704743685B687E
:102970000020C3F80815704743685B680020C3F85F
:102980000C15704743685A68D2F8043521EA0300F1
:102990000B40C2F80805C2F80C350020704713B58B
:1029A0004FF080520829136E526E28BF082112BAC8
:1029B00000921BBA0C460A466946019300F098FD46
:1029C000204602B010BD30B543681360057A4468F4
:1029D00004EBC504A34202D36FF0010030BD5C7963
:1029E0008C4201D00833F0E70020F7E743681B680A
:1029F000D3F88004C3F88004704742681368D3F8A2
:102A0000100150B1126A002012780A70C3F8100148
:102A1000D3F8102101221A6070474FF0FF30704741
:102A200002680346D2F8580140B95B68DB0706D458
:102A3000D2F82001003818BF0120704701207047EC
:102A400043681B68D3F80423D20517D5D3F8202197
:102A5000A2B1EFF31182402181F31288BFF36F8F8F
:102A6000D3F8201131B10021C3F82011D3F820117F
:102A70000121D96082F31188BFF36F8FD3F85831E9
:102A8000704708B5F2F76CFB08BD0A460121FAF75A
:102A9000B3BB40EA01030F2B01D8F2F763BE6FF01E
:102AA000150070470F21FFF7F4BF10B500F099F83B
:102AB0004FF0FF304FF0FF31F3F7F8F8044620B93C
:102AC000BEF79AF90446F3F7F9F8204610BD38B579
:102AD0000B8A0D4673B30B7EA3B1022B2AD14FF0A4
:102AE000FF304FF0FF31F3F7E1F8044640B9E868F2
:102AF000D2F721FD0446F3F7E1F8B4B1F3F71AF980
:102B0000204638BD4FF0FF304FF0FF31F3F7CEF8DD
:102B100004460028F4D1E868F3F7F2FA0446F3F724
:102B2000CDF8002CECD1F3F705F92846DBF776FC5D
:102B30000024E5E76FF01504E2E7F3F745BA10B5B6
:102B400031220446002100F0E1FC20232370802381
:102B5000A3706FF03F0363710423A3722823A37350
:102B60000223E3736FF0080363766FF03003A376FC
:102B70006FF00403E376782323776FF03F0384F844
:102B80002130072384F822306FF0770384F8233054
:102B9000FF2384F82430632384F82530802384F8CD
:102BA0002630032384F82730042384F82930402377
:102BB00084F82D3010BD002303604360037863F078
:102BC00042030370437823F0510343F051034370F1
:102BD000704708B50023D1F729FE002008BDF3F7A0
:102BE000F7BE70470021F3F7A3BF90F8401001290A
:102BF00001D8F3F79DBF122070470523B0FBF3F017
:102C0000C0B2704731B10B7C40F6B832322000FBC5
:102C10000320704783689B7BF6E7806828B1B0F992
:102C200004000028D4BF0020012070477FB593889E
:102C300023F002039BB2012B0D46144640D143689A
:102C400010465E68FBF7EDFF012803D96FF0150011
:102C500004B070BDA38800F00100022B8DF80800BD
:102C600025D12046FBF7DDFF0128EFD800F0010059
:102C70008DF809002046FBF7D4FFF3F783FF06F138
:102C800008040390AA8801AB48F204212046FEF70D
:102C9000D4FC40B104AA12E90300019B83E80300BD
:102CA0002046F5F74FFF33682BB90020D0E78DF8A9
:102CB00009000020E3E702AA294630469847F4E7D6
:102CC0006FF07900C4E743685868836C00229A80EB
:102CD0009A681A600830F5F7CFBF38B5044608681F
:102CE0000D46F3F75FFF01462046FBF7D5FF686806
:102CF000FFF783FF01462046BDE83840FBF7CCBF15
:102D000010B543685C68C4F8980004F18000A064C2
:102D10000A2204F18C01FBF75BFF0122002104F180
:102D2000080000F015FA002010BDF0B51D465378DC
:102D30008BB004460F46164613B90379013303716D
:102D40004FF4202348F2022103A80493CDF80CD0BD
:102D5000CDF814D0FEF73AFC317803A8FBF79CFFBE
:102D6000217903A8FBF798FF716811B103A8FFF759
:102D7000B4FF04F108030693D4F8980048F2042342
:102D80003946CDE90735FFF73DFF0990D4F89800A3
:102D900005B106AD2B4603AA3946FEF77FFC0BB002
:102DA000F0BD70B5537886B004460E46154613B98B
:102DB0000379013303714FF4202348F2032103A860
:102DC0000493CDF80CD0CDF814D0FEF7FFFB297892
:102DD00003A8FBF761FF217903A8FBF75DFF696892
:102DE00011B103A8FFF779FFD4F8980003AA314680
:102DF000FEF735FC06B070BD08B5F3F701FFBDE87E
:102E000008400320EEF700BDF3F7FABE684620F055
:102E100007018D4601B5CFF7E7FADAF7B1FABDE859
:102E2000014085467047684620F007018D4601B590
:102E3000CFF7A6FABDE8014085467047684620F006
:102E400007018D4601B5CEF7D1FFDAF799FABDE853
:102E500001408546704708B5D6F753FB002008BDF2
:102E60007047CEF71BBB08B5D1F7AAFB30B1EFF323
:102E700005800338032894BF0020012008BD704757
:102E8000004700F0D6B8C00000F1804000F5F830EF
:102E9000C0F81015C0F814257047F4F7D5BF4309E2
:102EA0000AD0012B0BD140F2FF3300F01F0023FAB0
:102EB00000F000F0010070474FF0FF33F5E700200D
:102EC00070472DE9F341019001A8DDE908580C464F
:102ED00017461E46F4F7A8FA019B391E18BF0121B8
:102EE00000EB8300231E18BF0123002E43EA410399
:102EF00014BF0C210021002D43EA010314BF4FF43D
:102F0000E0610021B8F1000F43EA0103D0F8002787
:102F100014BF4FF4403100210B4322EA030304B1F4
:102F200024780FB13F787F001C430EB13678B6008D
:102F30003C438DB1297809023443B8F1000F03D026
:102F400098F800804FEA0848214341EA0801C0F898
:102F5000001702B0BDE8F0812946EDE71FB50DF17D
:102F60000F03019300238DF80F1000931A461946A2
:102F7000FFF7A7FF05B05DF804FB08B50146F4F7BD
:102F8000C3FA10B10846F4F7D9FA00F0010008BD01
:102F900038B5054608460C46F4F7D0FAB0B10846F5
:102FA000F4F7B2FA90B90846F4F7A2FA2A680123B6
:102FB0008340C2F808332A6803B202EB8303D3F8D4
:102FC000102522F00302C3F8102538BD2046002149
:102FD000BDE83840FFF7C2BFF4F74CBBFFF7D8BFDE
:102FE000034608464FF080510A6949694A439342B3
:102FF00008D340B1A3F11023B3F5427F2CBF0020CA
:1030000001207047012070474FF080531A695869BA
:10301000504370474FF08053186970474FF080530A
:1030200058697047F4F716BF08B5FFF7FBFF00209B
:1030300008BD08B1DBF75ABB704740B1C368587888
:1030400010F001001EBF1878B0FA80F040097047F8
:1030500010B5D0E9003433B90020E268537843F06A
:103060000103537010BD204698470028F4D0002873
:10307000B8BF4042E368FF28A8BFFF201870ECE704
:1030800000F044BA00F034BA704710B400F10C04F8
:10309000C0E9034410BCD6F7C5BF8169C36843EAE1
:1030A000010212F003020FD102614269013A01FBF1
:1030B0000233C2689A4201D90020704702691A603F
:1030C000826903619B1AF4E76FF01500704790F96D
:1030D0000E308B4201D0F6F79BBF002070470346AD
:1030E0000020C3E90200C3E90033704710B504466D
:1030F00030B10268930703D0446809B100F0F1F9D8
:10310000204610BD0023C0E90033836000F10C03AA
:10311000C0E9033300F11403C0E90533704707B574
:103120000123009300230A461946F5F729FC03B052
:103130005DF804FB07B500230A4600931946F5F72E
:103140001FFC03B05DF804FB00680021FFF7CEBF51
:103150005AB18A4209D300F11003C0E90212C0E952
:103160000000C0E90433002070476FF0150070477D
:10317000026801238B4022EA0303036022FA01F074
:1031800000F001007047704710B5032104460C3071
:10319000FFF7EEFF30B104F11000F7F7F3FCB0FADF
:1031A00080F0400910BD20B1002211468830F7F7A9
:1031B00077BA704770B5C368C3F340069B070446EF
:1031C00016D4856802210C30FFF7D2FF80B1D5F804
:1031D00080206AB194421DD122689EB9D5F884300E
:1031E000C5F880209C4201D1C5F8842000232360CB
:1031F000E36813F01F001EBF43F00203E36040F0DA
:10320000020070BD3260D5F88420944208BFC5F832
:103210008460EBE716461268DBE710B5F5F7CEFFE2
:10322000041E08DDEFF31180402383F31288BFF3FF
:103230006F8FF6F7E1FF204610BDF5F789BFEFF37A
:103240000580003818BF012070476FF057007047A5
:1032500000207047F6F790BFD0E9003213605A6043
:103260000023C0E90033704738B504460D46F6F731
:1032700071FB637B43F002036373E5B1A5602B68C8
:103280009D4209D16B68C4E900531C606C6012E078
:103290006A689A42F6D01B68002BF3D094F90E208E
:1032A00093F90E108A42F3D09142F1DD5A68C4E9D5
:1032B000003214605C6038BD90F90E3091F90E0058
:1032C000834214BFC01A0020704701211838F6F756
:1032D00073BD10B50446F6F739FD04F11800BDE8DA
:1032E0001040F7F74FBC38B504680546AC424FF0C4
:1032F000000000D138BD002CFCD02046FFF7E9FFCC
:103300002046F6F7B1FC2C680120A542F1E708B58C
:10331000F7F752FD08BDF7F74FBDB3F1FF3F08BF08
:10332000B2F1FF3F70B504461D46164613D01A434E
:1033300015D06FF00102921B4FF0FF3363EB0501D4
:10334000002904DAF7F738FD821941EB0501C4E9D9
:103350000021204670BD4FF0FF321146F7E70022F2
:10336000FBE7B3F1FF3F08BFB2F1FF3FF8B50746F7
:1033700016461C4610D054EA020311D0F7F71CFD84
:10338000B0420A46A14103460AD2F31A64EB020492
:10339000C7E900343846F8BD4FF0FF331C46F7E765
:1033A0000023FBE70023C0E9081200F11802C0E97E
:1033B0000622C0E9003303634363704710B5044637
:1033C000F7F7E0FBA8B9636A0BB12046984704F110
:1033D0001800F6F7A1FD60B1F6F746FCEFF3118097
:1033E000402383F31288BFF36F8FBDE81040F6F7D8
:1033F00003BF10BDF8B50D46D0E90013884204465E
:1034000005D16368C5E900431D6065601DE0002BC0
:10341000F7D0986800B16038A2F160073946FFF72D
:103420004BFF0028EDDC2668B442EAD0002EE8D03D
:10343000B16801B160393846FFF73EFF002805DD6D
:103440007368C5E900631D607560F8BD63689E42DE
:10345000D7D03668EAE72DE9F041846805460E4684
:10346000ECB16378012B25D114F8533C9A0714D59D
:10347000A4F160073846FFF72CFF082E0CBF6FF051
:1034800003030023E36114F8533CDB0605D154F831
:10349000483C13B93846F6F7E7FB00232370EB6886
:1034A000C3F386321643002066F39433A860EB60C2
:1034B000BDE8F081022BF0D12378002BEDD054F839
:1034C000048CB8F1000FE8D004F11400F7F75AFBB0
:1034D000A4F114070023E36239464046F5F76EFE77
:1034E000DBE720B1011F50F8040CF4F7C5BF7047AB
:1034F0000A44914200F1FF3300D1704710B511F832
:10350000014B03F8014F9142F9D110BD024403462B
:10351000934200D1704703F8011BF9E710B5013958
:103520000244904201D1002005E0037811F8014FD8
:10353000A34201D0181B10BD0130F2E710B56AB1EB
:103540000139841810F8012B11F8013F9A4203D178
:10355000A04201D0002AF5D1D01A10BD1046FCE7D8
:1035600010B5024601448A42134603D01C7801324A
:10357000002CF8D1181A10BDF0B5C3F13707044676
:10358000FFB203F01F031046082BE6B233D0102B16
:103590003ED06508A40844EA817445EAC1752D1936
:1035A0004FEA910242EB5102290941EA02716D187A
:1035B00042EB1212290A41EA02616D1842EB122213
:1035C000290C41EA02416D1842EB1242AD1842F15A
:1035D0000002EC0844EA4274D10804EB8402A6EB32
:1035E0004205EDB2092D0CD90134A5F10A0541F1CE
:1035F0000001EDB212E0E40844EA417406F0070568
:10360000C908303554EA010200F8015BBCD1F0BDB5
:10361000240944EA017406F00F050909092D84BF45
:10362000ED19EDB2EDE7D1E9043293421EBF5A1C09
:103630000A61187070470000014800687047000078
:10364000F45800204C63FD7F01000000D5E6010026
:1036500000000000D9400300FC36040029300400BB
:10366000000000003183030000000000FD8403001F
:1036700000000000094A030024370400094A03003F
:1036800010370400D16D030000000000572E040025
:1036900000000000B72704004C3704004546030033
:1036A00038370400F94F030060370400E943030092
:1036B00000000000BD5303000000000001E701000E
:1036C0000000000041BA0100000000004DE00100D0
:1036D00000000000F16E030000000000E58C030014
:1036E000000000008947030074370400C15E030036
:1036F0008837040011EB0100000000004AAD04000F
:10370000B84D0400D04D0400A518002064610020CD
:10371000DDAE0400184E0400484E0400AD18002031
:1037200034620020EBAE0400304E0400484E04002A
:10373000AF18002040620020A5AD0400000000008A
:10374000EC4D0400A7180020C0610020B5AD0400B6
:1037500000000000F44D0400A91800200000000043
:1037600020AF04006C4E0400B44E0400B1180020D9
:103770004C6200201EAE040000000000FC4D04005E
:10378000AB180020000000008DB204000000000013
:10379000004F0400B3180020A0620020632E040034
:1037A000812E04000000000031EB030060370400AC
:1037B000412A04000000000031EB0300000000007B
:1037C00031EB03000000000031EB0300457B0300F8
:1037D000812E04000000000031EB03000000000017
:1037E00031EB03000000000031EB0300000000009B
:1037F00031EB03000000000031EB0300000000008B
:1038000031EB0300C0610020D94603000000000036
:1038100031EB03000000000031EB0300000000006A
:1038200031EB030000000000A55103000000000080
:1038300031EB03000000000031EB0300000000004A
:1038400031EB03000000000031EB0300000000003A
:1038500031EB03000000000031EB0300000000002A
:1038600031EB030000000000716E03000000000057
:1038700031EB03000000000031EB0300000000000A
:1038800031EB03000000000031EB030000000000FA
:1038900031EB03000000000031EB030000000000EA
:1038A00031EB03000000000031EB030000000000DA
:1038B00031EB03000000000031EB030000000000CA
:1038C00031EB03000000000031EB030000000000BA
:1038D00031EB03000000000031EB030000000000AA
:1038E00031EB03000000000031EB0300000000009A
:1038F00031EB03000000000031EB0300000000008A
:1039000031EB03000000000031EB03000000000079
:1039100031EB03000000000031EB03000500000064
:103920009D310200000000000600000069650200F1
:1039300000000000040000004D37020000000000FD
:10394000A52803007D2A03000000000000000000FD
:103950000000000000000000A12E0300253303003A
:103960000000000000000000000000000000000057
:103970001C47040008000000BC47040007000000CA
:10398000658E0200FB0A04009D230400252E03001F
:1039900031B00200AD6A040003000000A66004001C
:1039A000030000009073040003000000176104008E
:1039B000030000008F6F0400030000001E6104007C
:1039C000030000000178040003000000BF68040049
:1039D00003000000D36904000300000043710400E9
:1039E000030000005F89040003000000DC7904008C
:1039F00003000000B998040003000000D081040017
:103A000003000000D77B040003000000E1780400FD
:103A100003000000189004000300000075840400F7
:103A200003000000FBAC04000300000090AC0400A5
:103A3000030000009A9F04000300000042AA040053
:103A40000300000012830400030000007E910400C4
:103A500003000000687804000300000015B30400B0
:103A6000030000009489040003000000FA7E0400B3
:103A700003000000B280040003000000DBA6040085
:103A80000300000009A7040003000000E0A70400F1
:103A90000300000044B30400030000003EA404003F
:103AA00003000000BCAB040003000000D799040031
:103AB000030000000D990400030000007C9704003F
:103AC00003000000A0920400030000007E6C0400CC
:103AD00003000000AAB204000300000009B30400C0
:103AE0000300000098B20400030000009A60040084
:103AF000030000002E780400030000008D53040032
:103B00000300000065AD04000300000041B30400A1
:103B10000300000088B0040003000000ADB0040002
:103B200003000000BD5F04000300000038AE040085
:103B30000300000043B404000300000054550400D7
:103B4000030000009055040003000000F955040034
:103B500003000000CA570400030000009CB30400E7
:103B600003000000175E040003000000C75E0400AD
:103B700003000000FB5E0400030000004DB60400DB
:103B80000300000015990400030000000A5F040010
:103B9000030000002EAF040003000000AC4204004C
:103BA000545400206B57040001000000F042040050
:103BB00094120020B957040001000000976004002F
:103BC00000000000EDE7010089EA010000000000AC
:103BD00006770400000000009503040000000000C8
:103BE00000000000F577040000000000E55102002D
:103BF0000000000000000000ED770400000000005D
:103C0000AD490200155702000000000005990400AC
:103C10000000000000000000C1EF020000000000F2
:103C2000C181040000000000A99002000000000013
:103C3000000000008978040000000000516A0200C2
:103C400000000000000000003F89040000000000A8
:103C5000759D02000000000000000000427E04008C
:103C600000000000B97A020000000000000000001F
:103C7000797E040000000000AD7902000000000021
:103C800000000000DE8204000000000041960200F7
:103C90000000000000000000CB99040000000000BC
:103CA000F9F102000000000000000000BB7E0400EB
:103CB000000000002D7A020000000000000000005B
:103CC00055890400000000008DA8020000000000DB
:103CD00000000000A380040000000000CD8A020064
:103CE00000000000000000009592040000000000A9
:103CF00065D1020000000000000000004B890400B4
:103D000000000000B9A80200000000000000000050
:103D1000FB77040000000000914D0200BD4C020042
:043D2000000000009F
:103D3000000000000000000100000002000000047C
:103D400000000008000000100000002000000040FB
:103D5000000000800000001B00000036C467040063
:103D6000C9670400CD670400D1670400D56704006B
:103D7000D9670400DD670400E1670400E56704001B
:103D8000E9670400ED670400F1670400F5670400CB
:103D9000F9670400FD6704000A00000064000000E9
:103DA000E803000010270000A086010040420F0039
:103DB0008096980000E1F505C8190000D0010100C7
:103DC000B0E20D0080A03702FAB604000001000046
:103DD0000001030200002CA6E0A120A820A80000FA
:103DE000F401FA00960064004B0032001E0014003B
:103DF0000A00050002000100010204002526270038
:103E000001020303250D0F0F010204000000000052
:103E1000141E00003011000060EA000060EA00009B
:103E200000002CA6E0A120A820A8000000002CA6DD
:103E3000E0A120A820A800000001030200002CA699
:103E4000E0A120A820A8000001020303F401FA0069
:103E5000960064004B0032001E0014000A000500AA
:103E60000200010000002CA6E0A120A820A800006C
:103E700000000000141E00003011000060EA000085
:103E800060EA0000F401FA00960064004B00320082
:103E90001E0014000A0005000200010001020303D5
:103EA00001010002070001020401000100000101FC
:103EB0000000010001000001000100000000F40109
:103EC000FA00960064004B0032001E0014000A0045
:103ED00005000200010001000B0002000A000500BD
:103EE00009000A000800140007001E000600320046
:103EF00005004B0004006400030096000200FA0075
:103F00000100F4010000010203030C0802170D0177
:103F10000102090901010602091818030101090932
:103F2000030305030201230202240910040405050A
:103F30000B0B040B2B1B1B151A1A1C021D16130549
:103F400001490D15050000002CA6E0A120A820A81D
:103F500000002CA6E0A120A820A800010202010276
:103F60000400A301B103BF05EF024906A309C5057B
:103F7000F50B25120E021C045A03B4063006600C21
:103F8000010203030102030300002CA6E0A120A804
:103F900020A8010204010203030000002CA6E0A1F6
:103FA00020A820A8F401FA00960064004B0032001B
:103FB0001E0014000A0005000200010000000000BD
:103FC000141E00003011000060EA000060EA0000EA
:103FD00000002CA6E0A120A820A800002CA6E0A1AB
:103FE00020A820A80102030300000000141E000006
:103FF0003011000060EA000060EA000001020400E5
:10400000030000002CA6E0A120A820A800000000CA
:10401000141E00003011000060EA000060EA000099
:1040200000002CA6E0A120A820A8F401FA00960028
:1040300064004B0032001E0014000A00050002005C
:104040000100000000002CA6E0A120A820A8F40197
:10405000FA00960064004B0032001E0014000A00B3
:10406000050002000100000000000000141E000016
:104070003011000060EA000060EA00000102030362
:10408000010204000102020000002CA6E0A120A809
:1040900020A8000103020000E3A3C3000406080AED
:1040A0000C0E10121416181C1E20222426282A2C4E
:1040B0002E30323436383A3C3E40424446484A4C30
:1040C0004E021A5000003408E803280A280A0000AB
:1040D00000002CA6E0A120A820A8000001000000FC
:1040E000101100400000000000000000000000006F
:1040F0000000000000000000280000001800000080
:10410000500100005001000000000000141E0000DB
:104110003011000060EA000060EA000000000000CA
:10412000141E000030110000B45F00003C7300005A
:10413000B80BD0076C396C3900000000000000019A
:104140000000806300008063000000007017000022
:10415000A00F00003C2800003C2800000000DC0507
:10416000E8030000D417000000000000141E000047
:104170003011000060EA000060EA00000001030264
:10418000D8ECF0F4F8FC0002030405060708000070
:10419000000000000000000000000000000000001F
:1041A00000000101010102020202030303030404EF
:1041B00004040505050506060608090000000000C0
:1041C00000000000000000000000000000000001EE
:1041D00001010102020202030303030404040405B3
:1041E00005050506060708090A0B0C0D0608080157
:1041F000020600100200FA000000000071990100A0
:104200007D99010081990100899901008D99010032
:104210000001000812000000000000000000000083
:10422000000000000000000000000000000000008E
:104230000338FDD87047000059000000000000005E
:104240000400000028110020000000000000000011
:104250000000000000000000559D0100019D0100CC
:10426000582E00200001000023D10300C5D0030018
:104270000200000089D203000000000000000000DE
:1042800000000000000000004B57040053570400DA
:104290000000000000000000000000005B57040068
:1042A0005F570400635704006757040029C70100E3
:1042B0001DC701004DC7010005C701000000000037
:1042C00011C7010000000000A9C701005C540020D4
:1042D0008F64002010000000E04204006C540020B5
:1042E0002DC801008C5400209F64002001000000B4
:1042F0003BD3030031D30300FFD2030051C80100B8
:1043000000000000F3D203000000000002000000E3
:104310000000000000000000008007007437040067
:1043200001000000008007000080000074370400D6
:1043300008200001FFFFFFFFFFFFFFFFFFFFFFFF60
:10434000000000000000000000000000010000006C
:10435000FFFFFFFF512563FCC2CAB9F3849E17A774
:10436000ADFAE6BCFFFFFFFFFFFFFFFF000000000C
:10437000FFFFFFFF96C298D84539A1F4A033EB2D7B
:10438000817D0377F240A463E5E6BCF847422CE167
:10439000F2D1176BF551BF376840B6CBCE5E316BAB
:1043A0005733CE2B169E0F7C4AEBE78E9B7F1AFE6F
:1043B000E242E34F4B60D2273E3CCE3BF6B053CCBB
:1043C000B0061D65BC86987655BDEBB3E7933AAA57
:1043D000D835C65A83DC0300D5DD030019CE0100B1
:1043E000982F8A4291443771CFFBC0B5A5DBB5E960
:1043F0005BC25639F111F159A4823F92D55E1CABD4
:1044000098AA07D8015B8312BE853124C37D0C5561
:10441000745DBE72FEB1DE80A706DC9B74F19BC1A9
:10442000C1699BE48647BEEFC69DC10FCCA10C2499
:104430006F2CE92DAA84744ADCA9B05CDA88F9767D
:1044400052513E986DC631A8C82703B0C77F59BFE7
:10445000F30BE0C64791A7D55163CA066729291413
:10446000850AB72738211B2EFC6D2C4D130D3853B0
:1044700054730A65BB0A6A762EC9C281852C729272
:10448000A1E8BFA24B661AA8708B4BC2A3516CC7A0
:1044900019E892D1240699D685350EF470A06A10D9
:1044A00016C1A419086C371E4C774827B5BCB03428
:1044B000B30C1C394AAAD84E4FCA9C5BF36F2E68C6
:1044C000EE828F746F63A5781478C8840802C78C55
:1044D000FAFFBE90EB6C50A4F7A3F9BEF27871C658
:1044E000C00400200000000000000B0602000000D5
:1044F000F444040000000000935E04002400020263
:10450000000000209B5E040020000B11DDE0010094
:1045100000000000B5EB03000C4504002445040036
:104520000201000038A900200C45040034450400B5
:104530003D0000008CB400200C45040044450400FC
:104540000201000080BB0020016804001F68040015
:104550003A6804004A680400576804006068040070
:10456000676804006E680400756804007D680400D4
:10457000576804008568040097680400AC6804006C
:104580000E030000150602000F040000E105020002
:104590001A010000E5ED010005040000FDED010039
:1045A0001301000041F40100FF0100007DF2010051
:1045B0003E0100005DF201000504000049EE01002B
:1045C00010010000BDEE010002010000151D0200F7
:1045D00001120000650502000A1E0000F5F203004A
:1045E0000309000011F00100040B0000BDEF010001
:1045F000060A000055F90100070A00008DEE0100CF
:104600001205000049140200130800007915020089
:1046100011000000E11A02000D0100005D1B020004
:104620000C4504002C46040003010000A0BC00203F
:104630000E6F04001B6F04003B6F04002F6F04001B
:10464000466F04005D6F04006D6F0400D8710400B4
:10465000816F04000C450400604604000000000067
:10466000E0BE00200C450400704604002A00000053
:1046700008BF0020B1F90300E9F9030000000000C1
:1046800000000000000000000935020000000000EA
:104690000000000000000000000000000202010015
:1046A0002D02040004040100CD44020006060100AE
:1046B0000D44020008040100154302000A02010033
:1046C000150204000C040100FD0104000E040100A9
:1046D000E9410200200401004D41020010040100E4
:1046E0005D40020012020100B10104001604010045
:1046F000A5FB030018010100E3FE03001E000400F7
:10470000D302040052020000D70104000C4504004B
:10471000184704002C00000098C10020F450040049
:104720000706040000000000F05004000000010033
:10473000EC50040049070400000000006C13002046
:1047400000000100E4500400000000000000000030
:104750000000000000000000E050040059060400C2
:10476000714F02007413002000000300DC500400AD
:10477000490704000000000064130020000001004D
:10478000D4500400C5050400895002000000000058
:1047900000000300D050040049070400000000009E
:1047A0005C13002000000100C850040019560200EC
:1047B0000000000000000000000001002051040083
:1047C00007060400000000001C5104000000010066
:1047D0001851040049070400000000009C13002049
:1047E00000000100105104008905040000000000D1
:1047F00000000000000001000C5104004907040003
:104800000000000094130020000001000451040087
:104810004F0504000000000000000000000001003F
:104820000051040049070400000000008C13002020
:1048300000000100F8500400994E02000000000042
:104840000000000000000100000000000000000067
:1048500000000000000000000000000089080400C3
:104860000000000000000000000000000000000048
:10487000E5710200B1700200F50D040079930200A9
:1048800000000000ED0D04005314040001A3020019
:10489000D488040000000000FC880400010000002F
:1048A0006B18040035B40200000000000000000096
:1048B0000318040000000000000000000880000051
:1048C000FFFFFFFF01C9020000000000EDFFFFFF36
:1048D000171C040001000000EDFFFFFFD91B0400BE
:1048E00000800000FDFFFFFFA31B0400018000000B
:1048F000FEFFFFFFA1BA02000980000000000000D7
:10490000871904000A800000FFFFFFFF29BA020098
:104910000C80000000000000431904000D8000001E
:10492000FFFFFFFFB5B90200128000000000000089
:104930003F19040013800000FFFFFFFF59C402006D
:104940002380000000000000B7180400248000004D
:10495000FFFFFFFF59B902002680000000000000A1
:10496000F9B8020027800000FEFFFFFF75B80200C3
:10497000188000000400000041BD02000300000098
:104980000B00000001C802001A800000190000009E
:10499000D1C602001B800000060000005DC30200BB
:1049A000208000001400000069C102001C8000008B
:1049B0000600000095C202002180000014000000E3
:1049C00061C002001E800000060000009DBE0200C3
:1049D00022800000140000006DBF02001D80000056
:1049E00004000000EDBD020029800000FCFFFFFF75
:1049F00041B702002B800000FAFFFFFF49B602001A
:104A000040800000EEFFFFFFFDB502004580000082
:104A1000EEFFFFFFB1B5020041800000FEFFFFFF87
:104A200065B50200428000000000000005B50200EC
:104A300046800000FEFFFFFFB9B40200478000007F
:104A4000FDFFFFFF41B402003D80000006000000B2
:104A5000C9C402003F8000000600000001C6020039
:104A60004B8000000400000035BC02004D800000B7
:104A70000600000035BC0200498000000000000074
:104A800069BB02000F8000000000000067180400EE
:104A900010800000FFFFFFFFD9BB02002D80000047
:104AA000FEFFFFFFA1B3020015800000FEFFFFFF25
:104AB00055B3020016800000FDFFFFFFEDB20200BB
:104AC0003880000000000000551C04003980000000
:104AD000F7FFFFFF35CC02003A8000000000000025
:104AE000731C04003B800000FBFFFFFF91CB020022
:104AF00000000000000000000000000000000000B6
:104B000000000000D5CD0200000000000000000001
:104B100031800000FEFFFFFFB1D002002F800000B7
:104B2000FEFFFFFF45D0020030800000FEFFFFFFC8
:104B3000DD1C040032800000FDFFFFFFB5CF020046
:104B400033800000FDFFFFFFA91C0400348000003B
:104B500000000000471D040035800000FFFFFFFF3C
:104B60004B1D040036800000FFFFFFFF9DCD0200BB
:104B70000480000000000000A51C04000580000067
:104B8000FFFFFFFF7B1D040006800000FFFFFFFF0B
:104B9000651D04000000000000000000000000008F
:104BA0001B1F0400751F040025EF020075EE0200B4
:104BB0000000000059210400B18C0200C5920200DF
:104BC000A5850200358502001D860200719802004D
:104BD0002D6B0200FDAD02002DD40200000000008C
:104BE00000000000000000002DAF0200470B040091
:104BF000000000004522040059F8020000000000F7
:104C0000B12104000C450400104C04001D000000FC
:104C1000FCCA0020F90C0300910B0300BD0B03003C
:104C2000290D030071100300AD1003009D24040042
:104C3000951203001911030000000000C5140300C1
:104C40008110030000000000C51503000D170300CC
:104C500099130300000000000000000001000000A4
:104C6000C91A030069230300BD1B03007925030053
:104C7000191E03002122030001030000D11B0300C1
:104C800001000000A51F0300010000003122030005
:104C9000000000000B250400051C030002000000BA
:104CA00075270300012703001B25040000000000F6
:104CB000000000000101000076180020030200003F
:104CC000741800201614000077180020010100005D
:104CD0008D180020030200008B180020160B000026
:104CE000911800200101000090180020030200002C
:104CF0008E180020161300009118002008200001D3
:104D0000FFFFFFFFFFFFFFFFFFFFFFFF00000000AF
:104D1000000000000000000001000000FFFFFFFF96
:104D2000512563FCC2CAB9F3849E17A7ADFAE6BC4D
:104D3000FFFFFFFFFFFFFFFF00000000FFFFFFFF7F
:104D400096C298D84539A1F4A033EB2D817D037725
:104D5000F240A463E5E6BCF847422CE1F2D1176BC0
:104D6000F551BF376840B6CBCE5E316B5733CE2B93
:104D7000169E0F7C4AEBE78E9B7F1AFEE242E34FC2
:104D80004B60D2273E3CCE3BF6B053CCB0061D65FF
:104D9000BC86987655BDEBB3E7933AAAD835C65A88
:104DA00083DC0300D5DD030019CE0100CD3F0300F5
:104DB000B140030000000000414203006D410300C8
:104DC00059AD04009F270400A52704005FAD04002F
:104DD00031410300B12704008527040000000000D2
:104DE000094003000000000000000000CD45030062
:104DF000FD440300BB270400000000005728040006
:104E0000DD480300194803005D4703004D470300D8
:104E10000400000000FF0000FF030000000300503A
:104E200000000000010000000060004000000000E1
:104E3000FFFFFFFF00000050000000000000000026
:104E40000060004000000000894B03004729040077
:104E5000552904006D2904007929040085290400DE
:104E6000A54A03008949030000000000002000401B
:104E70000100000000000000904E04000000D60178
:104E80000000000000000000BD660020BC6600209D
:104E9000002000409C4E040001000000A44E0400CD
:104EA00004000000060000000500000208060001E2
:104EB00007060003FB290400454F0300ED29040009
:104EC000243704000D000100243704000E00010007
:104ED000243704000F0001002437040010000100F3
:104EE000243704000B001100243704000C001100CB
:104EF00024370400180011002437040019001100A1
:104F0000B55D0300AB2A0400CF2A04006400000052
:104F1000E803000010270000C0270900000000007F
:104F200000000000012D0400C72C04000000000058
:104F300004820000010000002D2C0400000000008D
:104F400000000000000000002569002000000000B3
:104F50000000000000000000000000000000000051
:104F6000000119000100010000000000656C030051
:104F7000516C0300256C0300016C0300000000006D
:104F8000000000000000000000000000092E0400E6
:104F90000000000000000000F92D0400E2B504004C
:104FA000F0B5040004B6040013B604001FB60400F4
:104FB0004C3604004C360400B4360400C4360400F9
:104FC000FC360400FC360400512563FCC2CAB9F368
:104FD000849E17A7ADFAE6BCFFFFFFFFFFFFFFFFB0
:104FE00000000000FFFFFFFFAAAAAAAAAAAAAAAA75
:104FF000AAAAAAAA5555555555555555555555550D
:105000000000000055555555522563FCC2CAB9F33E
:10501000849E17A7ADFAE6BCFFFFFFFFFFFFFFFF6F
:1050200000000000FFFFFFFF512563FCC2CAB9F377
:10503000849E17A7ADFAE6BCFFFFFFFFFFFFFFFF4F
:1050400000000000FFFFFFFF96C298D84539A1F489
:10505000A033EB2D817D0377F240A463E5E6BCF835
:1050600047422CE1F2D1176BF551BF376840B6CB00
:10507000CE5E316B5733CE2B169E0F7C4AEBE78EFC
:105080009B7F1AFEE242E34F4B60D2273E3CCE3B71
:10509000F6B053CCB0061D65BC86987655BDEBB313
:1050A000E7933AAAD835C65AFCFFFFFFFFFFFFFF80
:1050B000FFFFFFFF000000000000000000000000F4
:1050C00001000000FFFFFFFF00002A2B00002A2B39
:1050D000000003280000292B0000292B00000328D2
:1050E000000002290000052A0000052A000003280C
:1050F00000000118000000280000042A0000042A13
:10510000000003280000012A0000012A00000328F3
:105110000000002A0000002A0000032800000018F8
:1051200000000028000002290000DC2A0000DC2A20
:10513000000003280000DB2A0000DB2A000003280F
:105140000000271800000028000002290000DE2AC5
:105150000000DE2A000003280000DD2A0000DD2A0E
:10516000000003280000281800000028426C756524
:10517000746F6F746820696E6974206661696C650C
:10518000642028657272202564290A00426C7565C6
:10519000746F6F746820696E697469616C697A658F
:1051A000640A00496E697469616C697A696E672086
:1051B0004C454473206661696C6564202865727291
:1051C000202564290A00496E697469616C697A69ED
:1051D0006E6720627574746F6E73206661696C65AA
:1051E000642028657272202564290A00496E69745A
:1051F00069616C697A696E67206D657368206661A4
:10520000696C65642028657272202564290A004D46
:1052100065736820696E697469616C697A65640A8E
:1052200000496E697469616C697A696E672E2E2E09
:105230000A006F666600427574746F6E2025643ACA
:1052400020526563656976656420726573706F6E60
:1052500073653A2025730A004F6E4F6666202564F9
:1052600020736574206661696C65643A2025640A60
:105270000000070E091C1B1215383F363124232A63
:105280002D574553545F544F504449522F7A6570FF
:105290006879722F6C69622F686561702F6865612B
:1052A000702E6300415353455254494F4E2046419E
:1052B000494C20402025733A25640A005745535431
:1052C0005F544F504449522F7A65706879722F6C41
:1052D00069622F6F732F63627072696E74665F709C
:1052E00061636B616765642E630028756E7369671F
:1052F0006E6564292063686172202A207573656475
:1053000020666F722025257020617267756D656E4D
:10531000742E2049742773207265636F6D6D656EFE
:1053200064656420746F20636173742069742074F1
:105330006F20766F6964202A2062656361757365EA
:10534000206974206D6179206361757365206D69D2
:10535000736265686176696F7220696E2063657239
:105360007461696E20636F6E6669677572617469D6
:105370006F6E732E20537472696E673A2225732202
:1053800020617267756D656E743A256400636270A2
:1053900072696E74665F7061636B61676500574523
:1053A00053545F544F504449522F7A657068797254
:1053B0002F6C69622F6F732F6D7073635F706275EE
:1053C000662E6300574553545F544F504449522F43
:1053D0007A65706879722F696E636C7564652F7A6F
:1053E00065706879722F7370696E6C6F636B2E686D
:1053F00000574553545F544F504449522F7A6570BB
:105400006879722F6C69622F7574696C732F6F6E77
:105410006F66662E6300574553545F544F5044499E
:10542000522F7A65706879722F6C69622F75746972
:105430006C732F6E6F746966792E63004E5653201D
:105440006E6F7420696E697469616C697A65640055
:10545000436F756C64206E6F74206F627461696E47
:1054600020666C61736820706172616D657465722D
:105470007300556E737570706F7274656420777207
:1054800069746520626C6F636B2073697A6500557F
:105490006E61626C6520746F20676574207061674F
:1054A0006520696E666F00496E76616C6964207371
:1054B0006563746F722073697A6500436F6E666905
:1054C0006775726174696F6E206572726F72202DDC
:1054D00020736563746F7220636F756E740025644A
:1054E00020536563746F7273206F66202564206299
:1054F0007974657300616C6C6F63207772613A2018
:1055000025642C2025780064617461207772613AEB
:105510002025642C20257800474320446F6E6520A9
:105520006D61726B657220666F756E64004E6F20E0
:10553000474320446F6E65206D61726B6572206613
:105540006F756E643A2072657374617274696E6708
:105550002067630066735F6E7673006C6F676769C0
:105560006E6700574553545F544F504449522F7A49
:1055700065706879722F7375627379732F6C6F67BA
:1055800067696E672F6C6F675F636F72652E63006C
:105590006C6F6700574553545F544F504449522F26
:1055A0007A65706879722F7375627379732F6C6F77
:1055B0006767696E672F6C6F675F6D676D742E63C9
:1055C00000574553545F544F504449522F7A6570E9
:1055D0006879722F696E636C7564652F7A6570687F
:1055E00079722F6C6F6767696E672F6C6F675F6288
:1055F00061636B656E642E68006C6F675F6D676DCD
:1056000074004D6573736167652028222573222914
:105610002064726F70706564206265636175736584
:1056200020697420657863656564732073697A65A1
:10563000206C696D69746174696F6E202825752905
:1056400000574553545F544F504449522F7A657068
:105650006879722F7375627379732F6C6F676769DE
:105660006E672F6C6F675F6D73672E63004D657398
:10567000736167652064726F707065642062656332
:10568000617573652069742065786365656473204E
:1056900073697A65206C696D69746174696F6E20D5
:1056A00028257529000D0A00574553545F544F5063
:1056B0004449522F7A65706879722F7375627379D5
:1056C000732F6C6F6767696E672F6C6F675F6F759D
:1056D000747075742E63001B5B306D0025732000A1
:1056E0005B2530386C755D20005B253032753A25BE
:1056F0003032753A253032752E253033752C2530F1
:1057000033755D200025732F003C25733E20002556
:10571000733A2000253032782000202020007C00C1
:10572000256300206D657373616765732064726F14
:1057300070706564202D2D2D0D0A1B5B306D001BD4
:105740005B313B33316D2D2D2D20001B5B313B3305
:10575000316D001B5B313B33336D00657272007736
:10576000726E00696E6600646267006C6F675F62EC
:1057700061636B656E645F72747400574553545F68
:10578000544F504449522F7A65706879722F73755F
:10579000627379732F6C6F6767696E672F626163DD
:1057A0006B656E64732F6C6F675F6261636B656EB0
:1057B000645F756172742E63006C6F675F62616312
:1057C0006B656E645F75617274006C6F675F7561A5
:1057D000727400574553545F544F504449522F7AC6
:1057E00065706879722F7375627379732F7365743E
:1057F00074696E67732F7372632F73657474696E47
:1058000067732E63007365742D76616C7565206611
:1058100061696C7572652E206B65793A202573205D
:105820006572726F7228256429002A2A2A20426F25
:105830006F74696E67204D657368204C6967687482
:10584000205377697463682076322E392E302D64A8
:105850006130616264623163643532202A2A2A0A27
:10586000002A2A2A205573696E67206E524620430B
:105870006F6E6E6563742053444B2076322E392E42
:10588000302D373738376232363439383430202AC1
:105890002A2A0A002A2A2A205573696E67205A6527
:1058A00070687972204F532076332E372E39392D78
:1058B000316638663364633239313432202A2A2A19
:1058C0000A00637C777BF26B6FC53001672BFED7D4
:1058D000AB76CA82C97DFA5947F0ADD4A2AF9CA479
:1058E00072C0B7FD9326363FF7CC34A5E5F171D8E9
:1058F000311504C723C31896059A071280E2EB27D7
:10590000B27509832C1A1B6E5AA0523BD6B329E3F9
:105910002F8453D100ED20FCB15B6ACBBE394A4CD9
:1059200058CFD0EFAAFB434D338545F9027F503C59
:105930009FA851A3408F929D38F5BCB6DA2110FF85
:10594000F3D2CD0C13EC5F974417C4A77E3D645D82
:10595000197360814FDC222A908846EEB814DE5E0F
:105960000BDBE0323A0A4906245CC2D3AC62919563
:10597000E479E7C8376D8DD54EA96C56F4EA657A9F
:10598000AE08BA78252E1CA6B4C6E8DD741F4BBD40
:105990008B8A703EB5664803F60E613557B986C1ED
:1059A0001D9EE1F8981169D98E949B1E87E9CE550A
:1059B00028DF8CA1890DBFE6426841992D0FB054B4
:1059C000BB1672302F61313A20203078253038787C
:1059D000202072312F61323A2020307825303878FB
:1059E000202072322F61333A2020307825303878E9
:1059F0000072332F61343A202030782530387820F7
:105A00007231322F69703A20203078253038782072
:105A10007231342F6C723A2020307825303878007B
:105A200020787073723A202030782530387800461C
:105A300061756C74696E6720696E737472756374D6
:105A4000696F6E20616464726573732028723135EA
:105A50002F7063293A2030782530387800556E68E9
:105A6000616E646C6564204952516E3A2025640071
:105A70002A2A2A2A2A20425553204641554C54208E
:105A80002A2A2A2A2A002020537461636B696E67D0
:105A9000206572726F72002020556E737461636BA3
:105AA000696E67206572726F7200202050726563A4
:105AB0006973652064617461206275732065727218
:105AC0006F72002020424641522041646472657327
:105AD000733A2030782578002020496D7072656314
:105AE00069736520646174612062757320657272E8
:105AF0006F72002020496E737472756374696F6EE3
:105B000020627573206572726F72002020466C6F80
:105B10006174696E672D706F696E74206C617A793B
:105B20002073746174652070726573657276617438
:105B3000696F6E206572726F72002A2A2A2A2A20E3
:105B40005553414745204641554C54202A2A2A2A7C
:105B50002A0020204469766973696F6E206279207B
:105B60007A65726F002020556E616C69676E65649E
:105B7000206D656D6F7279206163636573730020BA
:105B8000204E6F20636F70726F636573736F722046
:105B9000696E737472756374696F6E730020204947
:105BA0006C6C6567616C206C6F6164206F6620456A
:105BB00058435F52455455524E20696E746F2050C1
:105BC00043002020496C6C6567616C20757365200B
:105BD0006F66207468652045505352002020417440
:105BE00074656D707420746F206578656375746575
:105BF00020756E646566696E656420696E73747283
:105C0000756374696F6E002A2A2A2A2A204D50551E
:105C1000204641554C54202A2A2A2A2A0020205363
:105C20007461636B696E67206572726F722028639E
:105C30006F6E746578742061726561206D69676844
:105C400074206265206E6F742076616C696429002F
:105C50002020446174612041636365737320566939
:105C60006F6C6174696F6E0020204D4D464152206B
:105C7000416464726573733A20307825780020207F
:105C8000496E737472756374696F6E2041636365E6
:105C900073732056696F6C6174696F6E005745535A
:105CA000545F544F504449522F7A65706879722F6F
:105CB000617263682F61726D2F636F72652F636FFE
:105CC000727465785F6D2F6661756C742E63005217
:105CD0006573657276656420457863657074696F75
:105CE0006E20280053707572696F757320696E7429
:105CF00065727275707420284952512000535053B8
:105D0000454C20696E20746872656164206D6F6413
:105D10006520646F6573206E6F7420696E646963BB
:105D200061746520505350002A2A2A2A2A204841AB
:105D30005244204641554C54202A2A2A2A2A00201F
:105D400020427573206661756C74206F6E207665D5
:105D500063746F72207461626C65207265616400A7
:105D600020204465627567206576656E740020208A
:105D70004661756C7420657363616C6174696F6EE4
:105D800020287365652062656C6F77290041524356
:105D9000485F4558434550542077697468207265C0
:105DA00061736F6E2025780A002A2A2A2A2A204445
:105DB00065627567206D6F6E69746F7220657863B8
:105DC000657074696F6E202A2A2A2A2A002A2A2AD4
:105DD0002A2A20257320256429202A2A2A2A2A00F3
:105DE000574553545F544F504449522F7A65706859
:105DF00079722F617263682F61726D2F636F7265A4
:105E00002F636F727465785F6D2F6972715F6D615A
:105E10006E6167652E63006D7075004661696C6523
:105E20006420746F20616C6C6F63617465206E65B3
:105E300077204D505520726567696F6E2025750A71
:105E400000506172746974696F6E2025753A207311
:105E5000616E69747920636865636B206661696C43
:105E600065642E00574553545F544F504449522F98
:105E70007A65706879722F617263682F61726D2F15
:105E8000636F72652F6D70752F61726D5F6D7075C8
:105E90002E6300464C4153485F30005352414D5FE2
:105EA0003000574553545F544F504449522F7A6540
:105EB000706879722F6C69622F6E65745F627566A7
:105EC0002F6275662E63006E65745F62756600579B
:105ED0004553545F544F504449522F7A6570687946
:105EE000722F6C69622F6E65745F6275662F6275C2
:105EF000665F73696D706C652E63006E65745F62BA
:105F000075665F73696D706C6500736F630000FF89
:105F1000FFFFFFFFFF00000000000000FFFFFFFF8A
:105F2000FFFF0000000000007075626C6963007282
:105F3000616E646F6D007075626C69632D696400D9
:105F400072616E646F6D2D696400253032583A2598
:105F50003032583A253032583A253032583A2530C6
:105F600032583A25303258202825732900303132F2
:105F70003334353637383961626364656600496E9B
:105F800073756666696369656E74206E756D6265AA
:105F900072206F6620617267756D656E747300495B
:105FA000676E6F72696E67206964656E7469746983
:105FB00065732073746F72656420696E20666C610E
:105FC000736800496E76616C6964206C656E6774F5
:105FD00068204944206164647265737320696E208F
:105FE00073746F726167650062742F25732F25309B
:105FF00032782530327825303278253032782530A5
:1060000032782530327825752F25730062742F255C
:10601000732F25303278253032782530327825308C
:1060200032782530327825303278257500736574E2
:1060300074696E67735F7375627379735F696E6994
:1060400074206661696C656420286572722025641D
:10605000290062742F2573004661696C65642074A1
:106060006F2073617665204944202865727220256F
:10607000642900556E61626C6520746F20736574CD
:10608000757020616E206964656E74697479206131
:106090006464726573730062740062745F73657424
:1060A00074696E67730062745F6165735F63636DCB
:1060B000004254204C5720575100253038782D2568
:1060C0003034782D253034782D253034782D253016
:1060D0003878253034780002FB349B5F80000080E4
:1060E0000010000000000000574553545F544F500B
:1060F0004449522F7A65706879722F73756273798B
:10610000732F626C7565746F6F74682F686F73742A
:106110002F6275662E630062745F6275660062743A
:106120005F646174610044617461206275666665D4
:1061300072206F766572666C6F7720286C696E6B63
:106140002074797065203078253032782900556EBA
:1061500061626C6520746F206C6F6F6B20757020AE
:10616000636F6E6E20776974682068616E646C6519
:1061700020257500556E61626C6520746F206C6F10
:106180006F6B757020636F6E6E20666F7220686132
:106190006E646C6520257500486172647761726574
:1061A000206572726F722C2068617264776172650B
:1061B00020636F64653A20256400436F756C64202A
:1061C0006E6F74207375626D69742072785F776F7B
:1061D000726B3A20256400556E61626C6520746FA5
:1061E00020616C6C6F6361746520627566666572B0
:1061F00000556E65787065637465642073746174AE
:1062000075732030782530327820257300556E68FC
:10621000616E646C6564206576656E7420307825E7
:10622000303278206C656E2025753A202573005435
:106230006F6F20736D616C6C2028257520627974F6
:10624000657329206576656E742030782530327844
:1062500000496E76616C6964204843492041434C93
:10626000207061636B65742073697A6520282575D9
:10627000290041434C2064617461206C656E677431
:1062800068206D69736D617463682028257520210D
:106290003D2025752900556E61626C6520746F2064
:1062A00066696E6420636F6E6E20666F722068612F
:1062B0006E646C6520257500496E76616C6964209A
:1062C000484349206576656E742073697A65202895
:1062D00025752900574553545F544F504449522F58
:1062E0007A65706879722F7375627379732F626C37
:1062F0007565746F6F74682F686F73742F68636946
:106300005F636F72652E6300556E6B6E6F776E20E4
:10631000627566207479706520257500556E686118
:106320006E646C65642076656E646F722D73706543
:106330006369666963206576656E74203078253000
:106340003278206C656E2025753A202573004E6FDB
:1063500020636F6D6D616E642073656E7420666F6F
:106360007220636D6420636F6D706C65746520309E
:106370007825303478004F70436F6465203078257D
:1063800030347820636F6D706C6574656420696E5D
:106390007374656164206F662065787065637465E9
:1063A000642030782530347800657674206E756D01
:1063B0005F68616E646C657320283D2575292074C3
:1063C0006F6F206C6172676520282575203E20253F
:1063D0007529004E6F20636F6E6E656374696F6E12
:1063E00020666F722068616E646C65202575007090
:1063F00061636B65747320636F756E74206D697370
:106400006D6174636800756E6B6E6F776E00496EB8
:1064100076616C69642062756620747970652025E8
:1064200075005B305D004964656E7469747925732D
:106430003A202573004964656E746974795B25643C
:106440005D3A202573004843493A207665727369A6
:106450006F6E2025732028307825303278292072FD
:1064600065766973696F6E203078253034782C201A
:106470006D616E7566616374757265722030782522
:10648000303478004C4D503A2076657273696F6EE7
:1064900020257320283078253032782920737562C2
:1064A00076657220307825303478004E6F2049446C
:1064B00020616464726573732E20417070206D7565
:1064C00073742063616C6C2073657474696E677398
:1064D0005F6C6F61642829004D657368204C6967A3
:1064E00068742053776974636800556E61626C65E7
:1064F00020746F2073656E6420746F2064726976F7
:10650000657220286572722025642900556E636CBF
:1065100065617265642070656E64696E672073657D
:106520006E745F636D64006F70636F6465203078B4
:106530002530347820737461747573203078253079
:106540003278202573004661696C656420746F2081
:106550007265616420444C45206D617820646174EB
:1065600061206C656E0074785F6F6374657473206E
:1065700065786365656473207468652076616C690D
:10658000642072616E67652025750074785F746998
:106590006D65206578636565647320746865207631
:1065A000616C69642072616E6765202575004E6FAD
:1065B0006E2D4C452063617061626C6520636F6E67
:1065C00074726F6C6C657220646574656374656465
:1065D0002100436F6E74726F6C6C657220646F651E
:1065E00073206E6F7420737570706F727420274CF7
:1065F000455F524541445F4D41585F4144565F44B9
:106600004154415F4C454E272E20417373756D698F
:106610006E67206D6178696D756D206C656E67744D
:10662000682069732033312062797465732E0041CC
:10663000434C2042522F4544522062756666657273
:1066400073206E6F7420696E697469616C697A6514
:10665000640056656E646F72204843492065787403
:10666000656E73696F6E73206E6F742061766169F9
:106670006C61626C6500485720506C6174666F7283
:106680006D3A202573202830782530347829004849
:10669000572056617269616E743A20257320283044
:1066A000782530347829004669726D776172653AD1
:1066B00020257320283078253032782920566572BD
:1066C00073696F6E2025752E2575204275696C647F
:1066D000202575004661696C656420746F207265C1
:1066E000616420737570706F727465642076656E76
:1066F000646F7220636F6D6D616E647300466169D3
:106700006C656420746F20726561642073757070AD
:106710006F727465642076656E646F722066656161
:1067200074757265730048434920647269766572B6
:10673000206973206E6F7420726561647900425421
:1067400020525820575100484349206472697665A9
:1067500072206F70656E206661696C656420282503
:106760006429004E6F2070656E64696E6720636FE8
:106770006E6E20666F7220706565722025730055FD
:106780006E657870656374656420484F53545F4E3E
:10679000554D5F434F4D504C455445445F50414328
:1067A0004B4554532C2073746174757320307825D5
:1067B0003032782025730091FBFBF3F4FBFBFBFBED
:1067C000EA010204312E306200312E3100312E32C6
:1067D00000322E3000322E3100332E3000342E3075
:1067E00000342E3100342E3200352E3000352E315B
:1067F00000352E3200352E3300352E3400362E3043
:10680000005374616E6461726420426C7565746FCC
:106810006F746820636F6E74726F6C6C6572005673
:10682000656E646F72207370656369666963206367
:106830006F6E74726F6C6C6572004669726D776111
:106840007265206C6F616465720052657363756573
:1068500020696D61676500726573657276656400B5
:106860006E5246353178006E5246353278006E529F
:1068700046353378006E524635344878006E5246BD
:1068800035344C7800496E74656C20436F72706FBC
:10689000726174696F6E004E6F7264696320536534
:1068A0006D69636F6E647563746F72004E5850202B
:1068B00053656D69636F6E647563746F72730062A4
:1068C000745F6863695F636F726500636D64206401
:1068D0006973616C6C6F776564004F6E6C792072C0
:1068E000616E646F6D20737461746963206964659F
:1068F0006E74697479206164647265737320737552
:1069000070706F7274656400496E76616C696420A2
:10691000696E70757420706172616D6574657273F3
:10692000004661696C656420746F20726561642043
:106930007075626C69632061646472657373005280
:106940006561642053746174696320416464726595
:106950007373657320636F6D6D616E64206E6F7409
:1069600020617661696C61626C65004661696C6585
:106970006420746F2072656164207374617469634C
:1069800020616464726573736573004E6F20737465
:1069900061746963206164647265737365732073E5
:1069A000746F72656420696E20636F6E74726F6CB1
:1069B0006C65720043616E27742073657420626F8A
:1069C0007468204944454E544954592026204E525B
:1069D00050410062745F696400616476206F7220C8
:1069E0007363616E20727370206461746120746FD0
:1069F0006F206C617267652028257A75203E206DB6
:106A000061782025752900546F6F206269672061C5
:106A100064766572746973696E672064617461007D
:106A2000574553545F544F504449522F7A6570680C
:106A300079722F7375627379732F626C7565746FD9
:106A40006F74682F686F73742F6164762E630046CD
:106A500061696C656420746F207374617274206165
:106A600064766572746973657200436F6E74726FD9
:106A70006C6C65722063616E6E6F742072657375E5
:106A80006D6520636F6E6E65637461626C65206115
:106A900064766572746973696E67202825642900BD
:106AA0004E6F2076616C6964206164760062745F69
:106AB00061647600436F756C64206E6F742073742C
:106AC0006F7020746865206578706C6963697420E4
:106AD0007363616E6E6572202825642900556E65AA
:106AE0007870656374656420656E64206F662062EB
:106AF000756666657200416476207265706F7274A7
:106B000020636F72727570746564202877616E748B
:106B100073202575206F7574206F662025752900F8
:106B2000526563656976656420616E20696E636F86
:106B30006D706C65746520616476657274697369E3
:106B40006E67207265706F7274207768696C65205B
:106B50007265617373656D626C696E6720616476DE
:106B60006572746973696E67207265706F72747391
:106B70002066726F6D206120646966666572656E5D
:106B80007420616476657274697365722E2054682E
:106B900065206164766572746973696E67207265D9
:106BA000706F7274206973206469736361726465C5
:106BB0006420616E6420667574757265207363610C
:106BC0006E20726573756C7473206D6179206265D7
:106BD00020696E636F6D706C6574652E20496E74EC
:106BE00065726C656176696E67206F66206672619A
:106BF000676D656E7465642061647665727469732F
:106C0000696E67207265706F7274732066726F6D43
:106C100020646966666572656E742061647665726B
:106C2000746973657273206973206E6F742079655F
:106C30007420737570706F727465642E00574553BD
:106C4000545F544F504449522F7A65706879722FBF
:106C50007375627379732F626C7565746F6F746886
:106C60002F686F73742F7363616E2E6300030502C8
:106C7000000501050505050404030502000A627408
:106C80005F7363616E00574553545F544F504449DE
:106C9000522F7A65706879722F7375627379732FCA
:106CA000626C7565746F6F74682F686F73742F638F
:106CB0006F6E6E2E63004661696C6564207265615B
:106CC000642072656D6F74652066656174757265A8
:106CD000732028256429004661696C656420746FFF
:106CE000207365742064617461206C656E202825B2
:106CF000642900556E657870656374656420666903
:106D0000727374204C32434150206672616D65008D
:106D1000556E6578706563746564204C32434150EC
:106D200020636F6E74696E756174696F6E004E6F6B
:106D30007420656E6F75676820627566666572207F
:106D4000737061636520666F72204C32434150203E
:106D50006461746100556E65787065637465642064
:106D600041434C20666C61677320283078253032AF
:106D700078290041434C206C656E206D69736D610C
:106D800074636820282575203E2025752900287504
:106D90006E6B6E6F776E29006E6F207472616E730A
:106DA0006974696F6E20257300496E76616C696441
:106DB0002028257529206F6C642073746174650028
:106DC000636F6E6E202570206661696C6564207447
:106DD0006F2065737461626C6973682E205246205F
:106DE0006E6F6973653F006E6F2076616C69642019
:106DF0002825752920737461746520776173207369
:106E0000657400696E636F6D70617469626C652092
:106E100068616E646C6520257500556E61626C65F5
:106E200020746F20616C6C6F63617465206275669D
:106E30006665722077697468696E2074696D656F24
:106E4000757400636F6E6E2025703A206E6F74202B
:106E5000636F6E6E656374656400466174616C2077
:106E60006572726F7220282564292E20446973632D
:106E70006F6E6E656374696E6720257000466F756E
:106E80006E642076616C696420636F6E6E656374F6
:106E9000696F6E20282570292077697468206164E5
:106EA000647265737320257320696E2025732073C7
:106EB00074617465200053656E64204C45207061D8
:106EC00072616D20757064617465206661696C65BE
:106ED000642028657272202564290053656E642041
:106EE0006175746F204C4520706172616D20757002
:106EF00064617465206661696C65642028657272DE
:106F000020256429000000010101010102036469D8
:106F100073636F6E6E656374656400646973636F39
:106F20006E6E6563742D636F6D706C657465007350
:106F300063616E2D6265666F72652D696E69746935
:106F40006174696E6700696E6974696174696E67FE
:106F50002D66696C7465722D6C697374006164765A
:106F60002D636F6E6E65637461626C65006164763B
:106F70002D6469722D636F6E6E65637461626C65FA
:106F800000646973636F6E6E656374696E67006237
:106F9000745F636F6E6E00556E61626C6520746F16
:106FA00020616C6C6F6361746520627566666572E2
:106FB00020666F72206F7020307825303278004E56
:106FC0006F20617661696C61626C65204C3243416F
:106FD0005020636F6E7465787420666F7220636FE3
:106FE0006E6E20257000574553545F544F504449EE
:106FF000522F7A65706879722F7375627379732F67
:10700000626C7565746F6F74682F686F73742F6C22
:10701000326361702E6300457870656374696E67D2
:1070200020757020746F20256420726566732C2093
:10703000676F7420256400616C72656164792068F3
:107040006176652076696577206F6E202570004C2B
:1070500032434150206C656E677468206D69736DB2
:10706000617463682028257520213D20257529003D
:10707000496E76616C6964206964656E742076611E
:107080006C756520696E204C324341502050445548
:1070900000546F6F20736D616C6C204C4520636FE2
:1070A0006E6E20706172616D207273700052656A3D
:1070B000656374696E6720756E6B6E6F776E204CBA
:1070C000324341502050445520636F64652030782E
:1070D0002530327800546F6F20736D616C6C204CDA
:1070E00032434150207369676E616C696E6720504E
:1070F000445500546F6F20736D616C6C204C3243AB
:10710000415020504455207265636569766564007E
:1071100049676E6F72696E67206461746120666F83
:107120007220756E6B6E6F776E206368616E6E6530
:107130006C2049442030782530347800636F6E66C7
:1071400069670062745F6C32636170004E6F20612A
:107150007661696C61626C652041545420636F6E86
:107160007465787420666F7220636F6E6E20257070
:10717000004E6F20617661696C61626C65204154DC
:1071800054206368616E6E656C20666F7220636F59
:107190006E6E20257000556E61626C6520746F20E4
:1071A00063726561746520555549443A2073697A64
:1071B0006520257500556E61626C6520746F2063D3
:1071C000726561746520555549443A2073697A6542
:1071D000202564004E6F7420636F6E6E6563746566
:1071E0006400556E61626C6520746F2066696E6420
:1071F00020415454206368616E6E656C00415454A4
:10720000206368616E6E656C206E6F7420636F6EB4
:107210006E656374656400574553545F544F504422
:1072200049522F7A65706879722F7375627379731A
:107230002F626C7565746F6F74682F686F73742F2D
:107240006174742E63004572726F72207369676E89
:10725000696E6720646174610052616E206F75749D
:10726000206F662054582062756666657273206FC1
:107270007220636F6E74657874732E00476F74208C
:107280006572722025642C206E6F742063616C6CB3
:10729000696E672041545420636200415454204D6C
:1072A00054552065786365656465642C206D61784C
:1072B0002025752C2077616E74656420257A750011
:1072C000546F6F20736D616C6C2041545420504496
:1072D0005520726563656976656400556E68616EF8
:1072E000646C65642041545420636F646520307879
:1072F0002530327800496E76616C6964206C656E69
:1073000020257520666F7220636F646520307825B4
:10731000303278004E6F20415454206368616E6EA5
:10732000656C20666F72204D545520257A75004E8D
:107330006F2070656E64696E6720415454207265D9
:107340007175657374004154542054696D656F758F
:107350007420666F72206465766963652025732EDC
:1073600020446973636F6E6E656374696E672E2E59
:107370002E00446973636F6E6E656374696E672077
:107380006661696C65642028657272202564290035
:1073900062745F617474004661696C656420746F27
:1073A000206465636F64652076616C75652028656F
:1073B000727220257A6429004661696C65642074C4
:1073C0006F2073617665204461746162617365202A
:1073D000486173682028657272202564290057452A
:1073E00053545F544F504449522F7A6570687972F4
:1073F0002F7375627379732F626C7565746F6F7418
:10740000682F686F73742F676174742E63006661F0
:10741000696C656420746F2073746F7265205343C8
:1074200020286572722025642900756E61626C6582
:1074300020746F20736176652053433A206E6F206D
:10744000636667206C65667400434D414320757028
:1074500064617465206661696C656400546F6F20B7
:107460006D616E7920436C69656E7420436861724A
:107470006163746572697374696320436F6E6669D2
:107480006775726174696F6E2E2053656520434F76
:107490004E4649475F42545F53455454494E475303
:1074A0005F4343435F53544F52455F4D41580A0079
:1074B000496E76616C6964206B6579006661696C00
:1074C000656420746F2064656C6574652053432087
:1074D0002865727220256429004661696C65642004
:1074E000746F20636C6561722053432025640055DE
:1074F0006E61626C6520746F206465636F646520E3
:107500006164647265737320257300496E76616CE3
:107510006964206C6F63616C206964656E74697462
:107520007920256C7500556E61626C6520746F2042
:10753000726573746F72652053433A206E6F2063D7
:107540006667206C656674004E6F207370616365BA
:1075500020746F2073746F72652043434320636609
:1075600067004E6F20737061636520746F207374C1
:107570006F726520436C69656E7420537570706F0F
:107580007274656420466561747572657300556E2A
:1075900061626C6520746F20726573746F72652010
:1075A00043463A206E6F20636667206C6566740000
:1075B0004368616E67652D617761726520737461E0
:1075C000747573206E6F7420666F756E6420696EBB
:1075D0002073657474696E67732C206465666175C9
:1075E0006C74696E67207065657220737461747560
:1075F0007320746F206368616E67652D756E6177A7
:107600006172650052656164206261636B20626132
:1076100064206368616E67652D61776172652076AD
:10762000616C75653A20307825782C206465666138
:10763000756C74696E67207065657220737461740F
:10764000757320746F206368616E67652D756E6158
:1076500077617265004661696C656420746F2073A0
:10766000746F726520436C69656E74204665617441
:107670007572657320286572722025642900434D58
:107680004143207365747570206661696C656400A0
:10769000434D41432066696E697368206661696C79
:1076A00065640043616E2774207265676973746551
:1076B00072207365727669636520616674657220F5
:1076C000696E697420616E64206265666F72652000
:1076D00073657474696E677320617265206C6F6185
:1076E0006465642E00556E61626C6520746F207253
:1076F000656769737465722068616E646C652030BB
:1077000078253034780062742F636363004C696EAF
:107710006B206973206E6F7420656E63727970746C
:10772000656400446576696365206973206E6F74D3
:10773000207375627363726962656420746F20637D
:1077400068617261637465726973746963004E6F16
:107750002062756666657220617661696C61626C33
:107760006520746F2073656E6420696E646963615F
:1077700074696F6E00434343202570206E6F742040
:107780007772697461626C6500534320726573742B
:107790006F726520696E6469636174696F6E2066DB
:1077A00061696C6564004E6F206275666665722063
:1077B000617661696C61626C6520746F2073656EBF
:1077C00064206E6F74696669636174696F6E0046E8
:1077D00061696C656420746F2073746F72652043F7
:1077E0004343732028657272202564290062742F38
:1077F000686173680062742F63660062742F73633C
:107800000062745F67617474004E6F206176616915
:107810006C61626C6520534D5020636F6E746578A7
:107820007420666F7220636F6E6E20257000627424
:107830005F736D70004661696C656420656E61629E
:107840006C696E6720616476657274697365720035
:107850005072696D61727920456C656D656E743A20
:10786000203078253034780062745F6D6573685F0E
:107870006D61696E004661696C656420746F207388
:1078800065742027636667270062742F6D657368CF
:107890002F436667004661696C656420746F2073CE
:1078A000746F726520636F6E666967757261746963
:1078B0006F6E2076616C7565004661696C65642049
:1078C000746F20636C65617220636F6E66696775A3
:1078D000726174696F6E20286572723A202564297E
:1078E0000062745F6D6573685F636667005265660A
:1078F0007573696E6720746F20616C6C6F6361745F
:107900006520627566666572207768696C652073AC
:10791000757370656E646564004144206D616C66CA
:107920006F726D656400574553545F544F5044491E
:10793000522F7A65706879722F7375627379732F1D
:10794000626C7565746F6F74682F6D6573682F61F5
:1079500064762E6300556E65787065637465642087
:107960006B5F706F6C6C206576656E7420737461EC
:1079700074652025750053656E64696E67206164C7
:10798000766572746973656D656E74207768696C6D
:10799000652073757370656E6465640073746172DD
:1079A00074696E67207363616E206661696C6564DB
:1079B0002028657272202564290073746F707069C5
:1079C0006E67207363616E206661696C6564202850
:1079D0006572722025642900292A2B2462745F6D48
:1079E0006573685F6164760043616E277420656E1D
:1079F0006372797074207072697661746520626553
:107A000061636F6E00496E76616C696420617574A4
:107A1000682076616C75652E2052656365697665B0
:107A20006420617574683A2025730043616C637546
:107A30006C6174656420617574683A202573004632
:107A400061696C656420746F2073656E6420626583
:107A500061636F6E3A2065727220256400556E6115
:107A6000626C6520746F20616C6C6F63617465205B
:107A7000626561636F6E20616476004661696C6562
:107A80006420746F20616476657274697365207315
:107A900075626E65742025643A20657272202564D3
:107AA00000556E61626C6520746F20616C6C6F6351
:107AB000617465205552492061647600546F6F20CF
:107AC0006C6F6E672055524920746F206669742070
:107AD0006164766572746973696E6720646174614C
:107AE0000049676E6F72696E672050686173652028
:107AF00032204B5220557064617465207365637544
:107B0000726564207573696E67206F6C64206B65A5
:107B1000790049676E6F72696E672073656375726D
:107B20006520626561636F6E206F6E206E6F6E2DD3
:107B30007072696D617279207375626E657400543C
:107B40006F6F2073686F727420626561636F6E007F
:107B5000496E76616C696420756E70726F766973B8
:107B6000696F6E656420626561636F6E206C656E1F
:107B7000677468202825752900546F6F2073686F1B
:107B800072742073656375726520626561636F6EE0
:107B900020286C656E2025752900546F6F2073684E
:107BA0006F727420707269766174652062656163BA
:107BB0006F6E20286C656E2025752900556E6B6EE2
:107BC0006F776E20626561636F6E207479706520D7
:107BD0003078253032780062745F6D6573685F625B
:107BE0006561636F6E004661696C656420746F2027
:107BF00073657420276E657427004661696C65643F
:107C000020746F20736574202773657127004661A7
:107C1000696C656420746F2073657420276976270A
:107C2000004661696C6564206372656174696E67A2
:107C3000207375626E657400495620496E646578DC
:107C4000206F7574206F662073796E633A203078E8
:107C50002530387820213D2030782530387800498B
:107C60005620496E646578205265636F7665727937
:107C7000206265666F7265206D696E696D756D2035
:107C800064656C617900506572666F726D696E67CC
:107C900020495620496E646578205265636F766589
:107CA000727900495620557064617465206265667A
:107CB0006F7265206D696E696D756D206475726196
:107CC00074696F6E00495620557064617465206454
:107CD00065666572726564206265636175736520AF
:107CE0006F662070656E64696E67207472616E7372
:107CF00066657200496E73756666696369656E7460
:107D0000204D494320737061636520666F72204384
:107D1000544C2050445500496E737566666963691A
:107D2000656E74204D494320737061636520666FF2
:107D3000722050445500556E61626C6520746F204E
:107D4000616C6C6F63617465206C6F6F70626163EE
:107D50006B0044726F7070696E6720746F6F207370
:107D6000686F7274206D657368207061636B6574F1
:107D700020286C656E202575290044726F7070692B
:107D80006E6720746F6F206C6F6E67206D6573680F
:107D9000207061636B657420286C656E20257529E1
:107DA0000044657374696E6174696F6E2061646408
:107DB0007265737320697320756E61737369676E82
:107DC00065643B2064726F7070696E6720706163D8
:107DD0006B65740050726F787920697320646973E1
:107DE00061626C65643B2069676E6F72696E6720C3
:107DF0006D6573736167650052656D6F76696E6757
:107E00002072656A6563746564206D65737361676C
:107E1000652066726F6D204E6574776F726B204DB2
:107E20006573736167652043616368650052652D02
:107E3000656E6372797074696E67206661696C65DE
:107E4000640062742F6D6573682F4956004661693E
:107E50006C656420746F2073746F726520495620BE
:107E600076616C7565004661696C656420746F208D
:107E7000636C6561722049560062742F6D6573688A
:107E80002F4E6574004661696C656420746F2073C1
:107E9000746F7265204E6574776F726B2076616CBB
:107EA0007565004661696C656420746F20636C655C
:107EB0006172204E6574776F726B0062742F6D650E
:107EC00073682F536571004661696C656420746F37
:107ED0002073746F72205365712076616C75650034
:107EE0004661696C656420746F20636C6561722003
:107EF0005365712076616C75650062745F6D6573A2
:107F0000685F6E657400574553545F544F50444941
:107F1000522F7A65706879722F7375627379732F37
:107F2000626C7565746F6F74682F6D6573682F73FD
:107F300075626E65742E63004661696C65642074B9
:107F40006F20636C656172204E65744B6579496E74
:107F5000646578203078253033780062742F6D6541
:107F600073682F4E65744B65792F257800556E61C7
:107F7000626C6520746F2067656E65726174652040
:107F80004E49442C20456E634B6579202620507263
:107F900069766163794B657900556E61626C652025
:107FA000746F2067656E6572617465204E6574201C
:107FB0004944006E6B696B00556E61626C6520749C
:107FC0006F2067656E6572617465204964656E74C3
:107FD0006974794B6579006E6B626B00556E6162F6
:107FE0006C6520746F2067656E65726174652062D0
:107FF0006561636F6E206B6579006E6B706B005509
:108000006E61626C6520746F2067656E6572617465
:1080100065207072697661746520626561636F6E58
:10802000206B6579004E65744B6579496E6465789F
:1080300020307825303378206E6F7420666F756E2F
:1080400064004661696C656420746F2073746F729C
:1080500065204E65744B65792076616C75650049C5
:108060006E76616C6964204B52207472616E736924
:1080700074696F6E3A20307825303278202D3E209A
:1080800030782530327800080C08004661696C654C
:108090006420746F2073657420276E65742D6B6582
:1080A00079270062742F6D6573682F4E65744B6578
:1080B000790062745F6D6573685F6E65745F6B6590
:1080C000797300574553545F544F504449522F7AA7
:1080D00065706879722F7375627379732F626C752E
:1080E00065746F6F74682F6D6573682F6170705F52
:1080F0006B6579732E630062742F6D6573682F4111
:1081000070704B65792F25780041704B6579496E09
:1081100064657820307825303378206E6F7420665F
:108120006F756E64004661696C656420746F2073BE
:10813000746F7265204170704B65792025732076CD
:10814000616C7565004661696C656420746F2063BD
:108150006C656172204170704B6579496E64657819
:1081600020307825303378004661696C656420746E
:108170006F2073657420276170702D6B65792700FF
:10818000556E6B6E6F776E204E65744B657920303F
:108190007825303378004E6F204465764B65792022
:1081A000666F722030782530347800556E6B6E6FB4
:1081B000776E204170704B657920307825303378A8
:1081C0000062742F6D6573682F4170704B65790084
:1081D00062745F6D6573685F6170705F6B65797302
:1081E00000574553545F544F504449522F7A65709D
:1081F0006879722F7375627379732F626C75657409
:108200006F6F74682F6D6573682F68656172746233
:108210006561742E63004E6F206D61746368696ED2
:1082200067207375626E657420666F72206964786A
:108230002030782530327800546F6F2073686F7269
:108240007420686561727462656174206D65737312
:1082500061676500556E6B6E6F776E204E65744B6F
:10826000657920307825303478004661696C656422
:1082700020746F20736574202768625F76616C27B5
:108280000050726F6869626974656420736F7572FB
:10829000636520616464726573730050726F68690E
:1082A00062697465642064657374696E6174696F72
:1082B0006E20616464726573730050726F686962E6
:1082C0006974656420737562736372697074696F31
:1082D0006E20706572696F6420257520730062746A
:1082E0002F6D6573682F4842507562004661696C56
:1082F000656420746F2073746F72652048656172C5
:108300007462656174205075626C69636174696F31
:108310006E0062745F6D6573685F686200736D6B99
:108320003200736D6B3300696436340100736D6B1A
:108330003400696431323801007072736E007072FB
:10834000736B007072646B007674616400707263AA
:108350006B323536007072636B00456E6320626568
:1083600061636F6E3A203078253032782C20307877
:1083700025303878000091E3720796E4750E9FED82
:108380007C0998EA7B1C8DFF6E1B8AF8691283F1C9
:10839000601584F66738A9DB4A3FAEDC4D36A7D5B9
:1083A0004431A0D24324B5C75623B2C0512ABBC919
:1083B000582DBCCE5F70E1930277E694057EEF9D69
:1083C0000C79E89A0B6CFD8F1E6BFA881962F381A9
:1083D0001065F4861748D9AB3A4FDEAC3D46D7A5B9
:1083E0003441D0A23354C5B72653C2B0215ACBB9B9
:1083F000285DCCBE2FE0710392E7760495EE7F0DE9
:108400009CE9780A9BFC6D1F8EFB6A1889F2631148
:1084100080F5641687D8493BAADF4E3CADD6473578
:10842000A4D14032A3C45527B6C35220B1CA5B2998
:10843000B8CD5C2EBF900173E2970674E59E0F7D68
:10844000EC99087AEB8C1D6FFE8B1A68F982136128
:10845000F0851466F7A8394BDAAF3E4CDDA63745F8
:10846000D4A13042D3B42557C6B32250C1BA2B5938
:10847000C8BD2C5ECF62745F6D6573685F6372798F
:1084800070746F004C6F63616C206E6F646520695F
:1084900073206E6F74207965742070726F766973C3
:1084A000696F6E656400556E61626C6520746F2043
:1084B00064656C6179207075626C69636174696F61
:1084C0006E2028657272202564290062742F6D6504
:1084D00073682F762F25782F25730062742F6D65B2
:1084E00073682F732F25782F257300496E76616C82
:1084F00069642076656E646F72206D6F64656C28A8
:10850000636F6D70616E793A307825303478206908
:10851000643A30782530347829206D65737361674B
:1085200065206F70636F646520307825303878007F
:1085300062696E64004661696C656420746F2073C3
:10854000746F72652025732076616C756500737594
:108550006200737562760070756200546F6F206CF4
:10856000617267652064657669636520636F6D700D
:108570006F736974696F6E0052657472616E736DAA
:10858000697373696F6E20696E74657276616C20B1
:10859000697320746F6F2073686F72740050756216
:1085A0006C69636174696F6E20706572696F6420B5
:1085B000697320746F6F2073686F727420666F72B6
:1085C0002072657472616E736D697373696F6E7317
:1085D000005075626C69636174696F6E2073656EBB
:1085E00064696E6720746F6F6B206C6F6E67657265
:1085F000207468616E2074686520706572696F64AC
:10860000005075626C69636174696F6E2070657289
:10861000696F6420697320746F6F2073686F727460
:1086200020746F2062652064656C617961626C659D
:10863000004661696C656420746F207075626C69B6
:1086400073683A20657272202564004661696C6522
:108650006420746F207075626C697368202865727D
:10866000722025642900496E76616C696420656C0E
:10867000656D656E7420696E6465782025750049A6
:108680006E76616C69642076656E646F72206D6FC2
:1086900064656C20696E64657820257500496E7686
:1086A000616C696420534947206D6F64656C206973
:1086B0006E646578202575004661696C6564207478
:1086C0006F20676574206D6F64656C20666F722023
:1086D000656C656D5F696478202575206D6F645FDA
:1086E000696478202575004661696C656420746F43
:1086F00020726561642076616C75652028657272F0
:1087000020257A6429004D6F64656C2068617320B0
:108710006E6F207075626C69636174696F6E20633F
:108720006F6E7465787421004661696C65642074AD
:108730006F2073657420276D6F64656C2D70756292
:108740002700556E6B6E6F776E206D6F64756C656C
:10875000206B6579202573004D6F64656C206E6F0A
:108760007420626F756E6420746F204170704B6569
:108770007920307825303478004E6F207075626C27
:1087800069636174696F6E206D65737361676500FD
:108790004D65737361676520646F6573206E6F74D8
:1087A00020666974206D6178696D756D205344553C
:1087B0002073697A6500436C656172696E67207029
:1087C00075626C6973682072657472616E736D692D
:1087D000742074696D657200546F6F2073686F72D6
:1087E00074206D65737361676520666F72204F70CA
:1087F000436F64652030782530387800496E7661A3
:108800006C6964206D6573736167652073697A654F
:1088100020666F72204F70436F646520307825307A
:1088200038780049676E6F72696E6720524655202E
:108830004F70436F646500546F6F2073686F72747C
:10884000207061796C6F616420666F7220322D6FC9
:1088500063746574204F70436F646500546F6F20BC
:1088600073686F7274207061796C6F616420666FD9
:108870007220332D6F63746574204F70436F64658D
:1088800000556E61626C6520746F206465636F646F
:1088900065204F70436F646500496E76616C696452
:1088A00020616464726573732030782530327800FB
:1088B0004661696C65642072656164696E672063F6
:1088C0006F6D706F736974696F6E20646174613A63
:1088D0002025640062742F6D6573682F636D702F9F
:1088E00030004661696C656420746F20636C65615B
:1088F000722043445025643A2025640062742F6D31
:108900006573682F636D702F310062742F6D65730E
:10891000682F6D65746164617461004661696C659E
:108920006420746F20636C656172206D6F64656C88
:1089300073206D657461646174613A20256400621E
:10894000742F6D6573682F636D700062742F6D6591
:1089500073682F760062742F6D6573682F730062E1
:10896000745F6D6573685F61636365737300416E07
:108970006F746865722073796E6368726F6E6F755D
:1089800073206F7065726174696F6E2070656E64BC
:10899000696E670062745F6D6573685F6D73670011
:1089A000556E61626C6520746F2073656E64204B38
:1089B00065792052656672657368205374617465C9
:1089C0002053746174757300556E61626C65207418
:1089D0006F2073656E64204E6F6465204964656E18
:1089E000746974792053746174757300556E616293
:1089F0006C6520746F2073656E64204E65744B65E2
:108A0000792053746174757300556E61626C6520D2
:108A1000746F2073656E64204D6F64656C205375B0
:108A200062736372697074696F6E205374617475D8
:108A30007300556E61626C6520746F2073656E649F
:108A4000204D6F64656C205075626C696361746958
:108A50006F6E2053746174757300496E76616C6932
:108A600064204E65744B6579496E64657820307872
:108A70002530347800496E76616C6964206B722011
:108A80007068617365207472616E736974696F6E6A
:108A90002030782530327800496E76616C69642028
:108AA0004C504E416464726573733B2069676E6F0E
:108AB00072696E67206D736700556E61626C652028
:108AC000746F2073656E64204C504E20506F6C6C38
:108AD00054696D656F7574205374617475730049C2
:108AE0006E76616C6964204E6F646520494420761F
:108AF000616C75652030782530327800556E616282
:108B00006C6520746F2073656E64204E65744B65D0
:108B100079204C6973740050726F6869626974657A
:108B20006420656C656D656E742061646472657344
:108B30007300556E61626C6520746F2073656E649E
:108B40002056656E646F72204D6F64656C2053759E
:108B500062736372697074696F6E204C697374001C
:108B6000556E61626C6520746F2073656E64204D74
:108B70006F64656C20537562736372697074696F9A
:108B80006E204C697374004E6F20726F6F6D20669B
:108B90006F7220616C6C2067726F75707300496E24
:108BA00076616C69642052656C61792076616C75C0
:108BB000652030782530327800556E61626C652012
:108BC000746F2073656E642052656C6179205374F4
:108BD0006174757320726573706F6E736500556E86
:108BE00061626C6520746F2073656E6420436F6EE4
:108BF0006669672052656C6179205374617475737E
:108C000020726573706F6E736500556E61626C657E
:108C100020746F2073656E64204E6574776F726B7D
:108C2000205472616E736D6974205374617475732E
:108C30000050726F6869626974656420446566619A
:108C4000756C742054544C2076616C7565203078B6
:108C50002530327800556E61626C6520746F207328
:108C6000656E642044656661756C742054544C20B4
:108C700053746174757320726573706F6E736500E1
:108C8000496E76616C696420436F6E666967204245
:108C90006561636F6E2076616C7565203078253074
:108CA000327800556E61626C6520746F2073656E5A
:108CB0006420436F6E66696720426561636F6E2052
:108CC00053746174757320726573706F6E73650091
:108CD000556E61626C6520746F2073656E6420410F
:108CE00070704B6579204C69737400556E61626CCD
:108CF0006520746F2073656E64204E6F646520522A
:108D0000657365742053746174757300436F6E6688
:108D1000696775726174696F6E20536572766572EA
:108D2000206F6E6C7920616C6C6F77656420696E62
:108D3000207072696D61727920656C656D656E7405
:108D400000556E61626C6520746F2073656E6420DF
:108D5000467269656E642053746174757300496E60
:108D600076616C696420467269656E642076616C18
:108D70007565203078253032780053656E64696EF1
:108D800067204E6F6465205265736574205374616B
:108D9000747573206661696C656420286572722041
:108DA00025642900546865206D65737361676520CB
:108DB00073697A6520666F722074686520617070CF
:108DC0006C69636174696F6E206F70636F64652096
:108DD000697320696E636F72726563742E00556EDD
:108DE00061626C6520746F2073656E64204D6F64E2
:108DF000656C204170706C69636174696F6E204CA2
:108E0000697374206D65737361676500556E616287
:108E10006C6520746F2073656E6420436F6E6669A5
:108E200067204E6574776F726B205472616E736D3C
:108E300069742053746174757300556E61626C655A
:108E400020746F2073656E64204741545420507223
:108E50006F78792053746174757300496E76616C14
:108E6000696420474154542050726F7879207661AC
:108E70006C75652030782530327800436C69656EFA
:108E80007420747269656420746F2062696E642056
:108E90004170704B657920746F204465764B65791D
:108EA000206261736564206D6F64656C00556E614E
:108EB000626C6520746F2073656E64204D6F64650D
:108EC0006C204170702042696E6420537461747527
:108ED0007320726573706F6E736500556E61626C9E
:108EE0006520746F2073656E64204D6F64656C201F
:108EF00041707020556E62696E64205374617475A0
:108F00007320726573706F6E736500496E76616C65
:108F100069642054544C2076616C75652030782546
:108F2000303278004661696C656420746F20676533
:108F3000742043445025642C206572723A256400E5
:108F4000556E61626C6520746F2073656E64204499
:108F5000657669636520436F6D706F736974696FBF
:108F60006E2053746174757320726573706F6E73C5
:108F70006500556E61626C6520746F2073656E6468
:108F800020417070204B6579205374617475732093
:108F9000726573706F6E736500556E61626C6520EB
:108FA000746F2073656E64204865617274626561D8
:108FB00074205075626C69636174696F6E205374BC
:108FC0006174757300556E61626C6520746F2073F7
:108FD000656E6420486561727462656174205375C2
:108FE00062736372697074696F6E20537461747513
:108FF000730050726F68696269746564207375628A
:10900000736372697074696F6E20706572696F64E2
:10901000203078253032780062745F6D6573685F48
:109020006366675F73727600556E61626C6520746B
:109030006F2073656E6420417474656E74696F6E21
:10904000205374617475730050726F68696269743B
:10905000656420706572696F642076616C75652047
:109060002575004E6F204865616C746820536572E9
:1090700076657220636F6E746578742070726F7697
:1090800069646564004865616C7468205365727634
:10909000657220686173206E6F207075626C696301
:1090A0006174696F6E20737570706F727400556EA5
:1090B00061626C6520746F2073656E642048656121
:1090C0006C746820506572696F64205374617475A4
:1090D00073004661696C656420746F206765742055
:1090E0006661756C7473202865727220256429008E
:1090F0004E6F2063616C6C6261636B20666F7220DF
:1091000067657474696E67206661756C747300526C
:10911000756E6E696E67206661756C742074657318
:1091200074206661696C6564207769746820657273
:109130007220256400556E61626C6520746F207327
:10914000656E64204865616C746820437572726551
:109150006E742053746174757320726573706F6ED2
:109160007365004E6F204865616C746820536572AA
:1091700076657220617661696C61626C650062740B
:109180005F6D6573685F6865616C74685F73727644
:10919000004D657368205669727475616C20416476
:1091A0006472657373206C656E677468203D20304F
:1091B000004661696C656420746F207365742027B4
:1091C0007669727475616C2061646472657373276B
:1091D0000049676E6F7265204D657368205669722D
:1091E0007475616C20416464726573732072656686
:1091F000203D2030004F7574206F66206C616265E1
:109200006C73206275666665727300574553545FD0
:10921000544F504449522F7A65706879722F737594
:10922000627379732F626C7565746F6F74682F6DDC
:109230006573682F76612E63004E6F206D617463D5
:1092400068696E67204C6162656C20555549442001
:10925000666F72203078253034780064656C6574F0
:10926000650073746F72650062742F6D6573682F8B
:1092700056612F2578004661696C656420746F2003
:1092800025732025732076616C75652028657272C0
:10929000202564290062742F6D6573682F56610064
:1092A00062745F6D6573685F7661004F7574206FDF
:1092B00066206E6574776F726B2061647673004E02
:1092C0006F7420656E6F75676820737061636520C9
:1092D000696E20467269656E64205175657565001A
:1092E0004E6F20737061636520696E2046726965F8
:1092F0006E6420517565756500436C656172696EB9
:109300006720696E636F6D706C6574652062756649
:10931000666572732066726F6D20467269656E6451
:10932000207175657565005341522044697363610E
:1093300072642074696D656F7574206578706972E8
:1093400065640052616E206F7574206F66207265CF
:109350007472616E736D697420776974686F757467
:109360002070726F677265737320617474656D70BD
:1093700074730052616E206F7574206F6620726581
:109380007472616E736D697420617474656D70744C
:1093900073004E6F206D756C74692D7365676D6514
:1093A0006E74206D65737361676520636F6E74659D
:1093B00078747320617661696C61626C65004E6FD0
:1093C0007420656E6F7567682073706163652069CE
:1093D0006E20467269656E642051756575652066FC
:1093E0006F72202575207365676D656E7473004F0D
:1093F0007574206F66207365676D656E7420627585
:10940000666665727300546F6F2073686F727420A4
:1094100061636B206D657373616765005265636599
:10942000697665642061636B20666F722067726F76
:10943000757020736567005344552063616E6365E2
:109440006C656400546F6F206C6172676520736592
:10945000676D656E74206E756D62657220696E2031
:1094600061636B00556E68616E646C656420547254
:10947000616E734F70436F646520307825303278A9
:10948000005A65726F2D6C656E6774682053445581
:10949000206E6F7420616C6C6F776564004D65732E
:1094A0007361676520746F6F206269673A20257564
:1094B00000496E73756666696369656E74207461D0
:1094C000696C726F6F6D20666F72205472616E737B
:1094D000706F7274204D49430054544C20746F6F68
:1094E000206C6172676520286D61782031323729E0
:1094F00000496E76616C69642064657374696E619D
:1095000074696F6E206164647265737300546F6F69
:109510002073686F7274207365676D656E7465641F
:10952000206D65737361676520286C656E202575F5
:1095300029005265706C61793A207372632030782B
:1095400025303478206473742030782530347820C6
:1095500073657120307825303678005365674F2069
:1095600067726561746572207468616E2053656707
:109570004E20282575203E20257529004475706CE5
:109580006963617465205344552066726F6D207362
:109590007263203078253034780049676E6F7269C5
:1095A0006E67206F6C642053657141757468004963
:1095B0006E76616C6964207365676D656E74206694
:1095C0006F72206F6E676F696E6720736573736962
:1095D0006F6E00496E76616C696420736F7572639B
:1095E00065206F722064657374696E6174696F6E53
:1095F00020666F72207365676D656E7400496E63D7
:109600006F6E73697374656E742043544C20696E79
:10961000207365676D656E7400476F7420736567AE
:109620006D656E7420666F722063616E63656C6534
:10963000642053445500546F6F2062696720696E3F
:10964000636F6D696E6720534455206C656E677457
:1096500068004E6F20737061636520696E204672EA
:1096600069656E6420517565756520666F72202589
:1096700075207365676D656E74730049676E6F72F0
:10968000696E67206F6C6420536571417574682042
:10969000307825303678004E6F7420656E6F7567B0
:1096A00068207365676D656E747320666F722069DC
:1096B0006E636F6D696E67206D65737361676500BA
:1096C0004E6F206672656520736C6F747320666FD1
:1096D00072206E657720696E636F6D696E672073A7
:1096E00065676D656E746564206D6573736167652C
:1096F0007300546F6F206C6172676520534455206E
:109700006C656E00496E636F727265637420736579
:10971000676D656E742073697A6520666F72206D5F
:10972000657373616765207479706500556E616259
:109730006C6520616C6C6F63617465206275666630
:10974000657220666F722053656720257500546F1F
:109750006F2073686F727420534455202B204D493D
:109760004300546F6F20736D616C6C20756E736570
:10977000676D656E746564205044550062745F6D5A
:109780006573685F7472616E73706F727400556E8A
:1097900065787065637465642061647620696E73B2
:1097A00074616E6365004D657368206164766572EF
:1097B0007469736572206E6F7420656E61626C658A
:1097C0006400416476657274697365722069732000
:1097D00062757379004661696C65642075706461B7
:1097E00074696E672061647620706172616D733A8E
:1097F000202564004661696C656420736574746932
:109800006E672061647620646174613A202564008B
:109810004164766572746973696E67206661696C0C
:1098200065643A20657272202564004254204D45DB
:109830005348205751004661696C656420746F205D
:10984000736574206163636570745F6578745F61CC
:1098500064765F7061636B6574733A2025640043BE
:109860006F756C64206E6F7420616C6C6F636174D3
:109870006520636F6D6D616E6420627566666572EA
:10988000004661696C656420746F20736574207A8A
:1098900065726F2072616E646F6D6E6573733A20CE
:1098A0002564004661696C656420746F2073746F71
:1098B00070206164762025640062745F6D65736852
:1098C0005F6164765F65787400556E657870656376
:1098D0007465642076616C7565206C656E6774686C
:1098E0002028257A6420213D20257A7529004254BC
:1098F000204D6573682073657474696E6773207793
:109900006F726B710062742F6D6573680062745FB3
:109910006D6573685F73657474696E677300556E07
:1099200061626C6520746F2066696E642052504CD1
:1099300020656E74727920666F722030782530341D
:109940007800556E61626C6520746F20616C6C6F7D
:10995000636174652052504C20656E747279206684
:109960006F7220307825303478004661696C656408
:1099700020746F2073657420606E6574600062747B
:109980002F6D6573682F52504C2F25780046616902
:109990006C656420746F20636C6561722052504C5A
:1099A0000052504C2069732066756C6C2100466132
:1099B000696C656420746F2073746F7265205250F7
:1099C0004C2025732076616C75650062742F6D657F
:1099D00073682F52504C0062745F6D6573685F72DC
:1099E000706C00574553545F544F504449522F7A7E
:1099F00065706879722F7375627379732F626C75F5
:109A000065746F6F74682F6D6573682F6672696512
:109A10006E642E6300417474656D7074206F6620EF
:109A200073656E64696E6720746F2072656D6F7602
:109A3000656420667269656E6400556E61626C656E
:109A400020746F20656E636F646520467269656E71
:109A5000642055706461746500416E6F746865724E
:109A60002072657175657374206265666F7265201A
:109A700070726576696F757320636F6D706C657455
:109A800065642073656E64696E6700556E61626C13
:109A90006520746F206672656520757020656E6F35
:109AA0007567682062756666657273004E6F206622
:109AB00072656520667269656E64207365676D65A1
:109AC0006E7420525820636F6E74657874732066CC
:109AD0006F7220307825303478004661696C656497
:109AE000207570646174696E6720667269656E6462
:109AF000206372656420666F722030782530347878
:109B00000044656372797074696F6E206661696C78
:109B10006564212025640052652D656E637279703D
:109B200074696F6E206661696C656421202564002C
:109B3000456E6372797074696E67206661696C65E1
:109B400064004F62667573636174696E6720666155
:109B5000696C656400556E61626C6520746F206588
:109B60006E636F64652053756273637269707469A4
:109B70006F6E204C69737420436F6E6669726D61FD
:109B800074696F6E00467269656E647368697020EF
:109B90006C6F73742077697468203078253034785E
:109BA00000467269656E6473686970206E6F742018
:109BB00065737461626C6973686564207769746841
:109BC0002030782530347800556E61626C652074E1
:109BD0006F20616C6C6F6361746520667269656E7D
:109BE000642061647600546F6F2073686F72742014
:109BF000467269656E6420436C656172004E6F2029
:109C00006D61746368696E67204C504E20616464B6
:109C10007220307825303478004C504E20436F75D8
:109C20006E746572206F7574206F662072616E6746
:109C30006520286F6C64202575206E65772025755A
:109C40002900546F6F2073686F72742046726965C3
:109C50006E6420537562736372697074696F6E20ED
:109C60004164640050726576696F75732062756631
:109C7000666572206E6F74207965742073656E74EA
:109C800021004E6F20737061636520696E206672DB
:109C900069656E6420737562736372697074696F4D
:109CA0006E206C69737400546F6F2073686F7274E8
:109CB00020467269656E64205375627363726970C1
:109CC00074696F6E2052656D6F766500546F6F20FA
:109CD00073686F727420467269656E6420506F6C91
:109CE0006C0050726F6869626974656420286E6FD9
:109CF0006E2D7A65726F292070616464696E6720C9
:109D0000626974730050726576696F75732062754D
:109D100066666572206E6F74207965742073656E57
:109D20007400546F6F2073686F7274204672696597
:109D30006E6420436C65617220436F6E6669726D5C
:109D4000004E6F2070656E64696E6720636C65619C
:109D5000722070726F63656475726520666F722021
:109D6000307825303278004C504E20616464726542
:109D70007373206D69736D61746368202830782572
:109D800030347820213D2030782530347829004C3B
:109D9000504E20636F756E746572206D69736D61CE
:109DA000746368202830782530347820213D2030B5
:109DB00078253034782900546F6F2073686F72747F
:109DC00020467269656E6420526571756573740012
:109DD00050726F6869626974656420526563656971
:109DE000766544656C617920283078253032782991
:109DF0000050726F6869626974656420506F6C6CA2
:109E000054696D656F75742028307825303678294F
:109E10000050726F68696269746564204E756D45A3
:109E20006C656D656E74732076616C756520283085
:109E300078303029004C504E20656C656D656E742D
:109E4000732073747265746368206F7574736964CA
:109E500065206F6620756E69636173742072616E30
:109E600067650050726F68696269746564204D6946
:109E70006E696D756D2051756575652053697A65DC
:109E800020696E20467269656E6420526571756541
:109E900073740057652068617665206120746F6F68
:109EA00020736D616C6C20467269656E642051751B
:109EB0006575652073697A6520282575203C202505
:109EC0007529004E6F206672656520467269656E61
:109ED0006420636F6E746578747320666F72206E91
:109EE0006577204C504E004578697374696E672021
:109EF0004C504E2072652D72657175657374696E74
:109F00006720467269656E647368697000466169AE
:109F10006C656420746F206372656174652066727D
:109F200069656E642063726564656E7469616C73E3
:109F300000556E61626C6520746F20656E636F649E
:109F40006520467269656E64204F666665720046DC
:109F500061696C656420746F20656E636F64652051
:109F6000467269656E642062756666657200436C50
:109F7000656172696E6720696E636F6D706C657480
:109F800065207365676D656E747320666F7220302F
:109F90007825303478000A0F141962745F6D657388
:109FA000685F667269656E6400556E6B6E6F776E82
:109FB0002070726F766973696F6E696E67205044A6
:109FC0005520747970652030782530327800556ED0
:109FD0006578706563746564206D736720307825DB
:109FE00030327820213D2030782530327800496E9B
:109FF00076616C6964206C656E67746820257520D5
:10A00000666F722074797065203078253032780060
:10A010004661696C656420746F2067656E65726166
:10A020007465207075626C6963206B6579202825E2
:10A030006429004E6F2070726F766973696F6E6964
:10A040006E6720636F6E746578742070726F7669C6
:10A0500064656400010204080102040810010B0594
:10A06000400020202100013031323334353637387A
:10A07000394142434445464748494A4B4C4D4E4F6F
:10A08000505152535455565758595A4661696C6548
:10A090006420746F2073656E642050726F766973EC
:10A0A000696F6E696E67204661696C6564206D65D5
:10A0B0007373616765004661696C656420746F2025
:10A0C00073656E64206361706162696C697469654F
:10A0D00073004661696C656420746F2073656E64FB
:10A0E0002050726F766973696F6E696E6720496E72
:10A0F00070757420436F6D706C657465004661699E
:10A100006C656420746F2067656E6572617465208C
:10A1100044484B6579004E6F207075626C6963200E
:10A120006B657920617661696C61626C650046617E
:10A13000696C656420746F2073656E64205075626D
:10A140006C6963204B657900556E61626C652074A3
:10A150006F2067656E6572617465207365737369DE
:10A160006F6E206B657900556E61626C6520746F4F
:10A170002067656E65726174652073657373696FBE
:10A180006E206E6F6E636500556E61626C65207443
:10A190006F20646563727970742070726F76697372
:10A1A000696F6E696E67206461746100556E6162EB
:10A1B0006C6520746F2067656E65726174652064DC
:10A1C0006576696365206B6579004661696C6564D5
:10A1D00020746F2073656E642050726F76697369A6
:10A1E0006F6E696E6720436F6D706C6574650046B5
:10A1F00061696C656420746F2070726F7669736931
:10A200006F6E20286572722025642900556E6B6E72
:10A210006F776E20616C676F726974686D2030783B
:10A220002530327800496E76616C69642070756201
:10A230006C6963206B657920747970653A20307899
:10A240002530327800496E76616C696420617574DE
:10A2500068656E7469636174696F6E206D6574689A
:10A260006F643A203078253032783B20616374691E
:10A270006F6E3A203078253032783B2073697A65EA
:10A280003A2030782530327800556E61626C652056
:10A29000746F2067656E657261746520636F6E66AA
:10A2A00069726D6174696F6E2073616C7400556EB4
:10A2B00061626C6520746F2067656E65726174659C
:10A2C00020636F6E6669726D6174696F6E206B6575
:10A2D0007900556E61626C6520746F2067656E65EC
:10A2E000726174652072616E646F6D206E756D624F
:10A2F000657200556E61626C6520746F2067656ED3
:10A30000657261746520636F6E6669726D617469F0
:10A310006F6E2076616C7565004661696C656420BE
:10A32000746F2073656E642050726F766973696F05
:10A330006E696E6720436F6E6669726D0052616E62
:10A34000646F6D2076616C75652069732069646542
:10A350006E746963616C20746F206F7572732C204A
:10A3600072656A656374696E672E00556E61626C12
:10A370006520746F2063616C63756C617465206324
:10A380006F6E6669726D6174696F6E207665726951
:10A390006669636174696F6E00496E76616C6964A9
:10A3A00020636F6E6669726D6174696F6E2076618D
:10A3B0006C7565004661696C656420746F20676523
:10A3C0006E65726174652070726F766973696F6E05
:10A3D000696E672073616C74004661696C65642006
:10A3E000746F2073656E642050726F766973696F45
:10A3F0006E696E672052616E646F6D0057455354ED
:10A400005F544F504449522F7A65706879722F69B2
:10A410006E636C7564652F7A65706879722F7379D5
:10A42000732F627974656F726465722E680044657B
:10A430007669636520555549443A20257300627456
:10A440005F6D6573685F70726F766973696F6E6553
:10A4500065004F7574206F662070726F766973693E
:10A460006F6E696E672061647673004E6F206D6554
:10A470006D6F727920746F2073656E6420756E61E4
:10A48000636B6564205044553A2025730047697614
:10A49000696E67207570207472616E736163746990
:10A4A0006F6E004C696E6B206E6F7420616374690F
:10A4B000766500556E6578706563746564206D73AC
:10A4C0006720307825303278206F6E20696E766193
:10A4D0006C696461746564206C696E6B00496E63BD
:10A4E0006F72726563742046435300446174612047
:10A4F000666F7220756E6B6E6F776E207472616E10
:10A5000073616374696F6E20283078257820213D4F
:10A5100020307825782900496E76616C6964207353
:10A5200065676D656E7420696E64657820257500B9
:10A53000527820627566666572206F766572666C09
:10A540006F772E204D616C666F726D656420676554
:10A550006E657269632070726F76206672616D65D8
:10A560003F00496E636F7272656374206C6173742F
:10A5700020736567206C656E3A20257520213D208B
:10A58000257500556E657870656374656420786123
:10A59000637420307825782C206578706563746545
:10A5A0006420307825780049676E6F72696E672085
:10A5B0007A65726F2D6C656E6774682070726F7645
:10A5C0006973696F6E696E672050445500546F6FF0
:10A5D000206C617267652070726F766973696F6E47
:10A5E000696E67205044552028257520627974656E
:10A5F000732900546F6F20736D616C6C20746F74DD
:10A60000616C206C656E67746820666F72206D7572
:10A610006C74692D7365676D656E742050445500C8
:10A62000496E76616C6964205365674E20282575F4
:10A630002C2063616C63756C6174656420257529D9
:10A6400000546F6F2073686F727420626561726569
:10A6500072206F70656E206D657373616765202869
:10A660006C656E2025752900556E6B6E6F776E20B8
:10A67000626561726572206F70636F64653A203045
:10A68000782530327800546F6F20626967206D65DD
:10A69000737361676500546F6F2073686F72742005
:10A6A00070726F766973696F6E696E67207061632F
:10A6B0006B657420286C656E2025752900546F6FBA
:10A6C0002073686F727420475043206D6573736107
:10A6D000676520747970652025750062745F6D650B
:10A6E00073685F70625F61647600446174612066C4
:10A6F0006F7220756E657870656374656420636F32
:10A700006E6E656374696F6E0062745F6D65736809
:10A710005F70625F67617474004E6F2050422D4716
:10A7200041545420436C69656E7420666F756E6485
:10A7300000436C69656E742077726F7465203078A1
:10A740002530347820696E737465616420656E61AC
:10A75000626C696E67206E6F7469667900556E6809
:10A76000616E646C6564204D657373616765205428
:10A770007970652030782530327800546F6F2073FF
:10A780006D616C6C2050726F787920504455005088
:10A79000726F787920504455207479706520646F09
:10A7A00065736E2774206D6174636820474154544B
:10A7B000207365727669636500546F6F206C6F6EED
:10A7C000672055524920746F206669742061647651
:10A7D0006572746973696E67207061636B6574007C
:10A7E00062745F6D6573685F70625F676174745FE8
:10A7F00073727600556E61626C6520746F207265AD
:10A80000676973746572204D6573682050726F7844
:10A8100079205365727669636520286572722025F8
:10A82000642900456E636F64696E672050726F78AB
:10A830007920636667206D65737361676520666163
:10A84000696C656420286572722025642900466160
:10A85000696C656420746F2073656E642070726F1C
:10A86000787920636667206D65737361676520285A
:10A870006572722025642900574553545F544F5028
:10A880004449522F7A65706879722F7375627379B3
:10A89000732F626C7565746F6F74682F6D65736864
:10A8A0002F70726F78795F7372762E6300466169DC
:10A8B0006C656420746F2061647665727469736579
:10A8C000207573696E672074797065203078253043
:10A8D0003278202865727220256429004661696CEF
:10A8E000656420746F206465636F64652050726FC7
:10A8F000787920436F6E66696775726174696F6EEF
:10A9000020286572722025642900546F6F207368B7
:10A910006F72742070726F787920636F6E666967EA
:10A9200075726174696F6E2050445500546F6F20CA
:10A9300073686F72742046696C7465722053657415
:10A94000206D6573736167650050726F6869626935
:10A950007465642046696C74657220547970652052
:10A9600030782530327800556E68616E646C6564AD
:10A9700020636F6E66696775726174696F6E204FD0
:10A9800070436F64652030782530327800456E6101
:10A99000626C696E6720474154542070726F7879F9
:10A9A000206661696C6564202865727220256429BF
:10A9B00000436F756C64206E6F742066696E64204E
:10A9C0007375626E657420746F206164766572744D
:10A9D000697365004661696C656420746F20616409
:10A9E00076657274697365207573696E67204E654C
:10A9F00074776F726B204944202865727220256439
:10AA00002900556E65787065637465642070726F97
:10AA1000787920616476206576743A202564004157
:10AA200064766572746973696E672070726F787985
:10AA3000206661696C656420286572723A2025641D
:10AA4000290062745F6D6573685F6761747400509C
:10AA5000726F7879205341522074696D656F7574F7
:10AA600000574553545F544F504449522F7A6570F4
:10AA70006879722F7375627379732F626C75657460
:10AA80006F6F74682F6D6573682F70726F78795F60
:10AA90006D73672E630050726F787920726F6C65EA
:10AAA00020627566666572206F766572666C6F7778
:10AAB00000436F6D706C6574652050445520776855
:10AAC000696C6520612070656E64696E6720696ECF
:10AAD000636F6D706C657465206F6E65004669729A
:10AAE000737420504455207768696C65206120702C
:10AAF000656E64696E6720696E636F6D706C6574F6
:10AB000065206F6E6500436F6E74696E7561746960
:10AB10006F6E2077697468206E6F207072696F7233
:10AB2000206461746100556E657870656374656456
:10AB3000206D657373616765207479706520696E37
:10AB400020636F6E74696E756174696F6E004C611D
:10AB50007374205341522050445520776974682003
:10AB60006E6F207072696F72206461746100556E3F
:10AB70006578706563746564206D6573736167657E
:10AB8000207479706520696E206C61737420534164
:10AB90005220504455004661696C656420746F20F2
:10ABA00073656E642070726F7879206D6573736160
:10ABB00067652028657272202564290062745F6DC4
:10ABC0006573685F70726F78790052656675736936
:10ABD0006E6720746F20616C6C6F63617465206DAB
:10ABE00065737361676520636F6E74657874207731
:10ABF00068696C652073757370656E646564005078
:10AC0000757267652070656E64696E672064656C37
:10AC1000617961626C65206D6573736167652E0093
:10AC20004E6F20617661696C61626C652066726549
:10AC3000652064656C617961626C65206D65737314
:10AC400061676520636F6E746578742E00556E6160
:10AC5000626C6520616C6C6F636174652025752082
:10AC60006368756E6B732C20616C6C6F63617465C7
:10AC700064202575004E6F20617661696C61626C9D
:10AC800065206368756E6B206D656D6F72792E003F
:10AC900062745F6D6573685F64656C617961626C35
:10ACA000655F6D7367004661696C656420746F2031
:10ACB000637265617465207075626C69632F707270
:10ACC00069766174652070616972005075626C69A3
:10ACD00063206B6579206973206E6F742076616CD8
:10ACE00069640044484B65792067656E65726174DC
:10ACF000696F6E206661696C65640062745F6D6582
:10AD000073685F63727970746F5F74630057455343
:10AD1000545F544F504449522F7A65706879722FAE
:10AD2000647269766572732F636C6F636B5F636FB8
:10AD30006E74726F6C2F636C6F636B5F636F6E7496
:10AD4000726F6C5F6E72662E6300636C6F636B4034
:10AD50003430303030303030006866636C6B006CFB
:10AD600066636C6B00636C6F636B5F636F6E7472B2
:10AD70006F6C00574553545F544F504449522F7ADB
:10AD800065706879722F647269766572732F656E6B
:10AD900074726F70792F656E74726F70795F6E72F6
:10ADA00066352E630072616E646F6D4034303030F2
:10ADB0006430303000656E74726F70795F62745FFA
:10ADC00068636900696E76616C69642061646472AD
:10ADD0006573733A2030782530386C783A257A7567
:10ADE00000756E616C69676E65642061646472658C
:10ADF00073733A2030782530386C783A257A7500AC
:10AE00006E6F7420776F72642D616C69676E656414
:10AE10003A2030782530386C783A257A7500666C9F
:10AE20006173682D636F6E74726F6C6C6572403401
:10AE30003030316530303000666C6173685F6E723F
:10AE40006600574553545F544F504449522F7A651A
:10AE5000706879722F696E636C7564652F7A65709E
:10AE60006879722F647269766572732F6770696F83
:10AE70002F6770696F5F7574696C732E6800574532
:10AE800053545F544F504449522F6D6F64756C6535
:10AE9000732F68616C2F6E6F726469632F6E7266B8
:10AEA000782F68616C2F6E72665F6770696F2E68AD
:10AEB00000574553545F544F504449522F7A6570A0
:10AEC0006879722F647269766572732F6770696F23
:10AED0002F6770696F5F6E7266782E6300677069A6
:10AEE0006F403530303030333030006770696F403C
:10AEF00035303030303030300000010203040506B8
:10AF0000074661696C656420746F20616C6C6F63C7
:10AF100061746520505049204368616E6E656C0015
:10AF200075617274403430303032303030007561C9
:10AF300072745F6E7266785F7561727465005745F2
:10AF400053545F544F504449522F7A657068797258
:10AF50002F696E636C7564652F7A65706879722FDE
:10AF6000647269766572732F6770696F2E68004C22
:10AF7000454420696E646578206F7574206F662083
:10AF80007468652072616E67650043616E6E6F74F0
:10AF90002072656164206770696F2070696E00437C
:10AFA000616E6E6F74207772697465204C45442021
:10AFB0006770696F004750494F2049525120636FB5
:10AFC0006E666967206661696C65642C20657272C3
:10AFD0003A202564004661696C6564206469736188
:10AFE000626C696E6720696E7465727275707473D5
:10AFF0000043616E6E6F742064697361626C6520DA
:10B0000063616C6C6261636B730043616E6E6F743D
:10B0100020656E61626C652063616C6C6261636B5C
:10B02000730043616E6E6F7420636F6E666967753F
:10B030007265204C4544206770696F0043616E6EF5
:10B040006F7420636F6E66696775726520627574D0
:10B05000746F6E206770696F0043616E6E6F74204D
:10B0600064697361626C652063616C6C6261636BBF
:10B070007328290043616E6E6F74206164642063DD
:10B08000616C6C6261636B00646B5F627574746F9A
:10B090006E735F616E645F6C6564730052657365A7
:10B0A0007474696E672073797374656D006661747A
:10B0B000616C5F6572726F7200574553545F544FF5
:10B0C000504449522F7A65706879722F696E636CAB
:10B0D0007564652F7A65706879722F647269766518
:10B0E00072732F656E74726F70792E6800574553B6
:10B0F000545F544F504449522F6E72662F737562DD
:10B100007379732F626C7565746F6F74682F636FDA
:10B110006E74726F6C6C65722F6863695F647269BC
:10B120007665722E6300574553545F544F5044491F
:10B13000522F6E72662F696E636C7564652F6D7029
:10B14000736C2F6D70736C5F776F726B2E6800532A
:10B150006F667444657669636520436F6E74726FC1
:10B160006C6C6572204153534552543A2025732C20
:10B1700020256400536F66744465766963652043D7
:10B180006F6E74726F6C6C6572206275696C64208E
:10B190007265766973696F6E3A2000456E74726FDE
:10B1A000707920736F757263652064657669636575
:10B1B000206E6F74207265616479004661696C6508
:10B1C0006420746F207265676973746572207261A0
:10B1D0006E6420736F7572636520282564290041B1
:10B1E0006C6C6F6361746564206D656D6F7279203E
:10B1F000746F6F206C6F773A202575203C20257581
:10B20000004E6F206576656E7420627566666572A5
:10B2100020617661696C61626C65004E6F206461CB
:10B2200074612062756666657220617661696C6121
:10B23000626C65004576656E74206275666665723F
:10B2400020746F6F20736D616C6C2E202575203E0D
:10B2500020257500556E6578706563746564206D92
:10B2600073675F747970653A2025752E205468697C
:10B27000732069662D656C7365206E656564732047
:10B2800061206E6577206272616E63680062745F30
:10B290006863695F7364630062745F7364635F68AB
:10B2A00063695F6472697665720062745F73646378
:10B2B0005F63727970746F007075626C6963206B84
:10B2C0006579206973206E6F742076616C696420E3
:10B2D000286572722025642900556E6B6E6F776E3B
:10B2E00020636F6D6D616E64003F49F6D4A3C55F46
:10B2F0003874C9B3E3D2103F504AFF607BEB40B7CC
:10B30000995899B8A6CD3C1ABD62745F7364635FA7
:10B31000656364680062745F6D6573685F6D6F6418
:10B32000004F4F4220537472696E673A2025730AAA
:10B33000004F4F42204E756D6265723A2025750AA6
:10B3400000646B5F62745F6D6573685F70726F76C7
:10B3500000574553545F544F504449522F6E726604
:10B360002F7375627379732F6D70736C2F696E69AB
:10B37000742F6D70736C5F696E69742E63004D502D
:10B38000534C204153534552543A2025732C2025C9
:10B3900064004D50534C20576F726B006D70736C8E
:10B3A0005F696E697400574553545F544F50444968
:10B3B000522F6E72662F647269766572732F6D708C
:10B3C000736C2F636C6F636B5F636F6E74726F6C03
:10B3D0002F6E7266785F636C6F636B5F6D70736CFA
:10B3E0002E6300574553545F544F504449522F6EBB
:10B3F00072662F647269766572732F6D70736C2F2D
:10B40000666C6173685F73796E632F666C617368D5
:10B410005F73796E635F6D70736C2E63006D707314
:10B420006C5F74696D65736C6F745F73657373695A
:10B430006F6E5F6F70656E206661696C65643A203F
:10B44000256400666C6173685F73796E635F6D700D
:10B45000736C00574553545F544F504449522F6DFD
:10B460006F64756C65732F68616C2F6E6F726469A1
:10B47000632F6E7266782F68616C2F6E72665F67DD
:10B4800070696F74652E6800574553545F544F5070
:10B490004449522F6D6F64756C65732F68616C2F12
:10B4A0006E6F726469632F6E7266782F647269764C
:10B4B0006572732F7372632F6E7266785F6770693F
:10B4C0006F74652E630000202A2A2A2A2A2A2A2A33
:10B4D0002A2A2A2A2A2A0001574553545F544F50DA
:10B4E0004449522F6D6F64756C65732F68616C2FC2
:10B4F0006E6F726469632F6E7266782F64726976FC
:10B500006572732F7372632F6E7266785F6E766DDD
:10B51000632E63005465726D696E616C00000000FB
:10B5200000000054545220524547474553005745A8
:10B5300053545F544F504449522F7A657068797262
:10B540002F6B65726E656C2F6465766963652E631B
:10B5500000556E6B6E6F776E206572726F72003E73
:10B560003E3E205A455048595220464154414C20B5
:10B570004552524F522025643A202573206F6E2089
:10B58000435055202564004661756C7420647572C3
:10B59000696E6720696E7465727275707420686177
:10B5A0006E646C696E670A0043757272656E742012
:10B5B0007468726561643A2025702028257329001B
:10B5C000574553545F544F504449522F7A65706821
:10B5D00079722F6B65726E656C2F666174616C2E6B
:10B5E000630043505520657863657074696F6E0021
:10B5F000556E68616E646C656420696E7465727204
:10B6000075707400537461636B206F766572666C3D
:10B610006F77004B65726E656C206F6F7073004BB7
:10B6200065726E656C2070616E6963005745535496
:10B630005F544F504449522F7A65706879722F6B6E
:10B6400065726E656C2F696E69742E63006F73008E
:10B65000574553545F544F504449522F7A65706890
:10B6600079722F6B65726E656C2F6B686561702ED9
:10B670006300574553545F544F504449522F7A65E5
:10B68000706879722F6B65726E656C2F6D656D5F7A
:10B69000736C61622E6300574553545F544F50449E
:10B6A00049522F7A65706879722F6B65726E656C7E
:10B6B0002F69646C652E6300574553545F544F5097
:10B6C0004449522F7A65706879722F6B65726E6586
:10B6D0006C2F6D757465782E6300574553545F5415
:10B6E0004F504449522F7A65706879722F6B65729A
:10B6F0006E656C2F73656D2E6300737973776F724F
:10B700006B7100574553545F544F504449522F7A40
:10B7100065706879722F6B65726E656C2F776F72CA
:10B720006B2E6300574553545F544F504449522F7A
:10B730007A65706879722F6B65726E656C2F7468AC
:10B74000726561642E6300574553545F544F5044F3
:10B7500049522F7A65706879722F6B65726E656CCD
:10B760002F696E636C7564652F6B746872656164B4
:10B770002E6800574553545F544F504449522F7A16
:10B7800065706879722F6B65726E656C2F73636874
:10B7900065642E6300574553545F544F50444952DB
:10B7A0002F7A65706879722F6B65726E656C2F6980
:10B7B0006E636C7564652F6B73636865642E6800D7
:10B7C000574553545F544F504449522F7A6570681F
:10B7D00079722F6B65726E656C2F74696D65736C11
:10B7E0006963696E672E6300574553545F544F5029
:10B7F0004449522F7A65706879722F6B65726E6555
:10B800006C2F74696D656F75742E630057455354C2
:10B810005F544F504449522F7A65706879722F6B8C
:10B8200065726E656C2F706F6C6C2E63005745539C
:10B83000545F544F504449522F7A65706879722F83
:10B840006B65726E656C2F6D656D706F6F6C2E63BE
:10B85000002D79A1C86A40B73CF674F90B22D3C415
:10B8600080747282BA00FFFFFFFF1F00647261677D
:10B870006F6F6E2F6C6962732F7363686564756C8C
:10B88000696E672F7372632F72656D5F68616C5F9D
:10B890006576656E745F74696D65722E6300286EDF
:10B8A000756C6C29002A666C6F61742A00000000B8
:10B8B800FFFFFFFFFF1F00001F0000000000000047
:10B8C8007FFE0000E4070000DD50000000000000DB
:10B8D800FFFFFFFF1FFF0000BAABBABA101010102D
:10B8E800A0354D00FF000000C40900000000000062
:10B8F8000080004000000000000000000C00000074
:10B908000000000000FF7F000000000000000000B1
:10B91800000000000000000000000000000000001F
:10B9280000000000FD3C00003D4C0000853F000089
:10B93800AD530000B53C0000F55200006D51000009
:10B94800B53C0000B53C000005520000B53C0000C5
:10B958000D510000B53C0000B53D0000B53C0000AD
:10B968002D3F0000B53C0000495500002D55000052
:10B97800C54F000059500000AD500000B53C000014
:10B98800894A0000153D0000053E0000053E000004
:10B99800A1480000055A0000B13F0000A95F00005F
:10B9A800E55F00002D4700000000000085550000FD
:10B9B800680500207805002034050020A405002033
:10B9C8009005002091440000293E000069520000C3
:10B9D80011500000000000000000000000000000FE
:10B9E800000000000000000000000000000000004F
:10B9F80000000000F99E0000000000009B6F01009D
:10BA0800000000008D6F0100000000007D6F010044
:10BA180000000000E36F010000000000559F0000D7
:10BA280000000000E76F01000000000000000000B7
:10BA380000000000000000000000000000000000FE
:10BA480000000000000000000000000000000000EE
:10BA580000000000000000000000000000000000DE
:10BA680000000000000000000000000000000000CE
:10BA780000000000000000000000000000000000BE
:10BA880000000000000000000000000000000000AE
:10BA9800000000000000000000000000000000009E
:10BAA800000000000000000000000000000000008E
:10BAB800000000000000000000000000000000007E
:10BAC800000000000000000000000000000000006E
:10BAD800000000000000000000000000000000005E
:10BAE800000000000000000000000000000000004E
:10BAF800000000000000000000000000000000003E
:10BB0800000000000000000000000000000000002D
:10BB1800000000000000000000000000000000001D
:10BB2800000000000000000000000000000000000D
:10BB380000000000000000000000000000000000FD
:10BB480000000000000000000000000000000000ED
:10BB580000000000000000000000000000000000DD
:10BB680000000000000000000000000000000000CD
:10BB780000000000000000000000000000000000BD
:10BB880000000000000000000000000000000000AD
:10BB9800000000000000000000000000000000009D
:10BBA800000000000000000000000000000000008D
:10BBB800000000000000000000000000000000007D
:10BBC800000000000000000000000000000000006D
:10BBD800000000000000000000000000000000005D
:10BBE800000000000000000000000000000000004D
:10BBF800000000000000000000000000000000003D
:10BC0800000000000000000000000000000000002C
:10BC1800000000000000000000000000000000001C
:10BC2800000000000000000000000000000000000C
:10BC380000000000000000000000000000000000FC
:10BC480000000000000000000000000000000000EC
:10BC580000000000000000000000000000000000DC
:10BC680000000000000000000000000000000000CC
:10BC780000000000000000000000000000000000BC
:10BC880000000000000000000000000000000000AC
:10BC9800A40800203195010037950100399501006D
:10BCA800639501003D9501006D95010043950100E4
:10BCB80079950100499501007F9501004B95010098
:10BCC800599501005D9501004F95010055950100BA
:10BCD8006995010073950100FC4104000100000012
:10BCE800000000000000000000000000000000004C
:10BCF800000000000000000080120020000000008A
:10BD0800000000000000000000000000000000002B
:10BD1800000000000000000000000000000000001B
:10BD2800000000000000000000000000000000000B
:10BD3800000000004842040000000000000000006D
:10BD480000000000000000000000000000000000EB
:10BD580000000000000000000000000000000000DB
:10BD680000000000000000000000000000000000CB
:10BD78000D9D010000000000000000000000000010
:10BD880000000000000000000000000000000000AB
:10BD9800000000000000000000000000000000009B
:10BDA800000000000000000000000000000000008B
:10BDB800000000000000000000000000000000007B
:10BDC800000000000000000000000000000000006B
:10BDD800000000000000000000000000000000005B
:10BDE800000000000000000000000000000000004B
:10BDF800000000000000000000000000000000003B
:10BE0800000000000000000000000000000000002A
:10BE180000000000000000000D9D0100000000006F
:10BE2800000000000000000000000000000000000A
:10BE380000000000000000000000000000000000FA
:10BE480000000000000000000000000000000000EA
:10BE580000000000000000000000000000000000DA
:10BE680000000000000000000000000000000000CA
:10BE780000000000000000000000000000000000BA
:10BE880000000000000000000000000000000000AA
:10BE9800000000000000000000000000000000009A
:10BEA800000000000000000000000000000000008A
:10BEB800000000000000000000000000000000007A
:10BEC8000D9D0100000000000000000000000000BF
:10BED800000000000000000000000000000000005A
:10BEE800000000000000000000000000000000004A
:10BEF800000000000000000000000000000000003A
:10BF08000000000000000000000000000000000029
:10BF18000000000000000000000000000000000019
:10BF28000000000000000000000000000000000009
:10BF380000000000000000000000000000000000F9
:10BF480000000000000000000000000000000000E9
:10BF580000000000000000000000000000000000D9
:10BF680000000000000000000D9D0100000000001E
:10BF780000000000000000000000000000000000B9
:10BF880000000000000000000000000000000000A9
:10BF98000000000000000000000000000000000099
:10BFA8000000000000000000000000000000000089
:10BFB8000000000000000000000000000000000079
:10BFC8000000000000000000000000000000000069
:10BFD8000000000000000000000000000000000059
:10BFE8000000000000000000000000000000000049
:10BFF8000000000000000000000000000000000039
:10C008000000000000000000000000000000000028
:10C018000000000000000000000000000000000018
:10C028000000000000000000000000000000000008
:10C0380000000000000000000000000000000000F8
:10C0480000000000000000000000000000000000E8
:10C0580000000000000000000000000000000000D8
:10C0680000000000000000000000000000000000C8
:10C0780000000000000000000000000000000000B8
:10C0880000000000000000000000000000000000A8
:10C098000000000000000000000000000000000098
:10C0A800000000004902020000000000000000003B
:10C0B8000000000000000000000000000000000078
:10C0C8000000000000000000000000000000000068
:10C0D8000000000000000000000000000000000058
:10C0E8000000000000000000000000000000000048
:10C0F8000000000000000000000000000000000038
:10C108000000000000000000000000000000000027
:10C118000000000000000000000000000000000017
:10C128000000000000000000000000000000000007
:10C1380000000000000000000000000000000000F7
:10C1480000000000000000000000000000000000E7
:10C158008837040000000000000000000000000014
:10C1680000000000000000000000000000000000C7
:10C1780000000000000000000000000000000000B7
:10C1880000000000000000000000000000000000A7
:10C198000000000000000000000000000000000097
:10C1A8000000000000000000000000000000000087
:10C1B8000000000000000000000000000000000077
:10C1C8000000000000000000000000000000000067
:10C1D8000000000000000000000000000000000057
:10C1E8000000000000000000000000000000000047
:10C1F8000000000000000000000000000000000037
:10C208000000000000000000000000000000000026
:10C218000000000000000000000000000000000016
:10C228000000000000000000000000000000000006
:10C2380000000000000000000000000000000000F6
:10C2480000000000000000000000000000000000E6
:10C2580000000000000000000000000000000000D6
:10C2680000000000000000000000000000000000C6
:10C2780000000000000000000000000000000000B6
:10C2880000000000000000000000000000000000A6
:10C298000000000000000000000000000000000096
:10C2A8000000000000000000000000000000000086
:10C2B8000000000000000000000000000000000076
:10C2C8000000000000000000000000000000000066
:10C2D8000000000000000000000000000000000056
:10C2E8000000000000000000000000000000000046
:10C2F8000000000000000000000000000000000036
:10C308000000000000000000000000000000000025
:10C318000000000000000000000000000000000015
:10C328000000000000000000000000000000000005
:10C3380000000000000000000000000000000000F5
:10C3480000000000000000000000000000000000E5
:10C35800000000003C000000000000000000000099
:10C3680000000000000000000000000000000000C5
:10C3780000000000000000000000000000000000B5
:10C3880000000000000000000000000000000000A5
:10C398000000000000000000050202070102090376
:10C3A800010105000000000000000000A9190300B9
:10C3B8000000000000010000000000000000000074
:10C3C8000000000000000000000000000000000065
:10C3D8000000000000000000000000000000000055
:10C3E80000000000000000000000000010160020FF
:10C3F8000000000000000000000000000000000035
:10C408000000000000000000000000000000000024
:10C418000000000000000000000000000000000014
:10C428000000000000000000000000000000000004
:10C4380000000000000000000000000000000000F4
:10C4480000000000000000000000000000000000E4
:10C4580000000000000000000000000000000000D4
:10C4680000000000000000000000000000000000C4
:10C4780000000000000000000000000000000000B4
:10C4880000000000000000000000000000000000A4
:10C498000000000000000000000000000D2C030058
:10C4A8000000000000010000000000000000000083
:10C4B8000000000000000000000000000000000074
:10C4C8000000000000000000000000000000000064
:10C4D8000000000000000000000000000000000054
:10C4E80000000000D53C030000000000000100002F
:10C4F8000000000000000000000000000000000034
:10C508000000000000000000000000000000000023
:10C51800BD9D010000000000D06300200100030061
:10C52800F811002048420400CA63002002000100FC
:10C53800C811002048420400C6630020030001001F
:10C548009811002048420400C26300200400010042
:10C5580068110020484204000110000090110020DA
:10C56800A80B00204018002001000000C063002034
:10C578000100000014540020304F04001C4F040038
:10C5880000000000780B002001100000C0110020FE
:10C59800000B00204218002001000000C4630020A6
:10C5A8000100000018540020304F04001C4F040004
:10C5B80000000000D00A002001100000F011002047
:10C5C800580A00204418002001000000C863002019
:10C5D800010000001C540020304F04001C4F0400D0
:10C5E80000000000280A0020000000002C54002051
:10C5F800000000004A18002001000000D06300205D
:10C608000000000028540020BC480400A84804008A
:10C618000200000078120020F008002048180020CE
:10C6280001000000CE630020010000002454002017
:10C63800104B0400FC4A0400011000007012002096
:10C64800B00900204618002001000000CC6300203B
:10C658000100000020540020304F04001C4F04004B
:10C6680000000000800900200000000040090020B0
:10C6780090D200200000040090D20020CFC7030011
:10C68800E5D00300D84204000000000081CC01007E
:10C69800000000006BD403000000000019D4030060
:10C6A800104304001927040000000000ABEB03004E
:10C6B8000000000000000000000000006DE901001B
:10C6C80000000000000000000000000075F30300F7
:10C6D8000000000000000000000000002DF1010033
:10C6E8000000000000000000706500200000E50068
:10C6F800706500200000000009280200000000000A
:10C7080000000000000000000520020000000000FA
:10C718000000000024130020241300200000000063
:10C728000000000055360200294602000000000003
:10C7380000000000000000001D3E0200EF000400A1
:10C748001B0004004936020000000000CC50040021
:10C7580000000200D850040000000A00E85004005D
:10C7680000002000000000000000000000000000A1
:10C77800000000003105040000000000FC50040027
:10C7880000000200085104000000020014510400D7
:10C7980000000200FFFF0000000000000000000091
:10C7A8000000000000000000000000000000000081
:10C7B8000000000000000000000000000000000071
:10C7C8000000000000000000000000000000000061
:10C7D8000000000000000000000000000000000051
:10C7E8000000000000000000000000000000000041
:10C7F8000000000000000000000000000000000031
:10C808000000000000000000000000000000000020
:10C818000000000000000000000000000000000010
:10C828000000000000000000000000000000000000
:10C8380000000000000000000000000000000000F0
:10C8480000000000000000000000000000000000E0
:10C8580000000000000000000000000000000000D0
:10C8680000000000000000000000000000000000C0
:10C8780000000000000000000000000000000000B0
:10C8880000000000000000000000000000000000A0
:10C898000000000000000000000000000000000090
:10C8A8000000000000000000000000000000000080
:10C8B80000000000BF170400000000000000000096
:10C8C800B8D2002000000B00B8D2002094D200207B
:10C8D8000000240094D20020110000000000000095
:10C8E8000000000000000000000000000000000040
:10C8F800C9EC020000000000000000000000000079
:10C90800000000000000000000000000000000001F
:10C91800020000000000000000000000000000000D
:10C928000000000000000000C9EC02000000000048
:10C9380000000000000000000000000000000000EF
:10C9480000000000000000000200000000000000DD
:10C9580000000000000000000000000000000000CF
:10C96800C9EC020000000000000000000000000008
:10C9780000000000000000000000000000000000AF
:10C988000800000000000000000000000000000097
:10C998000000000000000000C9EC020000000000D8
:10C9A800000000000000000000000000000000007F
:10C9B800000000000000000004000000000000006B
:10C9C800000000000000000000000000000000005F
:10C9D800C9EC020000000000000000000000000098
:10C9E800000000000000000000000000000000003F
:10C9F80000000000D5120300000000000000000045
:10CA0800C3D2002000004100C3D200202816002015
:10CA1800060000000000000044510400070604005E
:10CA28000000000040510400000001003C510400D7
:10CA38004907040000000000A816002000000100BB
:10CA48003451040000000000A52903000000000084
:10CA580000000200305104004907040000000000F3
:10CA6800A01600200000010028510400000000006A
:10CA78000000000000000000000000002451040035
:10CA880059060400714F0200B01600200000030090
:10CA98002C5104000000100038510400000004006C
:10CAA8000000000000000000000000002125040034
:10CAB8004929030000000000D416002006000000E9
:10CAC8000000000068510400070604000000000090
:10CAD800645104000000010060510400490704008B
:10CAE8000000000054170020000001005851040005
:10CAF80000000000093203000000000000000200EE
:10CB08005451040049070400000000004C1700209D
:10CB1800000001004C51040000000000000000006B
:10CB280000000000000000004851040059060400FD
:10CB3800714F02005C1700200000030050510400F0
:10CB4800000010005C510400000004000000000018
:10CB580000000000000000002D250400652E0300E1
:10CB680000000000000000000000000000000000BD
:10CB780000000000000000000000000000000000AD
:10CB8800000000000000000000000000000000009D
:10CB9800FD2B030000000000000000000000000062
:10CBA800000000000000000000000000000000007D
:10CBB800000000000000000000000000000000006D
:10CBC800000000000000000000000000000000005D
:10CBD800000000000000000000000000000000004D
:10CBE800000000000000000000000000000000003D
:10CBF800000000000000000000000000000000002D
:10CC08000000000008000000FF0000000000000015
:10CC18000300000000000000FFFFFFFFFFFF01000E
:10CC2800301800203018002038180020381800204C
:10CC3800FFFFFFFFFFFFFFFFFFFFFFFFFFFFFFFFFC
:10CC480000000000000000000000000000000000DC
:10CC580000000000000000000000000000000000CC
:10CC68000000000027180627180000000000000038
:10CC78000000000000000000000000281806281826
:10CC88000628180000000000000000000000000056
:10CC9800000000000100000000000000000000008B
:05CCA800000000000087
:10CCB0000000000000000000000000000000000074
:10CCC0000000000000000000000000000000000064
:10CCD0000000000000000000000000000000000054
:10CCE0000000000000000000000000000000000044
:10CCF00000000000000000000019002000190020C2
:10CD000000000000E8C20020000000000100000058
:10CD10003000000000000000201900202019002031
:10CD20000000000080A800200000000001000000BA
:10CD3000B800000000000000401900204019002049
:10CD40000000000058C300200000000002000000A6
:10CD50003C00000000000000601900206019002065
:10CD60000000000028C600200000000006000000AF
:10CD70003C00000000000000801900208019002005
:10CD80000000000090C70020000000000300000029
:10CD90002400000000000000A0190020A0190020BD
:10CDA00000000000D0C30020000000000A000000C6
:10CDB0003C00000000000000C0190020C019002045
:10CDC0000000000018C30020000000000400000064
:10CDD0001000000000000000E0190020E019002011
:10CDE00000000000FCC70020000000004000000020
:10CDF0000C00000000000000001A0020001A0020B3
:10CE000000000000000000000E000000141A0020C6
:10CE1000141A002000000000000000000E000000B6
:10CE2000281A0020281A002000000000000000003E
:10CE30000E0000003C1A00203C1A002000000000F8
:10CE4000010000004C1A00204C1A0020541A002047
:10CE5000541A002000000000FFFFFFFF641A0020AA
:10CE6000641A002000000000000000000000000024
:10CE7000781A0020781A0020801A0020801A0020DA
:10CE8000000000000000000000000000941A0020D4
:10CE9000941A00209C1A00209C1A00200000000018
:10CEA0000000000000000000B01A0020B01A0020AE
:10CEB000B81A0020B81A002000000000000000008E
:10CEC00000000000CC1A0020CC1A0020D41A002048
:10CED000D41A002000000000000000000000000044
:10CEE000E81A0020E81A0020F01A0020F01A0020AA
:10CEF0000000000008000800100000000000000012
:10CF00006446040058C0002000000000000000003B
:10CF1000000000001C1B00201C1B0020241B002004
:10CF2000241B00200000000004000400100000008A
:10CF3000653C02000C47040048C2002000000000CD
:10CF40000000000000000000501B0020501B0020CB
:10CF5000581B0020581B0020000000001400140083
:10CF600001000000000000002845040050B9002026
:10CF7000000000000000000000000000841B0020F2
:10CF8000841B00208C1B00208C1B00200000000054
:10CF90000100010010000000A51E0200544604001C
:10CFA000E0BE0020000000000000000000000000C3
:10CFB000B81B0020B81B0020C01B0020C01B002095
:10CFC0000000000022002200040000000000000019
:10CFD000044C0400D8CE0020000000000000000037
:10CFE00000000000EC1B0020EC1B0020F41B0020C4
:10CFF000F41B0020000000000200020001000000FD
:10D000000000000020460400A8BE00200000000030
:10D010000000000000000000201C0020201C002058
:10D02000281C0020281C0020000000000A000A0024
:10D030000600000000000000184504004CB300206A
:10D04000000000000000000000000000541C002050
:10D05000541C00205C1C00205C1C00200000000010
:10D06000010001000100000000000000384504003C
:08D0700084BC002015E015E06E
:00000001FF
